wall_seconds,game_seconds,frame_ms,active_enemies,kills,spawned,player_x,player_z,gc_bytes,main_thread_ns,total_used_memory_bytes,draw_calls,triangles
0.085205,0.000000,85.204850,0,0,0,0.49006,0.00050,48044,0,284528496,-1,45442
0.158688,0.133911,73.482810,2,0,2,1.15960,0.00050,6110,72798116,285105475,-1,45354
0.167066,0.199677,8.378692,2,0,2,1.48845,0.00050,128,9726731,284961702,-1,156074
0.230062,0.216431,62.995310,2,0,2,1.57225,0.00050,168,62827385,284832555,-1,156074
0.296555,0.266602,66.493230,2,0,2,1.82310,0.00050,128,66074000,274846087,-1,156074
0.361469,0.333405,64.914460,2,0,2,2.15711,0.00050,128,64648385,274840879,-1,156074
0.424340,0.400192,62.870230,2,0,2,2.49109,0.00050,128,63036384,274840799,-1,156074
0.489067,0.467026,64.727350,2,0,2,2.82525,0.00050,168,64410308,274844514,-1,82270
0.551425,0.533859,62.358070,2,0,2,3.15943,0.00050,208,62421577,274843966,-1,82270
0.614010,0.600693,62.585460,2,0,2,3.49360,0.00050,208,62656846,274843770,-1,82270
0.677486,0.650803,63.476000,3,0,3,3.74413,0.00050,1728,63388423,275746084,-1,82270
0.739849,0.717621,62.362380,3,0,3,4.07824,0.00050,248,62337038,275745044,-1,156074
0.803437,0.784424,63.588650,3,0,3,4.41229,0.00050,208,63445807,275744868,-1,156074
0.867375,0.851257,63.937890,3,0,3,4.74645,0.00050,208,64024884,275744588,-1,156074
0.931083,0.901382,63.707350,3,0,3,4.99705,0.00050,208,63620807,275744480,-1,156074
0.995257,0.968185,64.174270,3,0,3,5.33107,0.00050,248,63988730,275744680,-1,156074
1.060599,1.035004,65.341690,3,0,3,5.66512,0.00050,1430,63972692,275876823,-1,156074
1.144892,1.101822,84.292920,3,0,3,5.99920,0.00050,1559,64452116,279125935,-1,156074
1.202522,1.168640,57.630850,4,0,4,6.33327,0.00050,1808,137845306,335248378,-1,156074
1.257888,1.235489,55.365230,4,0,4,6.66751,0.00050,248,55267961,335253787,-1,192978
1.326614,1.302322,68.726810,4,0,4,7.00164,0.00050,248,68282500,335258051,-1,192976
1.391517,1.369141,64.902530,4,0,4,7.33575,0.00050,288,64373308,335258051,-1,192976
1.455670,1.435974,64.153340,4,0,4,7.66989,0.00050,248,63854692,335257831,-1,192976
1.519890,1.486069,64.219700,4,0,4,7.92039,0.00050,248,64391231,335258007,-1,192976
1.583593,1.552887,63.703350,4,0,4,8.25446,0.00050,248,64207154,335258227,-1,192976
1.648561,1.619705,64.967230,4,0,4,8.58853,0.00050,328,63785923,335258227,-1,192976
1.708877,1.686554,60.316270,5,0,5,8.92275,0.00050,1904,63698308,336146913,-1,192976
1.776133,1.753418,67.255770,5,0,5,9.25707,0.00050,288,63579193,336147297,-1,229878
1.843817,1.820251,67.684070,5,0,5,9.59125,0.00050,328,67749116,336147833,-1,192976
1.906122,1.887070,62.305310,5,0,5,9.92533,0.00050,288,63073269,336146669,-1,119172
1.970522,1.937180,64.400120,5,0,5,10.17588,0.00050,288,63210269,336146885,-1,119172
2.032616,2.003998,62.094270,5,0,5,10.50996,0.00050,1510,63121385,336286660,-1,119172
2.095888,2.070831,63.271150,5,0,5,10.84409,0.00050,328,63033462,336286696,-1,119172
2.160815,2.137665,64.927570,6,0,6,11.17827,0.00050,1848,64441923,337133976,-1,119172
2.222656,2.204498,61.840650,7,0,7,11.51245,0.00050,1848,62842231,338160689,-1,192978
2.289725,2.254608,67.069310,7,0,7,11.76297,0.00050,328,64804192,338160025,-1,266780
2.355282,2.321457,65.556660,7,0,7,12.09722,0.00050,368,66775885,338160802,-1,266780
2.420833,2.388290,65.551160,7,0,7,12.43140,0.00050,328,65668115,338160986,-1,266780
2.485815,2.455109,64.982420,7,0,7,12.76549,0.00050,328,64448461,338161206,-1,266780
2.552468,2.521957,66.652310,7,0,7,13.09970,0.00050,368,65920654,338161305,-1,266780
2.617053,2.588852,64.584880,7,0,7,13.43414,0.00050,368,65264462,338162785,-1,266780
2.682900,2.655670,65.847620,7,0,7,13.76824,0.00050,408,64655962,338160857,-1,266780
2.747556,2.722504,64.655960,8,0,8,14.10241,0.00050,1968,64610192,338265228,-1,266780
2.812244,2.789307,64.687420,8,0,8,14.43644,0.00050,408,66007230,338265503,-1,266780
2.878033,2.856110,65.789700,8,0,8,14.77047,0.00050,408,64118269,338266915,-1,266780
2.942066,2.922897,64.032580,8,0,8,15.10444,0.00050,448,65494654,338265428,-1,266780
3.006675,2.973007,64.608960,8,0,8,15.35496,0.00050,408,63864000,338265643,-1,266780
3.073728,3.039825,67.053270,8,0,8,15.68907,0.00050,1630,66032769,338396851,-1,266780
3.135325,3.106644,61.597230,8,0,8,15.68907,0.00050,408,64674885,338442520,-1,192976
3.198937,3.173447,63.611580,8,0,8,15.68907,0.00050,488,63097693,338415225,-1,229880
3.265315,3.240280,66.377960,9,0,9,15.68907,0.00050,2128,66737962,338510031,-1,229878
3.330580,3.307114,65.265460,9,0,9,15.68907,0.00050,448,65094308,338505183,-1,229878
3.395769,3.373917,65.188310,9,0,9,15.68907,0.00050,758,64623347,338797446,-1,229878
3.461889,3.440735,66.120420,9,0,9,15.68907,0.00050,472,65826269,338806836,-1,230646
3.518974,3.507568,57.085000,9,0,9,15.68907,0.00050,448,59240846,338808212,-1,304462
3.594115,3.557678,75.140920,9,0,9,15.68907,0.00050,448,73140654,338787209,-1,304462
3.676592,3.641190,82.476690,9,0,9,15.68907,0.00050,14040,82110577,339021459,-1,304462
3.754523,3.724701,77.930960,9,0,9,15.68907,0.00050,488,78298231,339022605,-1,266814
3.830262,3.791519,75.739460,10,0,10,15.68907,0.00050,2008,75776923,339066645,-1,340604
3.917537,3.875076,87.274570,10,0,10,15.68907,0.00050,648,86801308,339070069,-1,340604
3.998298,3.958603,80.761540,10,0,10,15.68907,0.00050,512,80214423,339076316,-1,341372
4.080926,4.025452,82.628310,10,0,10,15.68907,0.00050,1710,81949961,339059686,-1,341382
4.158689,4.125702,77.762890,9,1,10,15.68907,0.00050,4848,78558654,339153739,-1,341384
4.239888,4.192535,81.198880,10,1,11,15.68907,0.00050,3190,80711423,339293204,-1,303736
4.307365,4.276077,67.477040,10,1,11,15.68907,0.00050,488,67323384,339403061,-1,340626
4.375300,4.342896,67.934350,11,1,12,15.68907,0.00050,2048,68568731,340271157,-1,340624
4.440642,4.409744,65.341930,11,1,12,15.68907,0.00050,608,65330231,340281559,-1,377526
4.509266,4.476578,68.624620,11,1,12,15.68907,0.00050,512,67927885,340287540,-1,378274
4.574886,4.543411,65.620040,11,1,12,15.68907,0.00050,4232,65840000,340311720,-1,378286
4.641029,4.610245,66.143270,11,1,12,15.68907,0.00050,528,66028961,340289540,-1,340638
4.707711,4.677078,66.681730,11,1,12,15.68907,0.00050,528,65986231,340288615,-1,377540
4.772975,4.743912,65.263420,11,1,12,15.68907,0.00050,568,65920385,340271398,-1,377526
4.839760,4.810745,66.785160,11,1,12,15.68907,0.00050,568,66677730,340271398,-1,377526
4.908873,4.877594,69.113000,12,1,13,15.68907,0.00050,2088,68479346,341196882,-1,377526
4.973511,4.944427,64.638150,12,1,13,15.68907,0.00050,728,65088846,341222713,-1,414408
5.041731,5.011230,68.219960,12,1,13,15.68907,0.00050,1814,68118769,341228377,-1,415176
5.109584,5.078049,67.852650,11,2,13,15.68907,0.00050,4624,66994384,341259053,-1,415188
5.176042,5.144882,66.458470,11,2,13,15.68907,0.00050,1790,67038423,341242098,-1,377540
5.242583,5.211700,66.541000,11,2,13,15.68907,0.00050,528,66299692,341271501,-1,414442
5.309689,5.278519,67.105960,11,2,13,15.68907,0.00050,528,66673615,341349728,-1,414430
5.378629,5.345322,68.940190,11,2,13,15.68907,0.00050,608,69289577,341349512,-1,414408
5.448155,5.412140,69.525380,12,2,14,15.68907,0.00050,2088,68661346,342240165,-1,414408
5.512939,5.495651,64.784730,12,2,14,15.68907,0.00050,568,65452385,342270274,-1,451310
5.580978,5.545776,68.038770,12,2,14,15.68907,0.00050,608,67432423,342275026,-1,451310
5.648418,5.629303,67.440310,12,2,14,15.68907,0.00050,568,67697923,342275026,-1,451310
5.716145,5.696152,67.726580,12,2,14,15.68907,0.00050,568,67300538,342269026,-1,451310
5.783742,5.762955,67.597270,12,2,14,15.68907,0.00050,1160,67976154,342180224,-1,451310
5.851605,5.829773,67.862390,12,2,14,15.68907,0.00050,608,67765846,341374456,-1,377506
5.918564,5.896576,66.959540,12,2,14,15.68907,0.00050,608,66375308,341376628,-1,377486
5.984655,5.963379,66.090500,13,2,15,15.68907,0.00050,2168,66505923,343568982,-1,377486
6.051962,6.030197,67.307770,13,2,15,15.68907,0.00050,1830,67205962,343695406,-1,377486
6.120478,6.097015,68.515500,13,2,15,15.68907,0.33461,608,65986692,343699874,-1,377486
6.186715,6.163834,66.236960,13,2,15,15.68907,0.66866,648,66596000,343568990,-1,377486
6.256359,6.230682,69.643810,14,2,16,15.68907,1.00289,2128,68992192,344693766,-1,377486
6.321763,6.297516,65.404460,14,2,16,15.68907,1.33708,608,65245231,344793602,-1,414390
6.390202,6.364334,68.439160,14,2,16,15.68907,1.67118,648,69168077,344793886,-1,414388
6.458071,6.431183,67.868270,14,2,16,15.68907,2.00540,648,67534499,344797702,-1,414388
6.526690,6.498032,68.619690,15,2,17,15.68907,2.33965,2168,66974654,344890396,-1,414388
6.593549,6.564880,66.859120,15,2,17,15.68907,2.67393,688,67712653,344890396,-1,414388
6.661097,6.631714,67.547620,15,2,17,15.68907,3.00810,648,67315539,344890396,-1,414388
6.728854,6.698517,67.756970,15,2,17,15.68907,3.34215,1072,67551731,344803906,-1,414388
6.795511,6.765366,66.657420,15,2,17,15.68907,3.67642,728,67272192,344007842,-1,340584
6.862363,6.832199,66.851880,15,2,17,15.68907,4.01062,688,66302693,344012158,-1,340584
6.931121,6.899063,68.757540,15,2,17,15.68907,4.34491,688,66036153,345061102,-1,340584
6.994180,6.965881,63.059460,15,2,17,15.68907,4.67902,768,65819846,345060926,-1,340584
7.061525,7.032745,67.344730,16,2,18,15.68907,5.01337,3470,67613038,346110747,-1,340584
7.130026,7.099594,68.501230,16,2,18,15.68907,5.34758,728,64674385,346110599,-1,340584
7.192826,7.166443,62.799390,16,2,18,15.68907,5.68181,888,65741884,346000342,-1,340584
7.259308,7.233261,66.482040,16,2,18,15.68907,6.01587,752,66301423,346050244,-1,341352
7.324715,7.300079,65.407500,16,2,18,15.68907,6.35000,728,65837615,346155480,-1,341366
7.394624,7.366913,69.909190,16,2,18,15.68907,6.68417,4844,68551615,346165852,-1,341364
7.459762,7.433731,65.137730,16,2,18,15.68907,7.01828,728,65933384,346165755,-1,303716
7.526319,7.500549,66.556500,16,2,18,15.68907,7.35234,768,65814076,348263109,-1,340618
7.592931,7.567368,66.612430,17,2,19,15.68907,7.68643,2616,66596154,349170713,-1,340604
7.657064,7.634186,64.133120,17,2,19,15.68907,8.02051,768,64407461,349168677,-1,377506
7.725183,7.701004,68.118420,17,2,19,15.68907,8.35460,888,67892807,349194420,-1,377506
7.791970,7.767838,66.787570,17,2,19,15.68907,8.68874,832,67014423,349199133,-1,341372
7.860665,7.834671,68.695150,16,3,19,15.68907,9.02290,4824,67661654,350031625,-1,341384
7.924147,7.901505,63.481920,16,3,19,15.68907,9.35703,1950,64137462,350014389,-1,377540
7.989930,7.968338,65.782770,16,3,19,15.68907,9.69116,768,66107616,350004287,-1,414442
8.058102,8.035156,68.171580,16,3,19,15.68907,10.02522,1990,66773653,349987078,-1,414428
8.125119,8.101974,67.017730,17,3,20,15.68907,10.35933,2288,68425539,350866982,-1,414428
8.190987,8.168793,65.868160,17,3,20,15.68907,10.69346,808,65463193,350871196,-1,451310
8.263887,8.235626,72.899460,18,3,21,15.68907,11.02764,2288,71515346,351797015,-1,451310
8.327757,8.302444,63.870420,18,3,21,15.68907,11.36174,768,65090231,351906511,-1,488214
8.399152,8.369308,71.395030,18,3,21,15.68907,11.69608,808,71030616,351906031,-1,488212
8.467444,8.436172,68.291380,18,3,21,15.68907,12.03037,768,67426884,351900047,-1,488212
8.535661,8.503021,68.217080,18,3,21,15.68907,12.36459,768,67995270,351900047,-1,488212
8.603019,8.569870,67.357850,18,3,21,15.68907,12.69886,848,67558423,351894494,-1,488212
8.672650,8.636703,69.631000,19,3,22,15.68907,13.03299,2328,67662616,352035626,-1,488192
8.737621,8.703537,64.971570,19,3,22,15.68907,13.36712,848,67282846,352035846,-1,488192
8.805197,8.770370,67.575880,19,3,22,15.68907,13.70130,888,67509538,352035430,-1,488192
8.872483,8.837189,67.285500,19,3,22,15.68907,14.03541,848,66849346,352039773,-1,488192
8.940491,8.904022,68.008120,19,3,22,15.68907,14.36959,848,67589153,352039558,-1,488192
9.008956,8.970856,68.465270,19,3,22,15.68907,14.70374,888,67812769,352039278,-1,488192
9.075436,9.054382,66.480120,19,3,22,15.68907,15.12138,2070,67121654,352039236,-1,488192
9.141616,9.121201,66.179500,19,3,22,15.68907,15.12138,888,68595538,352045121,-1,488192
9.208358,9.188034,66.742270,20,3,23,15.68907,15.12138,2448,66683308,352140016,-1,561996
9.276730,9.254868,68.372120,20,3,23,15.68907,15.12138,888,67186423,352179521,-1,488192
9.342872,9.321701,66.142150,20,3,23,15.68907,15.12138,888,67990962,352280384,-1,488194
9.430065,9.388535,87.193040,20,3,23,15.68907,15.12138,928,85567769,352279393,-1,488192
9.516546,9.472046,86.481040,20,3,23,15.68907,15.12138,1272,85683231,352195566,-1,488192
9.599444,9.555573,82.897460,20,3,23,15.68907,15.12138,888,83387192,351334233,-1,451290
9.677582,9.639099,78.138690,20,3,23,15.68907,15.12138,968,78683000,351334233,-1,451290
9.763877,9.722626,86.294620,20,3,23,15.68907,15.12138,928,85879307,351335511,-1,451290
9.851782,9.806168,87.905110,20,3,23,15.68907,15.12138,928,87203654,351334790,-1,451290
9.937369,9.889709,85.587000,20,3,23,15.68907,15.12138,968,85728769,351339501,-1,525094
10.023571,9.973251,86.201920,20,3,23,15.68907,15.12138,928,86724346,351337959,-1,525094
10.101723,10.056810,78.151810,20,3,23,15.68907,15.12138,2150,77003769,351338789,-1,525094
10.168687,10.140350,66.963810,20,3,23,15.68907,15.12138,968,67915847,351338789,-1,525094
10.236583,10.207230,67.895880,20,3,23,15.68907,15.12138,928,67790846,351342806,-1,525094
10.306242,10.274060,69.659460,21,3,24,15.68907,15.12138,2448,68801231,352227604,-1,525094
10.372300,10.340910,66.057580,21,3,24,15.68907,15.12138,1088,66692269,352248598,-1,561996
10.441733,10.407760,69.433770,21,3,24,15.68907,15.12138,952,69213192,352294220,-1,562764
10.510834,10.474580,69.100960,21,3,24,15.68907,15.12138,928,68346154,352406452,-1,562778
10.582738,10.558110,71.904000,21,3,24,15.68907,15.12138,968,72007692,353182377,-1,562776
10.650172,10.624940,67.433460,21,3,24,15.68907,15.12138,5004,67837385,353206571,-1,636580
10.720572,10.691800,70.400700,21,3,24,15.68907,15.12138,968,70347384,353210655,-1,598932
10.789965,10.758650,69.392960,21,3,24,15.68907,15.12138,1008,68306307,353210505,-1,635834
10.859711,10.825490,69.745420,21,3,24,15.68907,15.12138,968,70501461,353193272,-1,635820
10.929163,10.892320,69.452500,21,3,24,15.68907,15.12138,1088,68897038,353218938,-1,635820
10.999021,10.975860,69.857570,21,3,24,15.68907,15.12138,1032,69513923,353223281,-1,636588
11.069422,11.042690,70.401580,21,3,24,15.68907,15.12138,2190,71011770,353342658,-1,562794
11.139096,11.109540,69.673030,20,4,24,15.68907,15.12138,5024,69558462,353381203,-1,636600
11.207456,11.176380,68.360150,20,4,24,15.68907,15.12138,2190,67701577,353244987,-1,598952
11.276376,11.243190,68.919920,20,4,24,15.68907,15.12138,928,69235000,353248181,-1,635854
11.346339,11.310030,69.963880,20,4,24,15.68907,15.12138,928,69417423,353230869,-1,635840
11.414948,11.393550,68.609000,20,4,24,15.68907,15.12138,1088,69139038,353246098,-1,635840
11.484098,11.460370,69.149690,20,4,24,15.68907,15.12138,952,69322077,353252127,-1,636588
11.555173,11.527210,71.075270,20,4,24,15.68907,15.12138,928,70431731,353256383,-1,636602
11.627424,11.594060,72.250340,20,4,24,15.68907,15.12138,968,71754000,353233156,-1,636600
11.696956,11.660900,69.531920,20,4,24,15.68907,15.12138,4632,69538962,353257360,-1,636600
11.765478,11.744460,68.522420,20,4,24,15.68907,15.12138,928,68891115,353257360,-1,598952
11.835899,11.811290,70.420620,20,4,24,15.68907,15.12138,968,69929461,353261474,-1,635854
11.906598,11.878100,70.699230,20,4,24,15.68907,15.12138,928,70454577,353238087,-1,672742
11.975605,11.944920,69.006540,20,4,24,15.68907,15.12138,1048,69435385,353263782,-1,672722
12.046261,12.011730,70.656460,20,4,24,15.68907,15.12138,2214,70497577,353398610,-1,673490
12.121771,12.078550,75.510150,20,4,24,15.35496,15.12138,928,71839308,353407690,-1,673502
12.191746,12.162080,69.975230,19,5,24,14.93735,15.12138,4984,71387962,354088784,-1,710404
12.261479,12.228910,69.732230,19,5,24,14.60319,15.12138,2150,69753654,354079519,-1,746560
12.334686,12.295780,73.206920,20,5,25,14.26888,15.12138,2408,72653692,355120966,-1,783462
12.411110,12.379290,76.424460,20,5,25,13.85129,15.12138,888,76015769,357506530,-1,894154
12.480678,12.446110,69.567700,20,5,25,13.51721,15.12138,1048,69980423,357513099,-1,1041762
12.566232,12.512950,85.554270,20,5,25,13.18293,15.12138,912,84017577,357519509,-1,1079412
12.640816,12.596510,74.583960,20,5,25,12.76518,15.12138,4592,75588615,357553908,-1,1042524
12.720718,12.680040,79.902040,20,5,25,12.34752,15.12138,928,79588038,359130788,-1,1004874
12.791678,12.763600,70.960000,20,5,25,11.92972,15.12138,1312,70842577,359045498,-1,1152468
12.874290,12.830430,82.612080,20,5,25,11.59557,15.12138,928,82549846,358232636,-1,1115566
12.950707,12.913970,76.416890,20,5,25,11.17784,15.12138,968,76482154,358223207,-1,1115566
13.028087,12.980790,77.380040,20,5,25,10.84375,15.12138,1048,76911269,358253525,-1,1115546
13.104201,13.064330,76.113620,20,5,25,10.42604,15.12138,2174,76221076,358252395,-1,1116314
13.181007,13.147890,76.806380,20,5,25,10.00823,15.12138,4672,76943500,358269082,-1,1116324
13.258381,13.214720,77.373660,20,5,25,9.67403,15.12138,928,77049692,358268531,-1,1078678
13.335726,13.298230,77.345500,20,5,25,9.25644,15.12138,4812,75830962,358415113,-1,1115580
13.410674,13.365080,74.948350,20,5,25,8.92216,15.12138,2186,76278923,358392538,-1,1115586
13.487138,13.448620,76.463070,20,5,25,8.50444,15.12138,928,76249385,358270837,-1,1115582
13.567812,13.532150,80.674420,20,5,25,8.08678,15.12138,1048,80094346,358295591,-1,1115582
13.647518,13.599000,79.706500,20,5,25,7.75251,15.12138,4696,79661577,358329882,-1,1116350
13.727026,13.682510,79.507160,20,5,25,7.33499,15.12138,928,79311538,358329517,-1,1078716
13.804599,13.766070,77.573810,20,5,25,6.91723,15.12138,1312,78113846,358218406,-1,1115600
13.881867,13.849620,77.267190,20,5,25,6.49944,15.12138,968,77780693,357408494,-1,1004878
13.957380,13.916440,75.513690,20,5,25,6.16536,15.12138,928,73954885,357398813,-1,1004878
14.030793,13.999970,73.413000,20,5,25,5.74772,15.12138,928,74086654,357399117,-1,967956
14.104447,14.066800,73.653230,20,5,25,5.41358,15.12138,2306,73639615,357414086,-1,967956
14.178258,14.150340,73.811390,19,6,25,4.99586,15.12138,5008,74024730,357452845,-1,931802
14.250330,14.217160,72.072500,19,6,25,4.66174,15.12138,2106,71870884,357436568,-1,894166
14.324674,14.284000,74.344000,19,6,25,4.32759,15.12138,928,72627653,357435682,-1,894166
14.397300,14.367540,72.625150,20,6,26,3.90991,15.12138,2408,73679231,358291619,-1,894152
14.468163,14.434370,70.863190,20,6,26,3.57576,15.12138,888,70826000,358295035,-1,967936
14.540839,14.501190,72.676610,20,6,26,3.24169,15.12138,928,72527923,358295035,-1,931034
14.613078,14.584730,72.238190,20,6,26,2.82398,15.12138,888,72934538,358295035,-1,894132
14.686100,14.651580,73.022380,20,6,26,2.48975,15.12138,888,71969731,358294283,-1,894132
14.758789,14.718410,72.689190,20,6,26,2.15554,15.12138,928,72317730,358303983,-1,857230
14.830455,14.801940,71.666270,20,6,26,1.73788,15.12138,928,72724423,358303484,-1,857230
14.902318,14.868790,71.863080,20,6,26,1.40365,15.12138,928,71614576,358288979,-1,857232
14.976706,14.935640,74.387120,20,6,26,1.06942,15.12138,968,74048731,358288320,-1,857210
15.048838,15.019180,72.132350,20,6,26,0.65170,15.12138,2146,71807923,358292427,-1,857210
15.119796,15.086060,70.958500,20,6,26,0.65170,15.12138,928,72934885,358297076,-1,783406
15.185329,15.152910,65.532270,20,6,26,0.65170,15.12138,968,66931346,358303356,-1,783406
15.273636,15.219760,88.307460,20,6,26,0.65170,15.12138,928,86883654,358296988,-1,857210
15.365994,15.320010,92.358080,20,6,26,0.65170,15.12138,928,93189654,358292884,-1,820308
15.469767,15.403550,103.773000,20,6,26,0.65170,15.12138,968,103663077,358296396,-1,857210
15.571221,15.503810,101.454000,20,6,26,0.65170,15.12138,928,100240731,358296680,-1,857210
15.675296,15.604060,104.075000,20,6,26,0.65170,15.12138,968,102418038,358295901,-1,857210
15.769708,15.721020,94.411460,20,6,26,0.65170,15.12138,928,95288115,358295901,-1,857210
15.866041,15.804570,96.333150,20,6,26,0.65170,15.12138,1352,94962116,358211199,-1,857210
15.951551,15.904820,85.509930,20,6,26,0.65170,15.12138,928,86638499,357419130,-1,820308
16.024358,15.988360,72.807500,20,6,26,0.65170,15.12138,928,73028115,357419158,-1,820308
16.095164,16.071900,70.805730,20,6,26,0.65170,15.12138,2186,71249500,357419878,-1,820308
16.167551,16.138730,72.386730,20,6,26,0.65170,15.12138,928,71696615,357424454,-1,820310
16.241790,16.205580,74.238880,20,6,26,0.65170,15.12138,928,74135307,357424143,-1,820308
16.313214,16.289120,71.424580,20,6,26,0.65170,15.12138,968,71923654,357424183,-1,820308
16.385426,16.355960,72.212110,20,6,26,0.65170,15.12138,928,71543885,357424183,-1,857210
16.457375,16.422810,71.948390,21,6,27,0.65170,15.12138,2448,72344231,358320805,-1,857210
16.528204,16.489640,70.829650,21,6,27,0.65170,15.12138,968,70110077,358320637,-1,894112
16.600178,16.573200,71.973960,21,6,27,0.65170,15.12138,928,71905846,358320637,-1,894112
16.671804,16.640010,71.625380,21,6,27,0.65170,15.12138,928,72076770,358320637,-1,894112
16.743797,16.706860,71.992770,21,6,27,0.65170,15.12138,968,71418038,358324733,-1,894112
16.815414,16.790370,71.617650,21,6,27,0.65170,15.12138,928,72006461,358324733,-1,931014
16.888969,16.857180,73.554460,21,6,27,0.65170,15.12138,968,72888038,358324173,-1,931014
16.961072,16.924000,72.103610,21,6,27,0.65170,15.12138,1128,71829577,358345263,-1,931014
17.032989,17.007540,71.916850,21,6,27,0.65170,15.12138,2210,72361000,358355709,-1,931782
17.106202,17.074340,73.212810,21,6,27,0.65170,15.12138,968,72690730,358338952,-1,931792
17.179070,17.141170,72.868160,21,6,27,0.65170,15.12138,1008,72848846,358333265,-1,931794
17.251513,17.224720,72.442920,20,7,27,0.65170,15.12138,5396,72817269,358364384,-1,931796
17.326162,17.291550,74.649380,20,7,27,0.65170,15.12138,2146,74493000,358363518,-1,894146
17.399877,17.358400,73.714650,20,7,27,0.65170,15.12138,968,72497307,358363368,-1,931048
17.471921,17.441930,72.043730,20,7,27,0.65170,15.12138,928,73097538,358350168,-1,931034
17.545310,17.508740,73.388730,20,7,27,0.65170,15.12138,928,72726731,358355552,-1,967936
17.618153,17.592290,72.843770,20,7,27,0.65170,15.12138,1088,73137962,358379938,-1,967936
17.691806,17.659130,73.652530,20,7,27,0.65170,15.12138,952,73093923,358380335,-1,1005606
17.764997,17.725970,73.190930,20,7,27,0.65170,15.12138,928,72931269,358380383,-1,1005618
17.837984,17.809520,72.987730,20,7,27,0.65170,15.12138,968,73572230,358358580,-1,1005618
17.912118,17.876360,74.133230,20,7,27,0.65170,15.12138,4632,73520808,358395080,-1,1005618
17.985555,17.959900,73.437160,20,7,27,0.65170,15.12138,928,73107077,358385363,-1,1004872
18.058364,18.026750,72.808810,20,7,27,0.65170,15.12138,2186,73267885,358385172,-1,1041754
18.135253,18.093600,76.889580,20,7,27,0.65170,14.78712,1048,74232000,358393005,-1,1041740
18.209507,18.177140,74.253390,20,7,27,0.65170,14.36942,952,73247616,358403329,-1,1042508
18.282226,18.243960,72.719690,19,8,27,0.65170,14.03532,5024,73742192,358416848,-1,1079420
18.355066,18.327480,72.839580,19,8,27,0.65170,13.61769,2106,73413923,358406611,-1,1004874
18.431664,18.394300,76.597920,19,8,27,0.65170,13.28357,888,75750577,358401677,-1,1041774
18.507611,18.461150,75.946880,20,8,28,0.65170,12.94936,2448,75529923,359272331,-1,1078662
18.581514,18.544680,73.902850,20,8,28,0.65170,12.53173,888,73877307,359271883,-1,1152466
18.658072,18.611510,76.558350,20,8,28,0.65170,12.19755,1008,76305384,359283664,-1,1152466
18.733571,18.695050,75.499570,20,8,28,0.65170,11.77984,952,75111462,359289275,-1,1153214
18.809572,18.778660,76.000960,20,8,28,0.65170,11.36182,4592,75848923,359300930,-1,1153224
18.884367,18.845490,74.794620,20,8,28,0.65170,11.02767,1272,75488077,359210120,-1,1115578
18.959024,18.929020,74.656580,20,8,28,0.65170,10.61003,968,75001923,358414330,-1,1078676
19.035724,18.995850,76.700160,20,8,28,0.65170,10.27588,928,75551154,358387500,-1,1078662
19.110357,19.079380,74.633120,20,8,28,0.65170,9.85822,2146,75013730,358391427,-1,1115544
19.186300,19.146190,75.942810,20,8,28,0.65170,9.52415,1088,75858038,358411669,-1,1115544
19.262442,19.229750,76.141880,20,8,28,0.65170,9.10638,952,75553154,358417201,-1,1116312
19.338234,19.296570,75.792880,20,8,28,0.65170,8.77233,4632,75320961,358436736,-1,1079420
19.410932,19.380100,72.697770,20,8,28,0.65170,8.35469,968,74477577,358431044,-1,1078676
19.487753,19.446950,76.820880,20,8,28,0.65170,8.02041,928,74632461,358431406,-1,1115580
19.563672,19.530470,75.919040,20,8,28,0.65170,7.60277,928,77230807,358404304,-1,1115564
19.640143,19.597350,76.470700,20,8,28,0.65170,7.26837,968,75074192,358404304,-1,1115544
19.714773,19.680850,74.629920,20,8,28,0.65170,6.85086,1048,75766923,358429242,-1,1115544
19.790241,19.747650,75.468000,20,8,28,0.65170,6.51684,952,74965808,358434723,-1,1116312
19.866085,19.831150,75.843850,20,8,28,0.65170,6.09935,968,75512385,358434875,-1,1116324
19.941987,19.897960,75.902270,19,9,28,0.65170,5.76526,5368,75496346,358361850,-1,1116324
20.017342,19.981480,75.355270,19,9,28,0.65170,5.34770,2106,76088962,357565657,-1,1004872
20.092080,20.048280,74.737880,19,9,28,0.65170,5.01370,2146,74045308,357551725,-1,1078676
20.166069,20.131790,73.989000,19,9,28,0.65170,4.59612,888,74497769,357534429,-1,1041740
20.241516,20.198590,75.446620,19,9,28,0.65170,4.26208,1008,74292884,357554928,-1,1041740
20.315918,20.282140,74.402770,19,9,28,0.65170,3.84437,952,74307807,357564355,-1,1042508
20.390117,20.348950,74.198350,19,9,28,0.65170,3.51026,888,74589192,357547982,-1,1042518
20.463764,20.432480,73.647190,19,9,28,0.65170,3.09260,4592,74516923,357566342,-1,1079422
20.544037,20.499330,80.272960,20,9,29,0.65170,2.75839,2448,75836308,358462188,-1,1041774
20.613285,20.582840,69.248080,20,9,29,0.65170,2.34085,888,72481077,358461105,-1,1152482
20.692518,20.649630,79.233310,20,9,29,0.65170,2.00688,888,78475346,358434936,-1,1152466
20.769576,20.733200,77.058150,20,9,29,0.65170,1.58899,1048,77183539,358455506,-1,1152446
20.844597,20.800000,75.020120,20,9,29,0.65170,1.25496,912,75724692,358461267,-1,1153214
20.920833,20.883530,76.236110,20,9,29,0.65170,0.83730,888,75267423,358465795,-1,1153226
20.990904,20.950390,70.071430,19,10,29,0.65170,0.50298,5024,73260000,358482000,-1,1190128
21.084674,21.033920,93.769730,19,10,29,0.65170,0.08534,2110,93391538,358481967,-1,1152480
21.189085,21.117460,104.411300,19,10,29,0.65170,0.08534,888,102964307,358481032,-1,1189384
21.309024,21.234390,119.938700,19,10,29,0.65170,0.08534,928,121819000,358460719,-1,1226272
21.417311,21.351330,108.286600,19,10,29,0.65170,0.08534,888,107197692,358459124,-1,1226252
21.531926,21.451550,114.615300,19,10,29,0.65170,0.08534,928,113297154,358453827,-1,1263154
21.641363,21.568510,109.437200,19,10,29,0.65170,0.08534,1272,109272423,358364510,-1,1263154
21.740974,21.685460,99.611460,19,10,29,0.65170,0.08534,928,100688539,357562566,-1,1189350
21.815967,21.785690,74.992690,19,10,29,0.65170,0.08534,888,75427500,357562767,-1,1189330
21.892857,21.852550,76.889880,19,10,29,0.65170,0.08534,888,76339270,357561098,-1,1189330
21.968256,21.936100,75.398690,19,10,29,0.65170,0.08534,928,75137115,357562511,-1,1189332
22.045882,22.002960,77.626110,19,10,29,0.65170,0.08534,2110,77580039,357570590,-1,1189330
22.121369,22.086500,75.487230,19,10,29,0.65170,0.08534,888,75924385,357570350,-1,1189330
22.199254,22.153320,77.884890,19,10,29,0.65170,0.08534,1048,77068115,357595073,-1,1189330
22.275200,22.236830,75.945960,19,10,29,0.65170,0.08534,912,75365269,357601320,-1,1190098
22.351084,22.320390,75.884000,19,10,29,0.65170,0.08534,888,76906269,357584395,-1,1190108
22.427088,22.387240,76.003690,19,10,29,0.65170,0.08534,5004,75746615,357611393,-1,1190110
22.503697,22.470780,76.609500,19,10,29,0.65170,0.08534,888,76679270,357612921,-1,1152462
22.580567,22.537630,76.869580,20,10,30,0.65170,0.08534,2792,75624384,357610219,-1,1189364
22.657530,22.621150,76.963040,20,10,30,0.65170,0.08534,928,77531116,356796474,-1,1115546
22.732825,22.704700,75.295540,20,10,30,0.65170,0.08534,1008,75693846,356826236,-1,1115546
22.809170,22.771530,76.345120,20,10,30,0.65170,0.08534,912,75718923,356826609,-1,1116314
22.885206,22.855060,76.035270,20,10,30,0.65170,0.08534,928,75621077,356826649,-1,1116326
22.961342,22.921860,76.136310,19,11,30,0.65170,0.08534,4944,76243346,356847289,-1,1116326
23.036734,23.005400,75.392150,19,11,30,0.65170,0.08534,2110,75967692,356842609,-1,1078678
23.112663,23.072250,75.928660,19,11,30,0.65170,0.08534,928,75006770,356838035,-1,1115582
23.189296,23.155810,76.633310,19,11,30,0.65170,0.08534,888,76623885,356811318,-1,1115566
23.266289,23.222660,76.992690,19,11,30,0.65170,0.08534,1008,76697576,356831896,-1,1152448
23.340369,23.306200,74.080460,19,11,30,0.65170,0.08534,952,74554846,356842103,-1,1153216
23.417309,23.373020,76.940080,19,11,30,0.65170,0.08534,888,76493577,356825258,-1,1153226
23.494304,23.456540,76.994540,19,11,30,0.65170,0.08534,4592,76377615,356847566,-1,1153228
23.569399,23.540080,75.095610,19,11,30,0.65170,0.08534,928,75956307,356850952,-1,1115580
23.645419,23.606920,76.019350,19,11,30,0.65170,0.08534,888,75238807,356854969,-1,1152468
23.721004,23.690440,75.585390,19,11,30,0.65170,0.08534,888,76186231,356828930,-1,1189370
23.797556,23.757280,76.551800,19,11,30,0.65170,0.08534,1048,75446230,356850076,-1,1189350
23.873774,23.840840,76.217650,19,11,30,0.65170,0.08534,912,76891385,356855067,-1,1190118
23.950216,23.907670,76.442620,19,11,30,0.65170,0.08534,888,75916923,356842606,-1,1190128
24.025944,23.991230,75.727350,18,12,30,0.65170,0.08534,4984,76219847,356866874,-1,1190130
24.103369,24.058060,77.425190,18,12,30,0.65170,0.08534,2070,76335270,356866217,-1,1152482
24.179971,24.141600,76.602690,18,12,30,1.06940,0.08534,848,74869231,356871251,-1,1189384
24.256097,24.225170,76.125470,18,12,30,1.48727,0.08534,888,76096539,356848782,-1,1263176
24.338852,24.292040,82.755230,18,12,30,1.82158,0.08534,968,82413962,356868144,-1,1263154
24.417587,24.375580,78.734570,18,12,30,2.23930,0.08534,872,78077384,356869555,-1,1337726
24.497488,24.459110,79.901580,18,12,30,2.65695,0.08534,4592,79782461,356881266,-1,1374638
24.586542,24.542650,89.053540,19,12,31,3.07467,0.08534,2752,86943269,357673520,-1,1373894
24.660496,24.626190,73.953770,19,12,31,3.49236,0.08534,848,77050077,356876465,-1,1373880
24.742433,24.693050,81.937190,19,12,31,3.82669,0.08534,888,80404654,356860223,-1,1373880
24.821202,24.776600,78.769420,19,12,31,4.24439,0.08534,848,78900384,356851394,-1,1410782
24.902087,24.860110,80.884960,19,12,31,4.66199,0.08534,968,81092692,356876348,-1,1410762
24.982660,24.943650,80.573310,19,12,31,5.07968,0.08534,4616,80471770,356920243,-1,1337726
25.059934,25.027190,77.273540,19,12,31,5.49737,0.08534,2110,78279885,356902151,-1,1300090
25.138993,25.093990,79.058850,19,12,31,5.83140,0.08534,888,78185000,356902852,-1,1336978
25.218974,25.177550,79.981310,19,12,31,6.24916,0.08534,928,78538000,356871326,-1,1336978
25.297151,25.261080,78.176420,19,12,31,6.66675,0.08534,888,79248539,356874686,-1,1336958
25.377779,25.327900,80.628040,19,12,31,7.00085,0.08534,888,80301000,356874265,-1,1336958
25.456304,25.411420,78.525000,19,12,31,7.41846,0.08534,1048,79404462,356895735,-1,1336960
25.536219,25.494950,79.914960,19,12,31,7.83606,0.08534,4616,78473231,356929490,-1,1263922
25.614888,25.578510,78.669150,19,12,31,8.25384,0.08534,888,78525000,356912612,-1,1226286
25.690441,25.645360,75.553230,19,12,31,8.58811,0.08534,1312,76185153,356817387,-1,1263174
25.769496,25.728880,79.055000,19,12,31,9.00576,0.08534,888,78126038,355994556,-1,1115566
25.843026,25.812440,73.529540,19,12,31,9.42357,0.08534,888,74954192,355994356,-1,1041742
25.919443,25.879270,76.417270,19,12,31,9.75777,0.08534,928,74824962,355998188,-1,1004840
25.991339,25.962800,71.896310,19,12,31,10.17541,0.08534,1008,73316039,356025878,-1,1004840
26.065219,26.029600,73.880040,19,12,31,10.50946,0.08534,2134,73511962,356026094,-1,1005608
26.143199,26.096440,77.979880,18,13,31,10.84359,0.08534,4984,73892077,356061685,-1,931816
26.212619,26.179930,69.420070,18,13,31,11.26106,0.08534,2070,72883846,356049211,-1,820364
26.284838,26.246720,72.218650,18,13,31,11.59504,0.08534,848,71253961,356029664,-1,783462
26.355824,26.330220,70.985960,18,13,31,12.01254,0.08534,888,71578077,356012152,-1,709624
26.426233,26.397000,70.409030,18,13,31,12.34650,0.08534,848,70426885,356012152,-1,709624
26.496959,26.463810,70.726730,18,13,31,12.68049,0.08534,968,71022346,356036249,-1,709624
26.568420,26.530590,71.460340,18,13,31,13.01443,0.08534,912,70510577,356042582,-1,710394
26.641893,26.614040,73.473230,19,13,32,13.43170,0.08534,2368,72808000,356934913,-1,710404
26.708843,26.680830,66.950000,19,13,32,13.76562,0.08534,4552,68069730,356939157,-1,599698
26.778559,26.747600,69.715840,19,13,32,14.09951,0.08534,888,69474500,356938349,-1,488246
26.843573,26.814390,65.014380,19,13,32,14.43345,0.08534,848,66994116,356942448,-1,525148
26.919208,26.881160,75.634650,19,13,32,14.76728,0.08534,848,73723231,356915333,-1,451330
27.003767,26.964650,84.558580,19,13,32,15.18467,0.08534,1008,84049385,356935779,-1,451310
27.084216,27.048140,80.449350,19,13,32,15.60217,0.08534,2134,80838154,356946013,-1,378274
27.158509,27.114970,74.292810,19,13,32,15.60217,0.08534,888,77547846,356939385,-1,230676
27.240356,27.198500,81.847270,19,13,32,15.60217,0.08534,4632,80650423,356956766,-1,230678
27.321162,27.282040,80.805920,19,13,32,15.60217,0.08534,888,80256192,356954843,-1,266834
27.398117,27.365590,76.955120,19,13,32,15.60217,0.08534,888,77068000,356951088,-1,377526
27.477636,27.432430,79.519390,19,13,32,15.60217,0.08534,928,78962346,356928737,-1,303722
27.560620,27.516020,82.983420,19,13,32,15.60217,0.08534,1008,82268308,356954211,-1,377506
27.633058,27.599550,72.438080,19,13,32,15.60217,0.08534,912,72873616,356954282,-1,378274
27.698127,27.666400,65.068660,18,14,32,15.60217,0.08534,4984,65611577,356972209,-1,452090
27.767266,27.733290,69.139230,18,14,32,15.60217,0.08534,2454,68488847,356887354,-1,414442
27.833177,27.800160,65.911420,18,14,32,15.60217,0.08534,848,65910807,356080716,-1,451344
27.899579,27.867000,66.401920,18,14,32,15.60217,0.08534,888,66425539,356063388,-1,451330
27.966680,27.933840,67.100960,18,14,32,15.60217,0.08534,848,66447385,356053967,-1,451330
28.032949,28.000670,66.269310,18,14,32,15.60217,0.08534,2070,66598692,356058306,-1,451310
28.099891,28.067520,66.941540,18,14,32,15.60217,0.08534,1008,66896616,356082440,-1,451310
28.168655,28.134370,68.763770,18,14,32,15.60217,0.08534,872,68226731,356088878,-1,452078
28.234767,28.201200,66.112300,18,14,32,15.60217,0.08534,848,66290346,356089154,-1,525894
28.301066,28.268020,66.299230,18,14,32,15.60217,0.08534,888,66371308,356066343,-1,525894
28.369720,28.334820,68.653920,17,15,32,15.60217,0.08534,4904,68051653,356109832,-1,525894
28.436480,28.401640,66.759890,17,15,32,15.60217,0.08534,2030,67263346,356099577,-1,488246
28.504986,28.468460,68.505730,17,15,32,15.60217,0.08534,848,67436038,356094991,-1,525128
28.572642,28.551960,67.656500,17,15,32,15.60217,0.08534,808,68478653,356077251,-1,525114
28.643112,28.618740,70.469810,18,15,33,15.60217,0.08534,2328,69794615,356970385,-1,525114
28.711688,28.685550,68.575610,18,15,33,15.60217,0.08534,848,68946769,356971565,-1,672724
28.782702,28.752320,71.014810,18,15,33,15.60217,0.08534,808,70894038,356966138,-1,746526
28.852558,28.819090,69.855800,18,15,33,15.60217,0.08534,808,69304500,356966434,-1,746526
28.923293,28.885850,70.735190,18,15,33,15.60217,0.08534,848,70570730,356966154,-1,746526
28.993022,28.969300,69.728160,18,15,33,15.60217,0.08534,808,70169000,356970530,-1,746526
29.064458,29.036070,71.436810,18,15,33,15.60217,0.08534,2030,70716962,356974681,-1,746526
29.135006,29.102870,70.548000,18,15,33,15.60217,0.08534,1008,70968192,356985875,-1,746526
29.205505,29.169690,70.498270,18,15,33,15.60217,0.08534,872,69924269,356991250,-1,747274
29.275627,29.253200,70.122770,18,15,33,15.60217,0.08534,848,69812270,356991066,-1,747286
29.345939,29.320010,70.311230,18,15,33,15.60217,0.08534,1272,70878039,356888377,-1,747286
29.416400,29.386800,70.461000,18,15,33,15.60217,0.08534,4924,70457384,356116576,-1,673482
29.490041,29.453640,73.641380,18,15,33,15.60217,0.08534,848,69299692,356116054,-1,635834
29.557727,29.520460,67.685920,18,15,33,15.60217,0.08534,888,70842846,356126675,-1,672736
29.625715,29.604000,67.988340,18,15,33,15.60217,0.08534,968,68725116,356133227,-1,820330
29.696330,29.670840,70.614920,18,15,33,15.60217,0.08534,872,70609770,356139360,-1,821098
29.768221,29.737640,71.890880,18,15,33,15.60217,0.08534,888,70951730,356140185,-1,821112
29.842247,29.804460,74.025420,17,16,33,15.60217,0.08534,4904,74152077,356151621,-1,821110
29.913353,29.887970,71.106880,17,16,33,15.60217,0.08534,2030,71506423,356155753,-1,857266
29.983749,29.954760,70.395690,17,16,33,15.60217,0.08534,1232,69577385,356062541,-1,894168
30.055106,30.021550,71.357080,18,16,34,15.60217,0.08534,3550,71913307,355331605,-1,820350
30.129672,30.088360,74.566150,18,16,34,15.60217,0.41946,808,72163692,355336303,-1,820350
30.202830,30.171860,73.157310,18,16,34,15.60217,0.83696,968,71827923,355352105,-1,820350
30.273912,30.238680,71.082580,18,16,34,15.60217,1.17103,832,71841769,355356174,-1,821098
30.344876,30.305510,70.963230,18,16,34,15.60217,1.50523,4512,71028769,355378841,-1,821110
30.415901,30.389010,71.025920,18,16,34,15.60217,1.92272,848,71501577,355362215,-1,783462
30.487744,30.455830,71.842270,18,16,34,15.60217,2.25683,848,71263730,355356961,-1,820364
30.563237,30.522640,75.493230,19,16,35,15.60217,2.59092,2368,74801116,356231593,-1,820350
30.633498,30.606190,70.261310,19,16,35,15.60217,3.00861,888,71234115,356223109,-1,931056
30.706064,30.673030,72.565690,20,16,36,15.60217,3.34284,2488,72198923,356329265,-1,931036
30.778768,30.739870,72.704230,19,17,36,15.60217,3.67704,4928,70803307,356366108,-1,931804
30.850771,30.823410,72.003110,19,17,36,15.60217,4.09478,2070,72870307,356374154,-1,894172
30.925500,30.890260,74.728690,19,17,36,15.60217,4.42901,808,74304654,356346624,-1,931070
30.999331,30.957110,73.830810,19,17,36,15.60217,4.76328,848,73326461,356329048,-1,931056
31.070994,31.040650,71.662810,20,17,37,15.60217,5.18100,3630,73141192,356414228,-1,931056
31.145483,31.107530,74.489270,20,17,37,15.60217,5.51538,888,73030153,356414124,-1,931036
31.218793,31.174360,73.309840,20,17,37,15.60217,5.84951,1008,74474577,356447355,-1,931036
31.293767,31.257900,74.974110,20,17,37,15.60217,6.26720,4656,74241269,356481678,-1,931804
31.367278,31.324750,73.511460,20,17,37,15.60217,6.60140,888,74065615,356465017,-1,967972
31.441049,31.408260,73.771160,20,17,37,15.60217,7.01897,1272,72651461,356370557,-1,1004874
31.512146,31.475080,71.096420,20,17,37,15.60217,7.35306,968,71543038,355550671,-1,931056
31.588200,31.541930,76.054420,21,17,38,15.60217,7.68731,2448,75585153,356434497,-1,931036
31.660145,31.625460,71.944420,21,17,38,15.60217,8.10493,928,72480807,356435049,-1,1004840
31.737658,31.692280,77.513150,21,17,38,15.60217,8.43901,1088,76151962,356457183,-1,1004840
31.814111,31.775800,76.453120,21,17,38,15.60217,8.85666,952,75029692,356466998,-1,1005608
31.885500,31.842620,71.388920,20,18,38,15.60217,9.19073,4984,73182961,356483708,-1,1079422
31.958970,31.926150,73.469770,20,18,38,15.60217,9.60833,2150,74344923,356478796,-1,1041778
32.036382,31.993000,77.412420,20,18,38,15.60217,9.94259,928,75669115,356464409,-1,1078678
32.112264,32.076540,75.882160,21,18,39,15.60217,10.36032,3670,76085885,357343682,-1,1078644
32.185560,32.143370,73.295650,21,18,39,15.60217,10.69447,968,73377461,357347210,-1,1115546
32.261280,32.226900,75.719690,21,18,39,15.60217,11.11208,1048,75587384,357368169,-1,1115546
32.336876,32.293750,75.596270,21,18,39,15.60217,11.44631,952,75351000,357374150,-1,1116314
32.410946,32.377260,74.070270,21,18,39,15.60217,11.86387,5056,74285385,357313620,-1,1116326
32.484386,32.444110,73.440080,21,18,39,15.60217,12.19812,928,73307769,356494985,-1,1004874
32.557588,32.527620,73.201770,21,18,39,15.60217,12.61569,968,73933500,356494555,-1,1041776
32.632394,32.594450,74.806300,22,18,40,15.60217,12.94986,2528,74688885,356560530,-1,1004860
32.701584,32.677990,69.189270,23,18,41,15.60217,13.36758,2488,70411615,356648005,-1,967938
32.783712,32.744830,82.128690,23,18,41,15.60217,13.70173,1088,80813769,356669051,-1,967938
32.883182,32.828370,99.469500,23,18,41,15.60217,14.11942,1032,98080923,356674882,-1,931804
32.979361,32.928590,96.179270,22,19,41,15.60217,14.62055,5024,94877193,356700737,-1,931814
33.071470,33.012120,92.108610,22,19,41,15.60217,15.03822,2150,94059461,356689241,-1,820364
33.163392,33.112410,91.922070,23,19,42,15.60217,15.03822,2528,94804231,356763322,-1,783450
33.269387,33.195950,105.995700,23,19,42,15.60217,15.03822,1008,103679384,356763467,-1,783428
33.360819,33.312910,91.432000,23,19,42,15.60217,15.03822,1048,92562962,356772251,-1,857232
33.447040,33.396450,86.221000,23,19,42,15.60217,15.03822,1008,85690923,356767443,-1,931036
33.519573,33.480000,72.532070,23,19,42,15.60217,15.03822,1392,72854193,356672549,-1,857232
33.593195,33.563550,73.622850,23,19,42,15.60217,15.03822,1088,73701923,355876029,-1,820330
33.666796,33.630400,73.600190,24,19,43,15.60217,15.03822,2568,72737038,355957011,-1,783428
33.738768,33.713940,71.972310,24,19,43,15.60217,15.03822,1048,72050461,355956772,-1,894114
33.810811,33.780780,72.042770,24,19,43,15.60217,15.03822,1088,72512885,355956772,-1,894114
33.884608,33.847600,73.797420,24,19,43,15.60217,15.03822,1048,73227461,355960732,-1,931016
33.957225,33.931170,72.616500,24,19,43,15.60217,15.03822,1048,72936731,355960380,-1,967918
34.031698,33.998000,74.473460,24,19,43,15.60217,15.03822,1208,73818923,355980926,-1,967918
34.105129,34.064830,73.431340,24,19,43,15.60217,15.03822,2334,73376154,355987706,-1,968686
34.179832,34.148390,74.702690,25,19,44,15.60217,15.03822,2608,74896384,356888722,-1,968698
34.252651,34.215230,72.819310,25,19,44,15.60217,15.03822,5204,72451269,356894567,-1,1005600
34.326901,34.298770,74.249420,25,19,44,15.60217,15.03822,1088,73938500,356894782,-1,967954
34.403344,34.365600,76.442850,25,19,44,15.60217,15.03822,1088,76279000,356898496,-1,1004854
34.477007,34.449130,73.663380,25,19,44,15.60217,15.03822,1128,74258730,356881279,-1,1004840
34.552352,34.515980,75.344770,25,19,44,15.60217,15.03822,1592,74727153,356813331,-1,1041742
34.628468,34.599560,76.116580,25,19,44,15.60217,15.03822,1152,75755307,356026818,-1,1005608
34.702049,34.666370,73.580650,26,19,45,15.60217,15.03822,2688,73467154,356097435,-1,1005618
34.774767,34.749890,72.717850,26,20,46,15.60217,15.03822,6704,73396654,356344117,-1,1005620
34.848454,34.816700,73.687270,26,20,46,15.60217,15.03822,2310,73407654,356343700,-1,967972
34.922349,34.883510,73.895230,26,20,46,15.60217,15.03822,1128,73595847,356342793,-1,1004874
34.997951,34.967040,75.601810,26,20,46,15.60217,15.03822,1088,76140423,356316929,-1,1004860
35.072611,35.033910,74.659770,26,20,46,15.60217,15.03822,2430,74144538,356337106,-1,1078644
35.147308,35.117430,74.696920,26,20,46,15.60217,15.03822,1192,74306077,356346753,-1,1079412
35.224415,35.184250,77.107190,27,20,47,15.60217,15.03822,2688,77315692,357218955,-1,1079422
35.298013,35.267760,73.598110,27,20,47,15.60217,15.03822,4872,73597000,357240322,-1,1153228
35.375032,35.334560,77.018690,27,20,47,15.60217,15.03822,1208,76431500,357244951,-1,1115580
35.450929,35.418110,75.897190,27,20,47,15.60217,15.03822,1168,75807808,357245001,-1,1152484
35.528817,35.484920,77.888310,27,20,47,15.60217,15.03822,1168,78049154,357218115,-1,1152468
35.606119,35.568440,77.301190,27,20,47,15.60217,15.03822,1328,77137115,357242493,-1,1152448
35.683682,35.651990,77.563730,27,20,47,15.60217,15.03822,1232,77785654,357248868,-1,1153216
35.762439,35.718860,78.756650,27,21,48,15.60217,15.03822,6784,77698577,358155593,-1,1153226
35.837769,35.802370,75.330420,27,21,48,15.60217,15.03822,2430,75822231,358153296,-1,1152482
35.915508,35.885930,77.738460,27,21,48,15.60217,15.03822,1168,78033692,358148466,-1,1189384
35.994635,35.952730,79.126730,27,21,48,15.60217,15.03822,1168,78370538,358131826,-1,1263174
36.071768,36.036250,77.133650,27,21,48,15.60217,15.03822,2430,77371692,358132052,-1,1263174
36.152463,36.119840,80.694660,27,21,48,15.18425,15.03822,1288,77637231,358161998,-1,1263154
36.233421,36.186650,80.958500,27,21,48,14.85025,15.03822,1232,80316077,358959712,-1,1263922
36.311966,36.270160,78.544380,28,21,49,14.43266,15.03822,6472,78981231,360674930,-1,1374640
36.390767,36.353700,78.801000,28,21,49,14.01494,15.03822,1592,77979346,361425431,-1,1447698
36.468080,36.420520,77.313230,28,21,49,13.68084,15.03822,1208,78006577,360623496,-1,1484586
36.549375,36.504070,81.295350,28,21,49,13.26303,15.03822,1248,81075615,360600897,-1,1447684
36.630258,36.587620,80.882580,28,21,49,12.84532,15.03822,1208,81551462,361399561,-1,1447666
36.715839,36.671140,85.581500,28,21,49,12.42766,15.03822,1328,84437654,362217995,-1,1521468
36.800975,36.754670,85.135770,28,22,50,12.01005,15.03822,6888,85376154,365145331,-1,1596040
36.886170,36.838210,85.194580,29,22,51,11.59233,15.03822,3950,83778615,366010134,-1,1742914
36.974675,36.921740,88.505350,29,22,51,11.17469,15.03822,1208,90263962,366008619,-1,1853606
37.067518,37.005280,92.843120,29,22,51,10.75701,15.03822,2470,92239807,365985876,-1,1853606
37.166492,37.105500,98.974080,29,22,51,10.25588,15.03822,1208,97719038,366783860,-1,1853586
37.251451,37.205730,84.958890,29,22,51,9.75472,15.03822,1368,85911846,367604066,-1,1890488
37.338538,37.289280,87.087190,29,22,51,9.33699,15.03822,5016,86664192,367642426,-1,1891256
37.427573,37.372850,89.034880,30,22,52,8.91915,15.03822,3192,89920385,368421870,-1,1853620
37.511187,37.473070,83.613690,30,22,52,8.41808,15.03822,8948,83357846,367635542,-1,1853606
37.599272,37.556590,88.084920,30,22,52,8.00041,15.03822,2510,86323962,367618044,-1,1816724
37.682017,37.640120,82.745120,30,22,52,7.58276,15.03822,1288,84149615,367621971,-1,1779840
37.769627,37.723630,87.610460,30,22,52,7.16520,15.03822,1448,86729654,367642661,-1,1779840
37.855752,37.807190,86.124660,30,22,52,6.74741,15.03822,5056,86626500,367670468,-1,1669902
37.940819,37.890730,85.066730,31,22,53,6.32973,15.03822,2848,85713731,368545008,-1,1595348
38.025642,37.974260,84.823110,31,22,53,5.91209,15.03822,1368,82904615,368548374,-1,1669136
38.109617,38.057800,83.974770,31,22,53,5.49439,15.03822,2550,84350308,369319906,-1,1669136
38.190270,38.141330,80.653310,31,22,53,5.07676,15.03822,1328,81078461,369324334,-1,1706018
38.274423,38.224870,84.152500,31,22,53,4.65902,15.03822,1488,83482885,369325773,-1,1706018
38.357575,38.308380,83.152620,30,23,53,4.24146,15.03822,5408,82664461,369370728,-1,1596040
38.438798,38.391890,81.222850,31,23,54,3.82388,15.03822,4454,82445577,370157556,-1,1521502
38.520081,38.475420,81.283040,31,23,54,3.40623,15.03822,1368,80724692,369355349,-1,1558390
38.613861,38.558940,93.780000,31,23,54,2.98858,15.03822,1328,93544077,369333123,-1,1521488
38.736911,38.659190,123.050300,31,23,54,2.48737,15.03822,1328,122009693,369332739,-1,1521468
38.865788,38.776120,128.877200,32,23,55,1.90272,15.03822,3008,129136423,369448551,-1,1484566
38.980079,38.909740,114.290300,33,23,56,1.23461,15.03822,7160,115351884,370415984,-1,1485334
39.098524,39.026670,118.445700,33,23,56,0.64996,15.03822,2630,117383154,370394167,-1,1447698
39.207726,39.143600,109.202000,33,23,56,0.64996,15.03822,1368,113216731,370386365,-1,1484566
39.311734,39.243840,104.007800,33,23,56,0.64996,15.03822,1448,102380115,370380183,-1,1484566
39.392367,39.344070,80.632580,33,23,56,0.64996,15.03822,1568,80995730,370395897,-1,1484568
39.475004,39.427640,82.637500,34,23,57,0.64996,15.03822,2992,82427769,371295046,-1,1485334
39.553454,39.511180,78.449460,34,23,57,0.64996,15.03822,5192,78391116,371314021,-1,1559148
39.636259,39.594730,82.805270,34,23,57,0.64996,15.03822,1448,82711423,371303082,-1,1521502
39.717072,39.678270,80.812770,34,23,57,0.64996,15.03822,1448,79481346,371303003,-1,1558370
39.797710,39.761810,80.637810,34,23,57,0.64996,15.03822,1488,81475769,371289681,-1,1521468
39.878691,39.845370,80.981230,34,23,57,0.64996,15.03822,1568,80887308,371314331,-1,1558370
39.960100,39.912220,81.408810,34,23,57,0.64996,15.03822,1896,81116769,371231706,-1,1559138
40.045475,39.995760,85.375340,34,24,58,0.64996,15.03822,7104,84958461,371360071,-1,1485346
40.126074,40.079300,80.598850,34,24,58,0.64996,15.03822,2670,80456923,371330450,-1,1558404
40.206218,40.162860,80.144620,34,24,58,0.64996,15.03822,1448,80351346,371335555,-1,1595292
40.288882,40.246410,82.663730,34,24,58,0.64996,15.03822,1488,82929692,371309116,-1,1595292
40.371903,40.329990,83.020420,34,24,58,0.64996,15.03822,1448,82642230,371309181,-1,1632174
40.454117,40.413540,82.214040,34,24,58,0.64996,15.03822,1568,82231538,371338919,-1,1632174
40.538417,40.497090,84.300810,34,25,59,0.64996,15.03822,7128,83914000,372267095,-1,1669844
40.617652,40.580630,79.234570,34,25,59,0.64996,15.03822,2670,79762538,372248380,-1,1742916
40.706756,40.664180,89.104160,34,25,59,0.64996,15.03822,1448,88162077,372248061,-1,1779802
40.789639,40.747710,82.883270,34,25,59,0.64996,15.03822,1488,82904962,372224290,-1,1779802
40.946554,40.831280,156.915000,35,25,60,0.64996,15.03822,2968,154470038,373182896,-1,1779782
40.978613,40.981700,32.058770,35,25,60,0.64996,15.03822,1656,35891231,372693179,-1,1816684
41.043522,41.015120,64.908770,36,25,61,0.64996,15.03822,4254,62987616,373584525,-1,1854354
41.126883,41.081950,83.360530,36,25,61,0.64996,15.03822,5192,83136961,373608313,-1,1928170
41.213300,41.165500,86.417850,36,25,61,0.64996,15.03822,1488,86718000,373585511,-1,1890522
41.298697,41.249020,85.396460,36,25,61,0.64996,15.03822,1528,84849192,373575628,-1,1927424
41.386710,41.332530,88.013230,36,25,61,0.64996,15.03822,1528,86904770,373558955,-1,1927390
41.471726,41.432800,85.015540,36,25,61,0.64996,15.03822,1528,85906462,373559450,-1,1964292
41.558186,41.516360,86.460460,36,25,61,0.64996,15.03822,1728,85662577,373584040,-1,1964292
41.642839,41.599880,84.653110,35,26,61,0.64996,15.03822,9712,84917423,373540422,-1,2001962
41.728245,41.683400,85.405650,35,26,61,0.64996,15.03822,2750,85257962,372722378,-1,1890542
41.814540,41.766920,86.295350,35,26,61,0.64996,15.03822,1568,86167115,372722466,-1,1927448
41.902567,41.850480,88.027080,35,26,61,0.64996,15.03822,1528,87998423,372690703,-1,1927450
41.994203,41.934010,91.635610,35,26,61,0.64996,15.03822,1528,90649807,372690866,-1,1927428
42.083236,42.034260,89.032650,35,26,61,0.64996,15.03822,2910,89771731,372708993,-1,1927410
42.170399,42.117800,87.163890,35,26,61,0.64996,14.62048,5640,84633731,372654915,-1,1965080
42.257575,42.201340,87.176000,35,26,61,0.64996,14.20273,1528,85889654,371841569,-1,1853640
42.342514,42.301610,84.938350,35,26,61,0.64996,13.70140,1568,85207077,371836049,-1,1927430
42.427949,42.385160,85.435390,35,26,61,0.64996,13.28365,1528,85830423,371794567,-1,1964332
42.514541,42.468700,86.591770,35,26,61,0.64996,12.86595,1528,85854539,371794870,-1,2001194
42.601429,42.552250,86.888380,35,26,61,0.64996,12.44826,1688,87665846,371816725,-1,2111900
42.689239,42.635790,87.809810,35,26,61,0.64996,12.03058,5256,86643653,372648120,-1,2112668
42.774756,42.719330,85.517390,35,26,61,0.64996,11.61289,1528,86382462,372631372,-1,2185738
42.866702,42.819560,91.945420,35,26,61,0.64996,11.11174,1568,89860846,372625597,-1,2259528
42.959733,42.903080,93.031540,36,26,62,0.64996,10.69415,3048,93561846,372684792,-1,2259528
43.051720,43.003300,91.986310,36,26,62,0.64996,10.19308,2750,92476576,372685443,-1,2296410
43.142206,43.086780,90.486110,36,26,62,0.64996,9.77566,1688,90140154,372705453,-1,2333312
43.237122,43.187000,94.915650,35,27,62,0.64996,9.27454,5608,94715423,372741893,-1,2334082
43.331562,43.270490,94.440040,35,27,62,0.64996,8.85709,3094,94209730,372636279,-1,2296444
43.422156,43.370680,90.594310,35,27,62,0.64996,8.35616,1568,90112154,371806865,-1,2259528
43.510588,43.454160,88.432080,35,27,62,0.64996,7.93874,1528,88343462,371806786,-1,2259508
43.599187,43.554370,88.599340,35,27,62,0.64996,7.43771,1528,88904077,371806606,-1,2333312
43.691065,43.637880,91.877730,35,27,62,0.64996,7.02012,1688,91929346,371829076,-1,2333312
43.785642,43.721440,94.576540,35,27,62,0.64996,6.60233,1552,93081885,371836095,-1,2334080
43.874997,43.821670,89.355460,35,27,62,0.64996,6.10118,5232,90524500,371843106,-1,2334090
43.964451,43.905230,89.454350,35,27,62,0.64996,5.68339,1568,89726154,371826304,-1,2296444
44.055162,44.005510,90.710430,35,27,62,0.64996,5.18202,2750,90597731,371810089,-1,2333312
44.148121,44.089070,92.959580,35,27,62,0.64996,4.76423,1528,90680423,371809265,-1,2333312
44.238252,44.189320,90.130770,35,27,62,0.64996,4.26296,1688,90696616,371834360,-1,2296410
44.328218,44.272840,89.966160,35,27,62,0.64996,3.84529,5256,90095115,371866079,-1,2297178
44.421837,44.356400,93.619080,35,27,62,0.64996,3.42751,1528,94436500,371845873,-1,2296444
44.558819,44.456650,136.981500,35,27,62,0.64996,2.92627,1568,136011923,371845850,-1,2333332
44.691810,44.590300,132.991500,35,27,62,0.64996,2.25804,1528,135608039,371813323,-1,2296432
44.838407,44.723950,146.596700,35,27,62,0.64996,1.58976,1688,145485000,371834493,-1,2296410
44.980879,44.874330,142.471600,34,28,62,0.64996,0.83790,5992,139466923,371785586,-1,2297178
45.117815,45.024700,136.936200,35,28,63,0.64996,0.08602,4270,137554384,371839211,-1,2185738
45.201546,45.158390,83.730840,35,28,63,0.64996,0.08602,1488,86092807,371822861,-1,2259508
45.290298,45.241910,88.752230,35,28,63,0.64996,0.08602,1528,89002462,371821958,-1,2259508
45.379710,45.325440,89.412380,35,28,63,0.64996,0.08602,1488,88816000,371821542,-1,2296410
45.467280,45.425700,87.570000,35,28,63,0.64996,0.08602,1528,87888000,371822550,-1,2296410
45.556727,45.509230,89.446380,35,28,63,0.64996,0.08602,1568,89308769,371816006,-1,2296410
45.645434,45.592760,88.707810,35,28,63,0.64996,0.08602,1528,88437269,371806610,-1,2296410
45.734411,45.676270,88.976840,35,28,63,0.64996,0.08602,1528,88583269,371806535,-1,2333292
45.823744,45.776540,89.332660,35,28,63,0.64996,0.08602,1568,89349923,371806943,-1,2333292
45.914851,45.860090,91.107350,35,28,63,0.64996,0.08602,1528,90589769,371805900,-1,2333292
46.002844,45.960330,87.992840,35,28,63,0.64996,0.08602,1528,88288846,371805631,-1,2333292
46.092951,46.043850,90.107150,35,28,63,0.64996,0.08602,2910,89960462,371826309,-1,2333292
46.181013,46.127400,88.062160,35,28,63,0.64996,0.08602,1552,86986269,371833251,-1,2370964
46.273567,46.227650,92.553380,35,28,63,0.64996,0.08602,1528,93577885,371818823,-1,2370972
46.365971,46.311190,92.404190,34,29,63,0.64996,0.08602,5996,91847846,371847423,-1,2370972
46.454998,46.411410,89.026960,34,29,63,0.64996,0.08602,2710,88898923,371843054,-1,2333326
46.544387,46.494930,89.389270,34,29,63,0.64996,0.08602,1872,89317846,371738571,-1,2370214
46.635854,46.578460,91.466270,34,29,63,0.64996,0.08602,1648,90807308,370960531,-1,2296410
46.725721,46.678700,89.867730,34,29,63,0.64996,0.08602,1512,89570577,370966506,-1,2334080
46.814133,46.762250,88.411650,34,29,63,0.64996,0.08602,1488,88742307,370950005,-1,2334090
46.904879,46.845810,90.746230,34,29,63,0.64996,0.08602,5232,90250961,370972353,-1,2334092
46.993740,46.946040,88.860770,34,29,63,0.64996,0.08602,1488,89024539,370972203,-1,2296444
47.084105,47.029590,90.364690,35,29,64,0.64996,0.08602,4230,89979231,371829610,-1,2333332
47.172234,47.129840,88.129460,35,29,64,0.64996,0.08602,1648,88660077,371849679,-1,2370214
47.264331,47.213390,92.097040,35,29,64,0.64996,0.08602,1512,91034962,371856187,-1,2370982
47.354800,47.296940,90.469040,34,30,64,0.64996,0.08602,5544,90614154,371869259,-1,2407894
47.447908,47.397170,93.108040,34,30,64,0.64996,0.08602,2710,92500538,371858783,-1,2370248
47.539966,47.480730,92.057580,34,30,64,0.64996,0.08602,1488,92402153,371842162,-1,2444040
47.636946,47.580990,96.980580,34,30,64,0.64996,0.08602,1488,96618769,371832390,-1,2444038
47.730954,47.681270,94.007880,34,30,64,0.64996,0.08602,1648,94446846,371857352,-1,2444018
47.823302,47.764830,92.347890,34,30,64,0.64996,0.08602,1512,91261577,371857807,-1,2444786
47.912671,47.865100,89.369270,34,30,64,0.64996,0.08602,5192,90510269,371865246,-1,2481698
48.008894,47.948640,96.222770,34,30,64,0.64996,0.08602,1912,95408154,371776618,-1,2444052
48.101322,48.048920,92.427850,34,30,64,0.64996,0.08602,2710,92395347,370952959,-1,2407136
48.196480,48.132480,95.157880,34,30,64,1.06777,0.08602,1488,92350923,370956596,-1,2407116
48.286935,48.232710,90.454890,34,30,64,1.56895,0.08602,1648,90255077,370976866,-1,2407116
48.379506,48.316270,92.571730,34,30,64,1.98674,0.08602,1512,92054270,370978002,-1,2407884
48.470335,48.416520,90.828040,33,31,64,2.48799,0.08602,5544,90746846,370995588,-1,2444796
48.562547,48.500080,92.212070,33,31,64,2.90575,0.08602,2710,91246039,370986221,-1,2444052
48.658266,48.600330,95.718930,33,31,64,3.40701,0.08602,1448,97016923,370955772,-1,2480940
48.757704,48.700580,99.438120,33,31,64,3.90827,0.08602,1488,98068192,370955836,-1,2480920
48.852424,48.800860,94.720810,33,31,64,4.40966,0.08602,1568,95786154,370980699,-1,2517822
48.949218,48.884410,96.793690,33,31,64,4.82747,0.08602,1472,96018577,370981550,-1,2518592
49.046683,48.984660,97.464610,33,31,64,5.32872,0.08602,5576,96376077,370899666,-1,2444796
49.136402,49.084930,89.718810,34,31,65,5.83005,0.08602,4190,91597153,370188541,-1,2333346
49.229344,49.168440,92.942230,34,31,65,6.24762,0.08602,1448,90812077,370157031,-1,2370234
49.319932,49.268660,90.587770,34,31,65,6.74871,0.08602,1488,91571116,370156268,-1,2333312
49.410766,49.352190,90.834880,34,31,65,7.16633,0.08602,1568,91253115,370175007,-1,2185704
49.499277,49.452420,88.510460,34,31,65,7.66754,0.08602,1472,87020192,370181918,-1,2186472
49.585079,49.535980,85.802230,33,32,65,8.08533,0.08602,5584,87325500,370195465,-1,1965070
49.671099,49.619540,86.020270,33,32,65,8.50308,0.08602,2670,84776116,370183442,-1,1927424
49.754331,49.703080,83.231460,33,32,65,8.92076,0.08602,1448,83312539,370173190,-1,1742900
49.837437,49.786590,83.106230,33,32,65,9.33832,0.08602,1488,83099769,370154645,-1,1669076
49.918909,49.870130,81.471420,33,32,65,9.75600,0.08602,1568,82064384,370174823,-1,1595272
49.999717,49.953670,80.808390,33,32,65,10.17369,0.08602,1472,80497192,370180234,-1,1374628
50.077598,50.037200,77.881350,33,32,65,10.59135,0.08602,6798,77068807,370105594,-1,1374638
50.153304,50.120760,75.706120,33,32,65,11.00916,0.08602,1448,77767654,369302979,-1,1189384
50.228043,50.187580,74.739000,33,32,65,11.34327,0.08602,1448,75861961,369304002,-1,1152470
50.315028,50.271130,86.984150,33,32,65,11.76103,0.08602,1488,86750385,369276459,-1,1078664
50.417928,50.354660,102.900700,33,32,65,12.17865,0.08602,1448,100370500,369275026,-1,857232
50.508691,50.454910,90.762570,33,32,65,12.67987,0.08602,1448,91502807,369279163,-1,635820
50.600547,50.538450,91.856230,33,32,65,13.09758,0.08602,1488,91522384,369276894,-1,562016
50.688223,50.638700,87.676350,33,32,65,13.59884,0.08602,1448,86361231,369271070,-1,488212
50.773792,50.722240,85.568960,33,32,65,14.01656,0.08602,1448,85860692,369271446,-1,488212
50.854234,50.805790,80.442120,33,32,65,14.43428,0.08602,1488,82281269,369269318,-1,414408
50.937388,50.889310,83.153470,33,32,65,14.85192,0.08602,1448,81981038,369268971,-1,414388
51.013663,50.972840,76.275080,33,32,65,15.26955,0.08602,1448,76211653,369268011,-1,266780
51.077813,51.056370,64.149610,33,32,65,15.68720,0.08602,2710,63252307,369259834,-1,192976
51.138072,51.123200,60.259770,34,32,66,15.68720,0.08602,3352,63605500,369262210,-1,192976
51.202674,51.173340,64.601880,34,32,66,15.68720,0.08602,1448,63694423,368466048,-1,192976
51.266786,51.240190,64.111730,34,32,66,15.68720,0.08602,1448,64101000,368465439,-1,192976
51.331304,51.307050,64.518000,34,32,66,15.68720,0.08602,1488,64452462,368460779,-1,192976
51.396041,51.373900,64.736570,34,32,66,15.68720,0.08602,1448,63703115,368460799,-1,192978
51.461832,51.440730,65.791540,34,32,66,15.68720,0.08602,1448,66338923,368460735,-1,192976
51.525289,51.507570,63.457190,34,32,66,15.68720,0.08602,1488,64083077,368461176,-1,266780
51.589832,51.557690,64.542960,34,32,66,15.68720,0.08602,1488,63408154,368461176,-1,266780
51.655347,51.624530,65.514500,34,32,66,15.68720,0.08602,1488,65979231,368463052,-1,266780
51.720629,51.691350,65.282500,34,32,66,15.68720,0.08602,1488,65201616,368463148,-1,340584
51.786883,51.758180,66.253270,34,32,66,15.68720,0.08602,1528,65540770,368463628,-1,266780
51.850560,51.825030,63.677500,34,32,66,15.68720,0.08602,1488,64139654,368462540,-1,266780
51.915576,51.891880,65.015960,34,32,66,15.68720,0.08602,1488,64868731,368462316,-1,266780
51.981087,51.958690,65.511120,34,32,66,15.68720,0.08602,1528,64820692,368461723,-1,266780
52.046126,52.025510,65.039190,34,32,66,15.68720,0.08602,2710,65518538,368463403,-1,266780
52.112055,52.092340,65.928890,34,32,66,15.68720,0.08602,1488,65892039,368462910,-1,340584
52.176888,52.159160,64.833150,34,32,66,15.68720,0.08602,1528,64615923,368463940,-1,414388
52.243272,52.209280,66.383890,34,32,66,15.68720,0.08602,1488,66269115,368464100,-1,340584
52.310483,52.276090,67.211190,34,32,66,15.68720,0.08602,1488,66555885,368463547,-1,414388
52.375432,52.342930,64.948880,34,32,66,15.68720,0.08602,1488,65361153,368464444,-1,488194
52.445154,52.409740,69.721380,34,32,66,15.68720,0.08602,1528,69178923,368463948,-1,488192
52.512206,52.493260,67.052230,34,32,66,15.68720,0.08602,1488,66727154,368464228,-1,488192
52.578782,52.560070,66.575840,34,32,66,15.68720,0.08602,1488,67181653,368463948,-1,488192
52.646114,52.626920,67.332150,34,32,66,15.68720,0.08602,1648,67193884,368484702,-1,488192
52.713464,52.693750,67.350270,34,32,66,15.68720,0.08602,1512,66762846,368490902,-1,488960
52.779805,52.760570,66.340460,34,32,66,15.68720,0.08602,1488,66533461,368490510,-1,488972
52.847037,52.827380,67.232570,34,32,66,15.68720,0.08602,1528,67289961,368468731,-1,488972
52.915004,52.894230,67.966610,33,33,66,15.68720,0.08602,5916,67388230,368499110,-1,488972
52.982797,52.961040,67.793300,33,33,66,15.68720,0.08602,2670,68083269,368499724,-1,451324
53.051065,53.027850,68.267430,33,33,66,15.68720,0.08602,2710,68027346,368495110,-1,562030
53.117584,53.094640,66.519350,33,33,66,15.68720,0.08602,1448,66161307,368477374,-1,562016
53.184834,53.161450,67.249770,34,33,67,15.68720,0.08602,3088,67582769,368588766,-1,562016
53.253921,53.228270,69.087580,34,33,67,15.68720,0.08602,1512,68995846,368589940,-1,562784
53.323254,53.295090,69.332810,34,33,67,15.68720,0.08602,1448,68512192,368589275,-1,636600
53.389962,53.361910,66.707770,34,33,67,15.68720,0.08602,5152,67810424,368605184,-1,636602
53.459095,53.428760,69.133160,34,33,67,15.68720,0.08602,1488,68735038,368600725,-1,672756
53.530232,53.495610,71.136500,34,33,67,15.68720,0.08602,1448,70242616,368606599,-1,709658
53.600505,53.562450,70.273890,34,33,67,15.68720,0.08602,1448,70236000,368588710,-1,709644
53.670017,53.645980,69.511460,34,33,67,15.68720,0.08602,1528,70459539,368583649,-1,783448
53.739241,53.712830,69.223730,34,33,67,15.68720,0.08602,1608,69140577,368603755,-1,783428
53.809677,53.779660,70.436160,34,33,67,15.68720,0.08602,1512,69701577,368609992,-1,784196
53.879694,53.846510,70.016880,33,34,67,15.68720,0.08602,5584,70355346,368652940,-1,784208
53.951957,53.913340,72.263080,33,34,67,15.68720,0.08602,2670,71980039,368630048,-1,746560
54.023727,53.996890,71.769880,33,34,67,15.68720,0.08602,1448,71359769,368629746,-1,783462
54.093554,54.063730,69.827460,33,34,67,15.68720,0.08602,2710,70440423,368612417,-1,931056
54.168962,54.130590,75.408000,33,34,67,15.68720,0.42032,1448,72522347,368607596,-1,1004860
54.242264,54.214130,73.301500,33,34,67,15.68720,0.83802,1568,72659038,368632071,-1,1004840
54.316511,54.280970,74.247540,33,34,67,15.68720,1.17220,1512,74472884,368638600,-1,1005608
54.389656,54.347800,73.144770,33,34,67,15.68720,1.50635,1448,73136654,368638168,-1,1153228
54.462471,54.431370,72.815380,33,34,67,15.68720,1.92416,5152,73418231,368640489,-1,1153230
54.541560,54.498200,79.089230,33,34,67,15.68720,2.25834,1872,77299000,368555795,-1,1115580
54.614066,54.581750,72.505110,33,34,67,15.68720,2.67609,1448,73547846,367750512,-1,1078678
54.689756,54.648560,75.690080,33,34,67,15.68720,3.01015,1448,75364116,367732955,-1,1078644
54.765335,54.732090,75.579190,33,34,67,15.68720,3.42781,1608,75354192,367757181,-1,1078644
54.842113,54.798910,76.778040,33,34,67,15.68720,3.76192,1472,75186154,367762501,-1,1079412
54.913340,54.882500,71.227270,33,34,67,15.68720,4.17984,5152,73165115,367791674,-1,1079424
54.987761,54.949350,74.421230,33,34,67,15.68720,4.51407,1488,73219577,367768119,-1,1041776
55.062694,55.032890,74.932540,33,34,67,15.68720,4.93178,2670,75522192,367768472,-1,1078678
55.139433,55.099720,76.738920,33,34,67,15.68720,5.26592,1448,76160269,367755503,-1,1152468
55.211731,55.183280,72.297840,34,34,68,15.68720,5.68375,3008,72411000,367831821,-1,1226272
55.287723,55.250100,75.992810,34,34,68,15.68720,6.01784,1568,76245115,367856799,-1,1152448
55.363194,55.333650,75.470230,34,34,68,15.68720,6.43558,5176,75289538,367898614,-1,1227020
55.439737,55.400470,76.543390,34,34,68,15.68720,6.76967,1488,75577539,367886129,-1,1189384
55.515495,55.484030,75.758190,34,34,68,15.68720,7.18748,1832,75836654,367790453,-1,1226286
55.592932,55.550850,77.437120,34,34,68,15.68720,7.52156,1448,77829039,366977860,-1,1152470
55.669526,55.634410,76.593500,34,34,68,15.68720,7.93938,1528,76383462,366972127,-1,1226272
55.746365,55.701240,76.839420,34,34,68,15.68720,8.27351,1488,76733961,366971907,-1,1226252
55.822432,55.784760,76.067000,34,34,68,15.68720,8.69112,1608,76031692,366992669,-1,1189350
55.898482,55.868290,76.049650,34,34,68,15.68720,9.10878,5256,75717462,367026764,-1,1190118
55.975178,55.935140,76.695920,34,34,68,15.68720,9.44301,1488,76460577,367010423,-1,1152482
56.052492,56.018690,77.314270,34,34,68,15.68720,9.86075,2710,76923654,367011800,-1,1189384
56.123495,56.085570,71.002920,34,34,68,15.68720,10.19515,1528,73156615,366990013,-1,1189370
56.211707,56.169100,88.212390,34,34,68,15.68720,10.61280,1488,87837577,366989139,-1,1263154
56.316132,56.252620,104.424400,34,34,68,15.68720,11.03043,1488,102332154,366988162,-1,1226252
56.423734,56.352860,107.602200,34,34,68,15.68720,11.53161,1648,107150192,367013208,-1,1226252
56.527056,56.453120,103.322200,34,34,68,15.68720,12.03291,1512,103240385,367018620,-1,1227020
56.631899,56.570080,104.843200,33,35,68,15.68720,12.61773,5584,105052923,367034034,-1,1079422
56.733055,56.670320,101.155600,33,35,68,15.68720,13.11890,2670,100568461,367021430,-1,1041776
56.830393,56.770550,97.337540,33,35,68,15.68720,13.62003,1488,97933577,366999125,-1,1189350
56.899591,56.870780,69.198920,33,35,68,15.68720,14.12122,1448,69418885,367004231,-1,1189352
56.977905,56.937610,78.314000,33,35,68,15.68720,14.45537,1448,79564808,367002803,-1,1115546
57.053970,57.021160,76.064960,33,35,68,15.68720,14.87307,2710,75155000,367003530,-1,1078644
57.128306,57.088010,74.335810,33,35,68,15.68720,14.87307,1448,75732230,367018334,-1,1078644
57.202990,57.171550,74.684270,33,35,68,15.68720,14.87307,1448,74802270,367012506,-1,1078644
57.280305,57.238370,77.314960,34,35,69,15.68720,14.87307,3008,76509154,367899877,-1,1152448
57.353166,57.321890,72.861000,34,35,69,15.68720,14.87307,1448,73737692,367886128,-1,1189350
57.429885,57.388700,76.718770,34,35,69,15.68720,14.87307,1448,75941038,367886910,-1,1336938
57.505249,57.472250,75.364070,34,35,69,15.68720,14.87307,1488,75773500,367890673,-1,1263134
57.583399,57.539110,78.149500,34,35,69,15.68720,14.87307,1448,77311461,367890873,-1,1263134
57.661155,57.622660,77.755840,34,35,69,15.68720,14.87307,1448,77864192,367890990,-1,1263134
57.735891,57.706190,74.736190,34,35,69,15.68720,14.87307,1528,75358308,367894918,-1,1300036
57.815039,57.773020,79.147770,34,35,69,15.68720,14.87307,1488,78220346,367895358,-1,1336938
57.892852,57.856550,77.813650,34,35,69,15.68720,14.87307,1488,77137269,367898734,-1,1373840
57.971245,57.940100,78.392650,34,35,69,15.68720,14.87307,1528,79326846,367899230,-1,1373840
58.049515,58.006930,78.269810,34,35,69,15.68720,14.87307,2710,77700807,367903413,-1,1447646
58.129170,58.090490,79.655690,34,35,69,15.68720,14.87307,1488,79339384,367903197,-1,1447644
58.210121,58.174030,80.950500,34,35,69,15.68720,14.87307,2032,80966577,367834322,-1,1447644
58.289326,58.257550,79.204930,34,35,69,15.68720,14.87307,1512,78898269,367049265,-1,1374608
58.370998,58.324370,81.671920,34,35,69,15.68720,14.87307,1488,81796077,367032540,-1,1411520
58.448583,58.407910,77.585300,34,35,69,15.68720,14.87307,1528,77497654,367031244,-1,1522228
58.530466,58.491440,81.882650,34,35,69,15.68720,14.87307,5564,81779307,367064266,-1,1411522
58.610172,58.575000,79.706500,34,35,69,15.68720,14.87307,1488,79451808,367064380,-1,1521482
58.689708,58.641840,79.535610,34,35,69,15.68720,14.87307,1528,79168615,367067933,-1,1669076
58.772316,58.725380,82.607890,34,35,69,15.68720,14.87307,1608,82835500,367077853,-1,1669076
58.854652,58.808910,82.336000,34,35,69,15.68720,14.87307,1512,82007115,367081964,-1,1780550
58.936229,58.892450,81.577120,33,36,69,15.68720,14.87307,5584,81735962,367095222,-1,1706756
59.019772,58.975990,83.543430,33,36,69,15.68720,14.87307,2670,83378500,367094724,-1,1669110
59.101945,59.059560,82.172770,33,36,69,15.68720,14.87307,2670,81339192,367089764,-1,1779802
59.184670,59.143100,82.725430,33,36,69,15.68720,14.87307,1488,83298423,367072003,-1,1779802
59.269405,59.226640,84.734960,33,36,69,15.68720,14.87307,1568,84500116,367087793,-1,1816706
59.356476,59.310190,87.070810,34,36,70,15.68720,14.87307,2992,87065346,367977057,-1,1891256
59.440456,59.393750,83.979960,34,36,70,15.68720,14.87307,5192,83459385,367988845,-1,1928168
59.529689,59.477260,89.233080,34,36,70,15.68720,14.87307,1448,86184999,367998724,-1,1890522
59.610727,59.560780,81.037610,34,36,70,15.68720,14.87307,1448,83920231,368008244,-1,2001214
59.697252,59.644280,86.524850,34,36,70,15.68720,14.87307,1488,86376807,367985684,-1,1927410
59.784093,59.744480,86.841380,34,36,70,15.68720,14.87307,1568,87367923,368006503,-1,2001194
59.870245,59.827960,86.152190,34,36,70,15.68720,14.87307,1512,84809577,368013648,-1,2001962
59.957362,59.911430,87.116420,33,37,70,15.68720,14.87307,5584,87534269,368030818,-1,2001972
60.043952,59.994900,86.590160,33,37,70,15.68720,14.87307,2670,86547269,368023987,-1,1964326
60.133771,60.078370,89.818660,34,37,71,15.68720,14.87307,4190,89158269,368114105,-1,2001214
60.226059,60.178540,92.288040,35,37,72,15.18633,14.87307,3008,90605846,368977073,-1,2075018
60.313986,60.262030,87.927730,35,37,72,14.76890,14.87307,1568,87165500,369800484,-1,2185704
60.406026,60.345500,92.039570,36,37,73,14.35155,14.87307,6696,90046270,371511661,-1,2260276
60.492711,60.445680,86.685270,37,37,74,13.85069,14.87307,3008,88677384,371581139,-1,2296444
60.586793,60.529140,94.081420,37,37,74,13.43335,14.87307,5552,93651462,371486077,-1,2333334
60.678687,60.629300,91.894730,38,37,75,12.93256,14.87307,4270,90717384,370769608,-1,2259548
60.772902,60.712780,94.214310,38,37,75,12.51519,14.87307,1568,95311577,372365372,-1,2296448
60.866672,60.812970,93.770000,39,37,76,12.01420,14.87307,6888,92421577,372503322,-1,2407154
60.967667,60.896480,100.995800,39,37,76,11.59666,14.87307,6818,99872654,372530089,-1,2407942
61.066387,60.996700,98.719770,40,37,77,11.09555,14.87307,3168,99356038,373454331,-1,2370306
61.162430,61.096970,96.042340,41,37,78,10.59421,14.87307,4390,96408538,374323510,-1,2444096
61.258665,61.197250,96.235810,42,37,79,10.09278,14.87307,3208,97062500,375210863,-1,2407174
61.356031,61.297490,97.365430,43,37,80,9.59161,14.87307,3208,96541962,376102397,-1,2370254
61.449939,61.397770,93.908110,45,37,82,9.09023,14.87307,4888,92576038,378244294,-1,2444038
61.542811,61.481320,92.872380,45,37,82,8.67243,14.87307,5456,93268654,378276381,-1,2444806
61.638389,61.581580,95.577270,46,37,83,8.17115,14.87307,3672,96231384,379852101,-1,2333366
61.730166,61.681820,91.777850,47,37,84,7.66994,14.87307,3368,91797231,380709241,-1,2370234
61.821895,61.765400,91.728770,47,37,84,7.25206,14.87307,1848,91523576,381506025,-1,2333312
61.917012,61.865620,95.116810,48,37,85,6.75092,14.87307,3448,95488884,383250958,-1,2370214
62.003452,61.949200,86.440460,48,37,85,6.33307,14.87307,2088,87438077,383280680,-1,2554726
62.165308,62.049430,161.855100,49,37,86,5.83189,14.87307,4734,160382500,384972667,-1,2518590
62.310891,62.199780,145.583300,50,37,87,5.08013,14.87307,7272,145999807,385874006,-1,2481698
62.460305,62.350140,149.413700,51,37,88,4.32833,14.87307,3528,148988807,386763569,-1,2333326
62.602820,62.500510,142.515100,52,37,89,3.57650,14.87307,3728,143482193,387659256,-1,2333312
62.728587,62.634150,125.767800,52,38,90,2.90833,14.87307,11368,122931346,388598314,-1,2223374
62.815213,62.767710,86.625080,53,38,91,2.24052,14.87307,4870,87972230,388675442,-1,2222660
62.904145,62.851210,88.932660,53,38,91,1.82302,14.87307,2128,89201500,388645317,-1,2259566
62.999966,62.934690,95.820920,54,38,92,1.40563,14.87307,3688,95728347,389589517,-1,2222644
63.094273,63.034930,94.306580,55,38,93,0.90443,14.87307,5110,92896308,390521213,-1,2259546
63.184221,63.135160,89.948580,56,38,94,0.90443,14.87307,7456,92883846,391455072,-1,2297198
63.275054,63.218720,90.833110,56,38,94,0.90443,14.87307,2248,91038077,391440030,-1,2296464
63.369297,63.318980,94.242110,57,38,95,0.90443,14.87307,3808,92863846,392292415,-1,2333352
63.461233,63.402530,91.936730,58,38,96,0.90443,14.87307,3808,92160038,393185775,-1,2444018
63.552615,63.502770,91.381500,59,38,97,0.90443,14.87307,3848,91786462,393276031,-1,2444018
63.649120,63.586300,96.505200,59,38,97,0.90443,14.87307,2528,96539654,393302217,-1,2480922
63.746479,63.686560,97.359500,59,39,98,0.90443,14.87307,7968,97157308,394246589,-1,2555492
63.838609,63.786800,92.129150,60,39,99,0.90443,14.87307,5150,90772692,395169005,-1,2554758
63.928294,63.870400,89.685460,60,39,99,0.90443,14.87307,2408,91034154,395293234,-1,2665450
64.028197,63.970660,99.903310,61,39,100,0.90443,14.87307,3968,99303192,396195395,-1,2665430
64.124841,64.070900,96.643730,62,39,101,0.90443,14.87307,8910,96154769,397114870,-1,2702332
64.221916,64.171130,97.074840,63,39,102,0.90443,14.87307,5350,98356731,398040021,-1,2739272
64.320614,64.254650,98.698000,63,39,102,0.90443,14.87307,6640,97106154,397985369,-1,2813844
64.422387,64.354870,101.772800,64,39,103,0.90443,14.87307,4088,102262000,398060331,-1,2702404
64.518407,64.455100,96.020650,65,39,104,0.90443,14.87307,5144,96030077,398935956,-1,2813096
64.619244,64.555300,100.836800,66,39,105,0.90443,14.87307,4168,101405039,399960029,-1,2886880
64.719946,64.655510,100.702100,67,39,106,0.90443,14.87307,4168,100626808,400059366,-1,2923782
64.826982,64.755740,107.036300,68,39,107,0.90443,14.87307,4328,106323269,401831038,-1,2960684
64.928300,64.872660,101.317400,68,40,108,0.90443,14.87307,8288,101689693,401964308,-1,3182864
65.037714,64.972900,109.413900,69,40,109,0.90443,14.87307,5470,108016153,402831072,-1,3145208
65.141118,65.073130,103.404500,70,40,110,0.90443,14.87307,5470,104425693,403698740,-1,3255882
65.247083,65.173390,105.964600,71,40,111,0.90443,14.87307,4328,106350731,404597237,-1,3292782
65.354930,65.290320,107.846800,72,40,112,0.90443,14.87307,4448,108137923,405516038,-1,3329684
65.464189,65.390580,109.259700,73,40,113,0.90443,14.87307,4816,107085461,405540167,-1,3441158
65.571394,65.507550,107.204200,75,40,115,0.90443,14.87307,9632,109086693,406669047,-1,3404266
65.680439,65.607830,109.045500,76,40,116,0.90443,14.87307,4488,106453885,406801837,-1,3477326
65.785114,65.724760,104.674700,77,40,117,0.90443,14.87307,4488,106958923,406887830,-1,3661802
65.898401,65.825000,113.287500,78,40,118,0.90443,14.87307,4688,110993077,407004766,-1,3698704
66.006793,65.941990,108.392100,78,41,119,0.90443,14.87307,8648,110095653,407145600,-1,3699472
66.120041,66.042240,113.247600,79,41,120,0.90443,14.87307,5870,111327000,408018404,-1,3661836
66.228221,66.159200,108.179600,80,41,121,0.90443,14.28829,4648,107846039,408900137,-1,3735626
66.342200,66.259480,113.979700,81,41,122,0.90443,13.78688,4728,112032577,408985846,-1,3883234
66.456727,66.376430,114.526300,82,41,123,0.90443,13.20217,8528,114992923,409961633,-1,3957018
66.571869,66.493370,115.142100,82,41,123,0.90443,12.61746,8238,115107039,410005190,-1,4105414
66.694952,66.610320,123.083700,82,41,123,0.90443,12.03269,3672,120597384,409901045,-1,4215386
66.820964,66.727260,126.011800,82,41,123,0.90443,11.44798,3368,126145692,409873250,-1,4252276
66.944665,66.860920,123.700700,82,41,123,0.90443,10.77969,3408,124602154,409877639,-1,4326058
67.072938,66.977910,128.273000,82,41,123,0.90443,10.19474,3568,127398423,409907454,-1,4473666
67.199256,67.111560,126.318500,82,41,123,0.90443,9.52652,12038,126147692,410734072,-1,4511336
67.323932,67.228520,124.675800,82,41,123,0.90443,8.94168,4666,126118885,410715464,-1,4584406
67.446173,67.362200,122.240700,82,41,123,0.90443,8.27329,3408,122355000,410702523,-1,4695076
67.578726,67.479160,132.553000,82,41,123,0.90443,7.68851,3568,131718423,410722189,-1,4731978
67.713114,67.612830,134.387600,82,42,124,0.90443,7.02013,9392,132891423,410766285,-1,4806550
67.849623,67.746510,136.509400,82,42,124,0.90443,6.35172,4626,136941961,410749970,-1,4732012
68.062394,67.880190,212.770800,82,42,124,0.90443,5.68335,7048,212571269,410725917,-1,4916508
68.290128,68.097430,227.734400,82,42,124,0.90443,4.59712,8426,226995653,410768523,-1,4953390
68.514846,68.331350,224.718000,82,42,124,0.90443,3.42751,7176,224399692,410448380,-1,5064884
68.647055,68.548570,132.209300,82,42,124,0.90443,2.34144,3448,133964500,410404602,-1,4990312
68.773284,68.682270,126.228500,82,42,124,0.90443,1.67293,3528,124422269,410415113,-1,4990292
68.896363,68.815960,123.079000,82,42,124,0.90443,1.00446,7176,124484692,410444237,-1,4917236
69.018411,68.932910,122.047800,82,42,124,0.90443,0.41969,3408,121707615,410418869,-1,4842700
69.144537,69.049830,126.126600,82,42,124,0.90443,-0.16488,4666,125761077,410395095,-1,4953370
69.265394,69.183440,120.856800,82,42,124,0.90443,-0.16488,3528,123274154,410420629,-1,4879566
69.390981,69.300320,125.587400,81,43,124,0.90443,-0.16488,7912,124540153,411162028,-1,4917236
69.509694,69.433940,118.712300,81,43,124,0.90443,-0.16488,4586,119539346,410339248,-1,4879600
69.634835,69.550860,125.141700,81,43,124,0.90443,-0.16488,3408,124066423,410306214,-1,4953390
69.756439,69.667780,121.603700,82,43,125,0.90443,-0.16488,4888,121962923,410393093,-1,4953370
69.881320,69.801380,124.881300,82,43,125,0.90443,-0.16488,3528,124743500,410418467,-1,4953370
70.005325,69.918290,124.004900,82,43,125,0.90443,-0.16488,7096,123083308,410443006,-1,4991040
70.130823,70.035180,125.497900,82,43,125,0.90443,-0.16488,4626,124954576,410416357,-1,5027208
70.257147,70.168770,126.323500,82,43,125,0.90443,-0.16488,3408,126856230,410398700,-1,5100978
70.384098,70.302360,126.951300,82,43,125,0.90443,-0.16488,3568,128903423,410413879,-1,5100978
70.516859,70.419230,132.761400,81,44,125,0.90443,-0.16488,7488,131581115,411270142,-1,5101746
70.645154,70.552790,128.294500,81,44,125,0.90443,-0.16488,4626,128315423,411247646,-1,5137914
70.768325,70.686360,123.171100,81,44,125,0.90443,-0.16488,3368,123573962,411214220,-1,5248606
70.901924,70.803250,133.598600,81,44,125,0.90443,-0.16488,3528,131884423,411241871,-1,5248588
71.038340,70.936860,136.416400,81,44,125,0.90443,-0.16488,7096,137136961,411272486,-1,5286256
71.169376,71.070440,131.035700,81,44,125,0.90443,-0.16488,5010,131096192,411162230,-1,5248620
71.300155,71.204020,130.779800,81,44,125,0.90443,-0.16488,3368,131129038,410332880,-1,5211704
71.429612,71.337610,129.456300,81,44,125,0.90443,-0.16488,7208,128456539,410358822,-1,5211684
71.557039,71.471190,127.427200,81,44,125,0.90443,-0.16488,7096,127581500,410398584,-1,5249374
71.685407,71.588030,128.367800,81,44,125,0.90443,-0.16488,3408,128367808,410381525,-1,5285542
71.817072,71.721570,131.664800,82,44,126,0.90443,-0.16488,8568,132136653,410453580,-1,5322430
71.954513,71.855110,137.441800,82,44,126,0.90443,-0.16488,3528,134877039,410474990,-1,5322430
72.085337,71.988660,130.823100,81,45,126,0.90443,-0.16488,7448,132319461,410511630,-1,5323198
72.213599,72.122220,128.262600,81,45,126,0.90443,-0.16488,8746,128505346,410401195,-1,5322464
72.349313,72.255830,135.714000,81,45,126,1.57246,-0.16488,10728,131815731,409604147,-1,5285548
72.477557,72.389420,128.244200,81,45,126,2.24043,-0.16488,7208,129809423,409643345,-1,5396274
72.619112,72.506370,141.554100,81,45,126,2.82519,-0.16488,7096,141066654,409675148,-1,5433944
72.760477,72.656730,141.365900,81,45,126,3.57701,-0.16488,3408,139182653,409653657,-1,5396308
72.898833,72.790390,138.355300,81,45,126,4.24532,-0.16488,7048,139296730,409648608,-1,5359374
73.031268,72.940770,132.435300,81,45,126,4.99719,-0.16488,3528,132422154,409649646,-1,5359372
73.163875,73.074430,132.607000,81,45,126,5.66553,-0.16488,8314,133895808,409675223,-1,5212492
73.291179,73.208090,127.303900,81,45,126,6.33381,-0.16488,3408,125486538,409647179,-1,5027228
73.419069,73.325090,127.890100,81,45,126,6.91878,-0.16488,3368,129200807,409622201,-1,4768880
73.544184,73.458790,125.115300,81,45,126,7.58729,-0.16488,3528,124620231,409633100,-1,4473664
73.666693,73.575760,122.509100,80,46,126,8.17214,-0.16488,7448,121713308,409666645,-1,4253000
73.855588,73.709400,188.894100,80,46,126,8.84032,-0.16488,4970,188721885,409551929,-1,3920148
74.036174,73.893140,180.586200,81,46,127,9.75905,-0.16488,4848,181596577,408813161,-1,3735624
74.214175,74.076890,178.000800,81,46,127,10.67779,-0.16488,4706,177583269,408838191,-1,3071368
74.360005,74.243890,145.830600,81,46,127,11.51280,-0.16488,7056,143985462,408861002,-1,2407900
74.451964,74.394190,91.959340,81,46,127,12.26431,-0.16488,3408,93310500,408833410,-1,2001230
74.539362,74.494330,87.397930,81,46,127,12.76503,-0.16488,3368,87328999,408812806,-1,1669092
74.623136,74.577800,83.773960,81,46,127,13.18241,-0.16488,3368,83868038,408804042,-1,1373876
74.702531,74.661300,79.394270,81,46,127,13.59989,-0.16488,3408,80000269,408802650,-1,1300072
74.782337,74.744790,79.806150,81,46,127,14.01735,-0.16488,3368,79769423,408800218,-1,1078662
74.861603,74.828310,79.265920,81,46,127,14.43495,-0.16488,3368,79220538,408799662,-1,857248
74.935289,74.895110,73.685810,81,46,127,14.76896,-0.16488,3408,73234731,408801378,-1,709640
75.009602,74.978610,74.313770,81,46,127,15.18649,-0.16488,3368,72356307,408801299,-1,709620
75.079032,75.045430,69.430110,81,46,127,15.52056,-0.16488,4586,72403000,408787370,-1,488208
75.146386,75.112270,67.353310,81,46,127,15.52056,-0.16488,3408,69099308,408791326,-1,414404
75.218110,75.179110,71.724150,81,46,127,15.52056,-0.16488,3752,70885153,408697615,-1,488208
75.286184,75.262660,68.073730,81,46,127,15.52056,-0.16488,3368,68747653,407900943,-1,488208
75.355864,75.329520,69.680730,81,46,127,15.52056,-0.16488,3408,69783077,407895631,-1,488208
75.428647,75.396410,72.782460,81,46,127,15.52056,-0.16488,3368,70689384,407895807,-1,488208
75.497174,75.463260,68.527500,81,46,127,15.52056,-0.16488,3368,70360692,407896575,-1,562012
75.568561,75.530090,71.387080,81,46,127,15.52056,-0.16488,3408,71015692,407896271,-1,562012
75.639801,75.613640,71.240000,81,46,127,15.52056,-0.16488,3368,71164423,407896103,-1,635816
75.710804,75.680450,71.003000,81,46,127,15.52056,-0.16488,3368,71054038,407896271,-1,635816
75.783554,75.747280,72.749770,81,46,127,15.52056,-0.16488,3408,72524846,407895547,-1,709620
75.856457,75.830800,72.902500,81,46,127,15.52056,-0.16488,3368,73164192,407898663,-1,709622
75.934147,75.897590,77.690610,82,46,128,15.52056,-0.16488,4888,76888654,408785248,-1,783424
76.006404,75.981140,72.257160,82,46,128,15.52056,-0.16488,3408,72985077,408787668,-1,894130
76.081800,76.047940,75.395310,82,46,128,15.52056,-0.16488,4586,75201115,408788291,-1,1041738
76.159355,76.114760,77.555000,82,46,128,15.52056,-0.16488,3368,77289923,408789379,-1,1115542
76.236506,76.198280,77.151460,82,46,128,15.52056,-0.16488,3528,76601231,408809540,-1,1189346
76.314069,76.281810,77.562730,82,46,128,15.52056,-0.16488,3392,78018500,408816291,-1,1190114
76.393428,76.348580,79.359230,82,46,128,15.52056,-0.16488,3408,77967423,408799106,-1,1190124
76.471350,76.432070,77.921540,82,46,128,15.52056,-0.16488,3448,78805885,408793930,-1,1263930
76.547759,76.515540,76.408880,82,46,128,15.52056,-0.16488,7484,76320500,408821832,-1,1263930
76.626396,76.582330,78.637230,82,46,128,15.52056,-0.16488,3408,78460654,408822839,-1,1226282
76.707495,76.665820,81.098810,82,46,128,15.52056,-0.16488,3448,79884462,408822857,-1,1263184
76.788910,76.749310,81.415730,82,46,128,15.52056,-0.16488,3528,81366154,408831570,-1,1336974
76.869290,76.832790,80.380150,82,46,128,15.52056,-0.16488,3432,81208115,408831657,-1,1411546
76.947789,76.916300,78.498120,81,47,128,15.52056,-0.16488,7504,78195154,408845947,-1,1559164
77.033535,76.983060,85.746690,81,47,128,15.52056,-0.16488,4586,85663731,408844338,-1,1447716
77.114942,77.066530,81.407110,81,47,128,15.52056,-0.16488,4586,80492077,408843531,-1,1779832
77.202521,77.149970,87.578380,81,47,128,15.52056,-0.16488,3408,88267308,408826581,-1,1779818
77.286561,77.250130,84.039730,81,47,128,15.52056,-0.16488,3488,83572846,408837148,-1,1927426
77.372404,77.333630,85.843310,81,47,128,15.52056,-0.16488,3392,86077423,408844191,-1,2001978
77.460389,77.417110,87.985340,81,47,128,15.52056,-0.16488,7112,86734808,408850919,-1,2001988
77.551015,77.500600,90.625380,81,47,128,15.52056,-0.16488,3368,92087884,408845273,-1,1964342
77.639251,77.584080,88.236730,81,47,128,15.52056,-0.16488,3368,87371577,408845458,-1,2222642
77.729654,77.684260,90.403190,81,47,128,15.52056,-0.16488,3408,89743616,408819486,-1,2222642
77.821789,77.767770,92.134420,81,47,128,15.52056,-0.16488,3488,92128731,408839356,-1,2148818
77.913613,77.867990,91.824070,80,48,128,15.52056,-0.16488,7448,92279577,408885837,-1,2370998
78.004550,77.951500,90.937500,81,48,129,15.52056,-0.16488,6106,90481923,409752256,-1,2407166
78.098198,78.051700,93.647270,81,48,129,15.52056,-0.16488,4546,93559615,409730848,-1,2665466
78.196064,78.135220,97.866310,81,48,129,15.52056,0.25276,3328,94623962,409727429,-1,2739270
78.290957,78.235430,94.893070,81,48,129,15.52056,0.75380,3368,95388769,409730750,-1,2739250
78.391072,78.335650,100.115200,81,48,129,15.52056,1.25489,3448,99111731,409757086,-1,2739252
78.493438,78.419180,102.365300,81,48,129,15.52056,1.67255,3392,101773462,409761185,-1,2813822
78.590016,78.536120,96.578350,80,49,129,15.52056,2.25723,7464,98532923,409779411,-1,2887636
78.690951,78.619670,100.935500,80,49,129,15.52056,2.67500,4930,98910731,409678087,-1,2923794
78.788373,78.719990,97.421730,80,49,129,15.52056,3.17654,7008,97561269,408876527,-1,2813054
78.889828,78.820230,101.455200,80,49,129,15.52056,3.67776,3368,101489153,408879779,-1,2886878
78.987682,78.920490,97.853580,80,49,129,15.52056,4.17907,3448,97753346,408907005,-1,3034486
79.089155,79.020710,101.472600,80,49,129,15.52056,4.68013,12254,100364577,408955088,-1,2961450
79.192815,79.120930,103.660300,80,49,129,15.52056,5.18128,3328,102561538,408943405,-1,2923834
79.291883,79.221180,99.068270,80,49,129,15.52056,5.68252,3368,99978077,408912444,-1,3108330
79.393719,79.321440,101.836000,80,49,129,15.52056,6.18380,3328,102625730,408917180,-1,3034506
79.498488,79.438390,104.769000,80,49,129,15.52056,6.76851,3488,107112038,408931454,-1,3182114
79.662111,79.538670,163.622500,80,49,129,15.52056,7.26995,7440,159698577,408871525,-1,3109058
79.832921,79.705700,170.810500,80,49,129,15.52056,8.10508,3368,171331692,408061139,-1,3071422
79.989517,79.872720,156.595700,80,49,129,15.52056,8.94018,3328,155681654,408022445,-1,3071408
80.156964,80.023020,167.446800,81,49,130,15.52056,9.69166,6226,168289962,408144499,-1,3071370
80.258527,80.189980,101.563500,80,50,130,15.52056,10.52647,7408,101658077,408186016,-1,3072136
80.362802,80.290070,104.274500,80,50,130,15.52056,11.02692,4930,103797308,408068534,-1,2997584
80.464571,80.406890,101.769900,80,50,130,15.52056,11.61102,3288,101883808,407257996,-1,2960662
80.564607,80.507100,100.035800,80,50,130,15.52056,12.11207,3368,100544615,407256297,-1,2960662
80.670003,80.607240,105.395300,80,50,130,15.52056,12.61277,3448,103189077,407282683,-1,2923760
80.768437,80.707390,98.434070,80,50,130,15.52056,13.11351,7096,98861269,407319058,-1,2887626
80.867800,80.807600,99.363540,80,50,130,15.52056,13.61457,3328,99982154,407305111,-1,2776186
80.963593,80.907780,95.792580,80,50,130,15.52056,14.11548,3368,97094807,407274558,-1,2702368
81.062440,81.007950,98.846850,80,50,130,15.52056,14.61631,4546,97942077,407278013,-1,2591642
81.158327,81.108130,95.887080,80,50,130,15.52056,14.61631,3488,97974538,407307574,-1,2480936
81.253822,81.191620,95.494930,80,50,130,15.52056,14.61631,3352,94377346,407316914,-1,2592410
81.347831,81.291790,94.009540,79,51,130,15.52056,14.61631,7384,95133384,407334062,-1,2555518
81.449007,81.391980,101.176300,79,51,130,15.52056,14.61631,4546,99702884,407324639,-1,2591676
81.539940,81.492130,90.932880,79,51,130,15.52056,14.61631,3288,92680923,407302328,-1,2886878
81.640597,81.575660,100.657100,79,51,130,15.52056,14.61631,3288,98850846,407304757,-1,2886860
81.742302,81.675830,101.704200,79,51,130,15.52056,14.61631,3328,101315616,407314121,-1,2923760
81.843392,81.776020,101.090900,79,51,130,15.52056,14.61631,3288,101197231,407316685,-1,2960662
81.942923,81.876230,99.530150,79,51,130,15.52056,14.61631,3832,100038616,407245402,-1,3034466
82.047113,81.976430,104.190000,79,51,130,15.52056,14.61631,3312,102579038,406460204,-1,2961430
82.148527,82.093280,101.414500,80,51,131,15.52056,14.61631,6066,103125923,407323716,-1,3109048
82.251517,82.193500,102.989500,80,51,131,15.52056,14.61631,7364,101943461,407351604,-1,3293538
82.355279,82.293720,103.762100,80,51,131,15.52056,14.61631,3328,104801423,407355214,-1,3329696
82.462891,82.393950,107.612700,80,51,131,15.52056,14.61631,3408,107011577,407366339,-1,3440388
82.568620,82.510920,105.728400,80,51,131,15.52056,14.61631,3352,106023692,407376538,-1,3514960
82.677241,82.611130,108.620900,79,52,131,15.52056,14.61631,7384,108386038,407398377,-1,3514970
82.786260,82.711360,109.019500,79,52,131,15.52056,14.61631,4546,108454884,407391858,-1,3551128
82.893872,82.828340,107.612200,79,52,131,15.52056,14.61631,3288,108023346,407378669,-1,3661820
83.004020,82.928680,110.147400,79,52,131,15.52056,14.61631,3832,108679269,407303071,-1,3735624
83.113783,83.045660,109.763200,79,52,131,15.52056,14.61631,4530,110509000,406520313,-1,3699470
83.224017,83.145960,110.234100,79,52,131,15.52056,14.61631,7032,108793192,406536020,-1,3736384
83.340169,83.262960,116.152300,79,52,131,15.52056,14.61631,3288,117235693,406534223,-1,3698736
83.448304,83.379910,108.134800,79,52,131,15.52056,14.61631,3328,107623077,406511645,-1,3957036
83.560568,83.480140,112.263500,79,52,131,15.52056,14.61631,3408,113352615,406536779,-1,3883212
83.675669,83.597050,115.101500,78,53,131,15.52056,14.61631,7408,114238500,406582694,-1,4105392
83.791841,83.713940,116.172300,78,53,131,15.52056,14.61631,4466,115133154,406564114,-1,4141560
83.907487,83.830830,115.645700,78,53,131,15.52056,14.61631,3288,115702423,406545529,-1,4178448
84.026823,83.947700,119.335700,78,53,131,15.52056,14.61631,3248,118594923,406541485,-1,4178448
84.141720,84.064570,114.897400,78,53,131,15.52056,14.61631,4626,116002000,406566334,-1,4326036
84.268098,84.181430,126.377500,79,53,132,14.93628,14.61631,8496,123983846,407495366,-1,4326804
84.382828,84.298270,114.730500,79,53,132,14.35205,14.61631,7352,116017192,407395081,-1,4842698
84.512919,84.415120,130.090600,79,53,132,13.76777,14.61631,3248,128750769,408970071,-1,5027194
84.637939,84.548700,125.020700,79,53,132,13.09988,14.61631,10908,124359577,410595471,-1,5322410
84.772666,84.682240,134.726200,79,53,132,12.43215,14.61631,3408,134015115,412216461,-1,5470058
84.910092,84.815780,137.426000,79,53,132,11.76447,14.61631,14916,136001231,412270080,-1,5581532
85.047023,84.949330,136.931400,79,53,132,11.09671,14.61631,3288,139161769,412251720,-1,5433232
85.190000,85.082940,142.976700,79,53,132,10.42867,14.61631,12446,142136347,413067207,-1,5396294
85.329561,85.233200,139.561700,79,53,132,9.67737,14.61631,3408,140090154,413073237,-1,5322510
85.559753,85.366840,230.191400,79,53,132,9.00915,14.61631,7440,231233730,413817364,-1,5138728
85.777385,85.600630,217.632300,79,53,132,7.84020,14.61631,3328,217704692,412978636,-1,4879680
85.995158,85.817720,217.773500,79,53,132,6.75477,14.61631,3448,215258693,412961366,-1,4695096
86.115538,86.034810,120.379700,79,53,132,5.66928,14.61631,8274,122262154,412986158,-1,4363706
86.235033,86.151670,119.494800,79,53,132,5.08498,14.61631,3288,117427039,412954776,-1,4104624
86.350021,86.268510,114.988500,80,53,133,4.50078,14.61631,4848,114430538,413042814,-1,3846310
86.463576,86.385390,113.554100,80,53,133,3.91636,14.61631,3408,113558730,413067340,-1,3772506
86.572432,86.502280,108.856700,79,54,133,3.33189,14.61631,7408,108282077,413112867,-1,3551862
86.679989,86.602500,107.557100,79,54,133,2.83080,14.61631,4466,108190539,413093431,-1,3366618
86.783945,86.719420,103.955500,79,54,133,2.24621,14.61631,3328,104282885,413063409,-1,3329702
86.889558,86.819630,105.613500,79,54,133,1.74514,14.61631,3288,105005230,413066770,-1,3255878
86.994482,86.919850,104.923200,79,54,133,1.24404,14.61631,3328,104606346,413065986,-1,3182074
87.098490,87.036810,104.008300,79,54,133,0.65926,14.61631,4506,104385884,413873561,-1,3071370
87.196208,87.137050,97.718190,79,54,133,0.65926,14.61631,3328,100844693,413877497,-1,3071368
87.301530,87.237290,105.322100,79,54,133,0.65926,14.61631,3288,103882307,413872534,-1,3108270
87.402878,87.337530,101.347700,79,54,133,0.65926,14.61631,3328,100786193,413871295,-1,3108250
87.503233,87.437790,100.354600,79,54,133,0.65926,14.61631,3288,101835115,413880471,-1,3071348
87.606709,87.538020,103.476600,79,54,133,0.65926,14.61631,3448,103510577,413905357,-1,3145152
87.708107,87.638280,101.398100,79,54,133,0.65926,14.61631,3312,100670807,413915612,-1,3145920
87.810352,87.755200,102.244500,79,54,133,0.65926,14.61631,3328,102657423,413902103,-1,3219734
87.913834,87.855390,103.482100,79,54,133,0.65926,14.61631,7364,103296231,413926414,-1,3219734
88.018093,87.955570,104.259400,79,54,133,0.65926,14.61631,3328,102961423,413930007,-1,3292794
88.121171,88.055760,103.077600,79,54,133,0.65926,14.61631,4626,104374346,413937963,-1,3366584
88.227523,88.155930,106.352000,79,54,133,0.65926,14.61631,3736,105957192,413855230,-1,3404254
88.332047,88.272770,104.524600,79,55,134,0.65926,14.61631,8864,104334731,413964328,-1,3367362
88.435075,88.372900,103.027500,79,55,134,0.65926,14.61631,4506,103068692,413957129,-1,3403520
88.543784,88.473070,108.708600,79,55,134,0.65926,14.61631,3248,108495423,413943558,-1,3477310
88.649091,88.589930,105.307400,79,55,134,0.65926,14.61631,3408,105179192,413960732,-1,3551116
88.762625,88.690120,113.533900,79,55,134,0.65926,14.61631,3272,111457423,413970379,-1,3625666
88.868353,88.807060,105.728000,79,55,134,0.65926,14.61631,7032,107587385,413982132,-1,3625676
88.976952,88.907300,108.599500,79,55,134,0.65926,14.61631,3288,108093730,413979910,-1,3698736
89.087022,89.024220,110.070000,79,55,134,0.65926,14.61631,4546,110617423,413961002,-1,3809428
89.199566,89.124470,112.543500,79,55,134,0.65926,14.61631,3408,112003885,413987004,-1,3883212
89.311486,89.241450,111.920100,78,56,134,0.65926,14.61631,7408,111218308,414032677,-1,3957784
89.424312,89.358410,112.826000,78,56,134,0.65926,14.61631,4466,113094154,414010737,-1,3957050
89.541053,89.458680,116.741700,78,56,134,0.65926,14.61631,3288,112867077,413990586,-1,4067742
89.652797,89.575650,111.743100,78,56,134,0.65926,14.61631,3248,114054730,413989465,-1,4067742
89.766183,89.692620,113.386200,78,56,134,0.65926,14.61631,3408,114435654,414013271,-1,4178428
89.886062,89.809570,119.879300,78,56,134,0.65926,14.61631,6976,118000192,414049869,-1,4253000
90.001845,89.926540,115.783300,78,56,134,0.65926,14.61631,3672,116979154,413933734,-1,4289168
90.116230,90.043490,114.384900,79,56,135,0.65926,14.61631,5986,113713884,413208478,-1,4289134
90.240553,90.160440,124.322900,79,56,135,0.65926,14.03157,3288,122847847,413216998,-1,4362938
90.358254,90.277430,117.701300,80,56,136,0.65926,13.44664,8568,115802923,414558166,-1,4436744
90.478019,90.394410,119.764300,80,56,136,0.65926,12.86171,10956,121475499,414582923,-1,4511334
90.596015,90.511350,117.995900,80,56,136,0.65926,12.27700,3288,117118577,414556863,-1,4510620
90.718319,90.628290,122.304100,81,56,137,0.65926,11.69234,8528,122404347,414648472,-1,4658194
90.841919,90.761940,123.600300,81,56,137,0.65926,11.02407,7104,124268808,414653448,-1,4842724
90.966036,90.878910,124.117100,81,56,137,0.65926,10.43925,3872,123657269,414581584,-1,4842744
91.084937,90.995880,118.900800,81,56,137,0.65926,9.85439,10736,121371308,413819286,-1,4843512
91.245602,91.129550,160.665200,82,56,138,0.65926,9.18605,6146,158852038,414673043,-1,4879680
91.462735,91.279920,217.133100,82,56,138,0.65926,8.43418,3368,215757231,414648980,-1,4953430
91.680715,91.497110,217.979600,82,56,138,0.65926,7.34823,7208,218557885,414667244,-1,5027234
91.868457,91.714300,187.741900,83,56,139,0.65926,6.26227,8656,185367730,415561036,-1,5212492
91.995144,91.898110,126.687700,83,56,139,0.65926,5.34325,3408,127714731,415529864,-1,5285508
92.124402,92.031860,129.257400,83,56,139,0.65926,4.67449,4786,128895154,415561000,-1,5433116
92.254106,92.165540,129.703900,82,57,139,0.65926,4.00609,7528,130980500,415587231,-1,5470786
92.385440,92.299230,131.334000,84,57,141,0.65926,3.33766,7706,129756192,415746096,-1,5506934
92.518150,92.416180,132.710300,84,57,141,0.65926,2.75292,3408,132258154,415722801,-1,5543804
92.650996,92.549850,132.845700,84,57,141,0.65926,2.08460,3568,132922692,415748142,-1,5506900
92.783011,92.683510,132.015000,84,57,141,0.65926,1.41628,3432,132334884,415758093,-1,5655276
92.914523,92.817200,131.512000,85,57,142,0.65926,0.74782,8752,131714346,416658687,-1,5618384
93.047932,92.950890,133.409700,85,57,142,0.65926,0.07939,3488,133267384,417439913,-1,5654542
93.177186,93.084560,129.254100,85,57,142,0.65926,-0.58894,4746,128672230,417421753,-1,5765214
93.308917,93.218220,131.730400,85,57,142,0.65926,-0.58894,3488,134745461,417431733,-1,5802116
93.450678,93.351910,141.761200,86,57,143,0.65926,-0.58894,5088,140850231,418319538,-1,5765214
93.582156,93.485580,131.477900,86,57,143,0.65926,-0.58894,3528,131001577,418305451,-1,5802116
93.715218,93.619290,133.061600,86,57,143,0.65926,-0.58894,3568,134693038,418306528,-1,5802096
93.854339,93.752950,139.121700,86,57,143,0.65926,-0.58894,3528,137662807,418306036,-1,5802096
93.990440,93.886630,136.101000,87,57,144,0.65926,-0.58894,5632,136909962,419921699,-1,5802096
94.123433,94.037080,132.992800,87,57,144,0.65926,-0.58894,4810,132481846,419131349,-1,5876668
94.259913,94.170750,136.480400,87,57,144,0.65926,-0.58894,7684,136717346,419143081,-1,5876678
94.399966,94.304400,140.053000,88,57,145,0.65926,-0.58894,5088,139774961,420026432,-1,5875934
94.536583,94.438070,136.616300,89,57,146,0.65926,-0.58894,5288,136575385,420924355,-1,6023530
94.686396,94.571780,149.813000,89,57,146,0.65926,-0.58894,3632,149280077,420930262,-1,6061198
94.848848,94.722180,162.452200,88,58,146,0.65926,-0.58894,7704,160993384,420947988,-1,6098110
94.992708,94.889260,143.859600,88,58,146,0.65926,-0.58894,4826,144112077,420927624,-1,6060464
95.129827,95.022910,137.119200,89,58,147,0.65926,-0.58894,6546,137972731,421022328,-1,6134234
95.274022,95.173230,144.195600,88,59,147,0.65926,-0.58894,7728,143894193,421857383,-1,6208806
95.418345,95.306810,144.322500,88,59,147,0.65926,-0.58894,4866,144711577,421838808,-1,6208072
95.565751,95.457080,147.405700,88,59,147,0.65926,-0.58894,3608,146332654,421805481,-1,6244960
95.707889,95.607370,142.138900,89,59,148,0.65926,-0.58894,5328,141757307,422766394,-1,6281842
95.855347,95.740940,147.457400,89,59,148,0.65926,-0.58894,7376,148618692,422801788,-1,6319512
96.005405,95.891210,150.057800,89,59,148,0.65926,-0.58894,3688,148320269,422775761,-1,6318778
96.144741,96.041460,139.336400,89,59,148,0.65926,-0.58894,4866,140785462,422752025,-1,6318744
96.293005,96.191730,148.264100,90,59,149,1.41059,-0.58894,5368,145180192,423671873,-1,6318744
96.437839,96.325260,144.833500,90,60,150,2.07825,-0.58894,9288,143905539,424602508,-1,6467120
96.600367,96.475500,162.528900,90,60,150,2.82949,-0.58894,5290,160837923,424472440,-1,6466386
96.748684,96.625750,148.316300,90,60,150,3.58072,-0.58894,7328,148611615,423662936,-1,6466354
96.898223,96.776020,149.538900,91,60,151,4.33206,-0.58894,9048,153067384,423784184,-1,6392568
97.093685,96.942990,195.462200,91,60,151,5.16694,-0.58894,8100,195854885,423724119,-1,6356454
97.365432,97.126660,271.747500,91,60,151,6.08524,-0.58894,4986,268737808,422900083,-1,6060490
97.607772,97.393770,242.339500,92,60,152,7.42080,-0.58894,5408,240310769,423774253,-1,5765254
97.768218,97.644240,160.445600,92,60,152,8.67316,-0.58894,7536,163257539,423783770,-1,5138668
97.895490,97.811260,127.272200,92,60,152,9.50823,-0.58894,3768,128134577,423745886,-1,4215330
98.014233,97.928290,118.743600,93,60,153,10.09340,-0.58894,5488,116342192,425304578,-1,3809408
98.121017,98.045280,106.783600,93,60,153,10.67834,-0.58894,9138,108520577,425239927,-1,3588764
98.230796,98.162190,109.778700,93,60,153,11.26288,-0.58894,3848,108408577,424425792,-1,3182108
98.329499,98.262420,98.702930,93,60,153,11.76405,-0.58894,3808,100027923,424388790,-1,2849976
98.427226,98.362660,97.727460,94,60,154,12.26525,-0.58894,5408,97765346,424482026,-1,2296426
98.518570,98.462900,91.343610,95,60,155,12.76644,-0.58894,5488,89118462,424592310,-1,2075014
98.606455,98.546420,87.885040,95,60,155,13.18403,-0.58894,3872,89607115,424595149,-1,1706762
98.689669,98.646630,83.214160,94,61,155,13.68510,-0.58894,7944,82817577,424610487,-1,1337752
98.769565,98.730130,79.896160,94,61,155,14.10263,-0.58894,5026,80823154,424589188,-1,1337010
98.849881,98.813630,80.316080,94,61,155,14.52012,-0.58894,3848,79254385,424570637,-1,1152464
98.927032,98.880420,77.150810,94,61,155,14.85411,-0.58894,3928,77968231,424569746,-1,931052
99.001261,98.963950,74.228770,95,61,156,15.27173,-0.58894,5528,75036385,425479554,-1,709640
99.074432,99.047460,73.171230,95,61,156,15.68928,-0.58894,5130,72144423,425489304,-1,710408
99.144063,99.114270,69.631030,95,61,156,15.68928,-0.58894,7632,71923539,425500826,-1,489006
99.214210,99.181080,70.146800,95,61,156,15.68928,-0.58894,3888,70680154,425495167,-1,377556
99.284946,99.247850,70.736620,95,61,156,15.68928,-0.58894,3888,70028500,425494673,-1,562066
99.356197,99.331360,71.250270,95,61,156,15.68928,-0.58894,3928,70789808,425471454,-1,635856
99.427307,99.398160,71.110770,95,61,156,15.68928,-0.58894,3928,71563500,425462138,-1,635856
99.499852,99.464980,72.544620,96,61,157,15.68928,-0.58894,5568,72796730,426377506,-1,709640
99.572046,99.548520,72.193580,95,62,157,15.68928,-0.58894,8048,72294500,426416412,-1,784212
99.646028,99.615370,73.982810,95,62,157,15.68928,-0.58894,5106,73693539,426393666,-1,820380
99.718571,99.682220,72.542190,95,62,157,15.68928,-0.58894,3888,72161077,426387876,-1,783478
99.794422,99.765750,75.851650,95,62,157,15.68928,-0.58894,3928,75608769,426369254,-1,783464
99.867541,99.832640,73.118840,95,62,157,15.68928,-0.58894,3888,73292269,426369638,-1,857270
99.948361,99.916210,80.819920,95,62,157,15.68928,-0.58894,3928,79462462,426361090,-1,783464
100.022050,99.983020,73.689380,96,62,158,15.68928,-0.58894,5608,74809615,426524434,-1,1078660
100.098869,100.066500,76.819080,96,62,158,15.68928,-0.58894,5170,75844692,426531776,-1,1005624
100.174056,100.133400,75.186770,96,62,158,15.68928,-0.58894,3928,75869923,426512519,-1,1153242
100.250862,100.216900,76.805380,96,62,158,15.68928,-0.58894,3968,76869923,426507592,-1,1153244
100.331127,100.283700,80.265460,96,62,158,15.68928,-0.58894,8016,80191038,426433863,-1,1227048
100.410780,100.367200,79.653310,97,62,159,15.68928,-0.58894,5448,78373346,425728679,-1,1263184
100.488576,100.450700,77.795540,97,62,159,15.68928,-0.58894,4008,78919346,425729257,-1,1447694
100.570621,100.534300,82.044650,98,62,160,15.68928,-0.58894,5608,82162462,425838634,-1,1521484
100.651769,100.617800,81.148160,98,62,160,15.68928,-0.58894,3992,80768384,425838673,-1,1596056
100.734211,100.684600,82.441850,98,62,160,15.68928,-0.58894,4008,81746423,425818808,-1,1743674
100.819135,100.768200,84.924310,97,63,160,15.68928,-0.58894,8024,84429154,425854563,-1,1817480
100.903237,100.851700,84.102040,97,63,160,15.68928,-0.58894,5186,84604270,425849276,-1,1853636
100.990822,100.952000,87.585080,97,63,160,15.68928,-0.58894,4008,86894692,425849477,-1,1964328
101.075359,101.035600,84.537350,98,63,161,15.68928,-0.58894,6866,85433346,426735277,-1,2111938
101.167658,101.119100,92.298650,98,63,161,15.68928,-0.58894,4032,90404923,426740092,-1,2149586
101.259588,101.202700,91.930500,98,63,161,15.68928,-0.58894,8136,92794884,426655278,-1,2297204
101.351910,101.303000,92.321920,98,63,161,15.68928,-0.58894,4008,92284577,425853336,-1,2185754
101.438108,101.386500,86.197960,98,63,161,15.68928,-0.58894,4008,86166000,425836229,-1,2517858
101.531828,101.486800,93.719190,98,63,161,15.68928,-0.58894,4088,93990884,425826205,-1,2591662
101.628264,101.570400,96.436200,99,63,162,15.68928,-0.58894,5688,96019615,426736522,-1,2591642
101.723936,101.670600,95.672070,98,64,162,15.68928,-0.58894,8128,95206730,426777936,-1,2703116
101.820090,101.770900,96.154460,98,64,162,15.68928,-0.58894,5266,95006269,426756712,-1,2739284
101.914630,101.854400,94.539380,98,64,162,15.68928,-0.58894,4008,95739038,426732641,-1,2923780
102.015698,101.954600,101.068300,98,64,162,15.68928,-0.58894,4008,100870923,426725742,-1,2997584
102.115527,102.054900,99.829120,98,64,162,15.68928,-0.58894,5306,98744000,426726617,-1,3292780
102.219726,102.155100,104.198500,99,64,163,15.68928,-0.08788,5688,102255000,427653389,-1,3366584
102.322762,102.255300,103.036400,99,64,163,15.68928,0.41306,11496,102751231,427692559,-1,3404254
102.429020,102.355500,106.257700,99,64,163,15.68928,0.91405,4048,104471577,427670391,-1,3366638
102.534090,102.472400,105.070000,100,64,164,15.68928,1.49849,5992,106074423,428447259,-1,3551136
102.639649,102.572600,105.559500,100,64,164,15.68928,1.99980,4048,105570538,427654419,-1,3440408
102.746364,102.672800,106.714900,100,64,164,15.68928,2.50083,7928,108430384,427693553,-1,3588016
102.873417,102.789800,127.053000,100,64,164,15.68928,3.08551,7816,126941846,427732178,-1,3515000
103.049216,102.906700,175.798600,100,64,164,15.68928,3.67030,7904,175189077,427728711,-1,3624972
103.224684,103.090500,175.468000,100,64,164,15.68928,4.58906,9026,176242615,427710904,-1,3735684
103.405024,103.257500,180.340300,100,64,164,15.68928,5.42431,4288,178856231,427742678,-1,3809468
103.554310,103.441300,149.285800,100,64,164,15.68928,6.34318,8240,148450576,427672052,-1,3773334
103.665339,103.591700,111.029400,100,64,164,15.68928,7.09519,4168,111893193,426826176,-1,3809468
103.776153,103.708700,110.813500,100,64,164,15.68928,7.68021,4128,111091308,427624117,-1,3957036
103.889721,103.809000,113.567600,100,64,164,15.68928,8.18146,7968,113675615,427658370,-1,4030820
104.006289,103.925900,116.568300,100,64,164,15.68928,8.76633,7856,113313038,428499765,-1,4031608
104.121574,104.042900,115.284800,100,64,164,15.68928,9.35108,5386,114414000,428486242,-1,4067776
104.231510,104.159900,109.936700,100,64,164,15.68928,9.93596,4128,111811692,428460483,-1,4141566
104.346672,104.260100,115.161800,100,64,164,15.68928,10.43730,4168,113205308,428465644,-1,3993938
104.456504,104.377100,109.832200,100,64,164,15.68928,11.02217,4248,110884423,428488659,-1,3920136
104.572575,104.494100,116.070500,99,65,164,15.68928,11.60707,8248,115696423,428529743,-1,3773294
104.682550,104.611100,109.975700,99,65,164,15.68928,12.19202,5306,110205577,428493455,-1,3661854
104.795216,104.711400,112.665500,99,65,164,15.68928,12.69337,4128,113106615,428477448,-1,3661800
104.902431,104.828300,107.215200,99,65,164,15.68928,13.27824,4088,106023385,428480769,-1,3587996
105.009165,104.945300,106.734300,100,65,165,15.68928,13.86303,5648,106829423,428580081,-1,3403486
105.114131,105.045500,104.965100,100,65,165,15.68928,14.36405,5306,105517192,428591984,-1,3255878
105.217257,105.145700,103.126700,100,65,165,15.68928,14.36405,4128,105084461,428594956,-1,3145172
105.321290,105.262600,104.033000,100,65,165,15.68928,14.36405,4088,105117000,428589750,-1,3218976
105.426972,105.362800,105.682000,100,65,165,15.68928,14.36405,4248,104393577,428620113,-1,3440368
105.530782,105.463000,103.809500,100,65,165,15.68928,14.36405,4152,102866000,428630512,-1,3625646
105.636173,105.563100,105.390700,100,65,165,15.68928,14.36405,4168,107169577,428622795,-1,3699460
105.744497,105.680000,108.324800,100,65,165,15.68928,14.36405,8204,108647231,428648959,-1,3847068
105.855022,105.780200,110.524300,100,65,165,15.68928,14.36405,4168,110250731,428652984,-1,3809422
105.965156,105.897100,110.134000,100,65,165,15.68928,14.36405,4248,110321731,428663855,-1,3846310
106.077694,105.997300,112.538400,100,65,165,15.68928,14.36405,4192,111635846,428675846,-1,3920884
106.189741,106.114200,112.046900,99,66,165,15.68928,14.36405,9402,112671384,428701872,-1,3920892
106.305533,106.231000,115.791900,99,66,165,15.68928,14.36405,5730,113988692,428602793,-1,3920148
106.420960,106.347900,115.427100,99,66,165,15.68928,14.36405,4088,115532807,427792417,-1,3957036
106.532308,106.464800,111.348200,99,66,165,15.68928,14.36405,4248,112584769,427818436,-1,4067742
106.649298,106.565000,116.989700,100,66,166,15.68928,14.36405,5632,116535076,428713035,-1,4289902
106.764063,106.682000,114.765100,100,66,166,15.68928,14.36405,7832,115310308,428724796,-1,4474422
106.886405,106.799000,122.342000,100,66,166,15.68928,14.36405,4088,121695423,428721157,-1,4436776
107.004231,106.932700,117.826300,100,66,166,15.68928,14.36405,4128,118065039,428700978,-1,4658154
107.126821,107.049700,122.589800,100,66,166,15.68928,14.36405,5426,121744231,428730699,-1,4658154
107.253090,107.166700,126.269300,99,67,166,15.68928,14.36405,8248,125003154,428772239,-1,4658922
107.374741,107.283700,121.650600,99,67,166,15.68928,14.36405,5306,121383731,428753780,-1,4805796
107.498892,107.417400,124.150800,99,67,166,15.68928,14.36405,4128,124095961,428724912,-1,4916488
107.624449,107.534400,125.557400,99,67,166,15.68928,14.36405,4088,126557577,428736809,-1,5027174
107.750199,107.668000,125.750300,100,67,167,15.68928,14.36405,5768,126288499,428862981,-1,5100978
107.880677,107.785000,130.477600,100,67,167,15.68928,14.36405,8200,130449539,428807243,-1,5212454
108.013242,107.918700,132.564500,100,67,167,15.68928,14.36405,4128,130349153,427987816,-1,5174816
108.144621,108.052400,131.379100,100,67,167,15.68928,14.36405,5306,132390846,427974528,-1,5211684
108.278356,108.186100,133.734900,100,67,167,15.02100,14.36405,4288,132231538,428001014,-1,5469998
108.412434,108.319800,134.078200,100,67,167,14.35254,14.36405,19252,132697500,428078154,-1,5913590
108.548520,108.453500,136.086500,100,67,167,13.68403,14.36405,4168,137863653,430455454,-1,6171230
108.745893,108.587200,197.373000,100,67,167,13.01550,14.36405,11488,197651693,432061375,-1,6466432
109.003688,108.787700,257.794600,100,67,167,12.01309,14.36405,4288,256173346,433693139,-1,6687864
109.288659,109.038300,284.970700,100,67,167,10.75999,14.36405,13718,283187115,434398807,-1,6725534
109.451719,109.322300,163.060000,100,67,167,9.33988,14.36405,4288,165758923,433573769,-1,6466412
109.602035,109.489400,150.316800,100,67,167,8.50443,14.36405,7856,149230577,433610283,-1,5950512
109.743151,109.639900,141.115800,100,67,167,7.75222,14.36405,4168,140897269,433578696,-1,5802156
109.880156,109.773500,137.004600,100,67,167,7.08382,14.36405,4128,135857307,433565169,-1,5580704
110.013529,109.923900,133.373700,100,67,167,6.33199,14.36405,4288,133597731,433584563,-1,5322390
110.148636,110.057600,135.106600,100,67,167,5.66360,14.36405,9074,133701500,433626683,-1,5175550
110.276409,110.191300,127.772700,100,67,167,4.99522,14.36405,4168,127970000,433604036,-1,4879602
110.404040,110.308200,127.631700,100,67,167,4.41049,14.36405,4128,125268730,433583458,-1,4695056
110.520692,110.441800,116.651600,100,67,167,3.74231,14.36405,4288,119711423,433608186,-1,4436742
110.747760,110.558800,227.067700,100,67,167,3.15753,14.36405,4152,224227961,433619121,-1,4363706
110.809058,110.776000,61.298390,99,68,167,2.07139,14.36405,8224,65139500,433297804,-1,4253010
110.868146,110.842900,59.087690,99,68,167,1.73721,14.36405,5306,59745769,433269108,-1,3920114
110.979788,110.909700,111.642500,99,68,167,1.40319,14.36405,4088,110753539,433268848,-1,3883212
111.094329,111.009900,114.540600,100,68,168,0.90198,14.36405,6866,113967961,433358848,-1,3883212
111.203395,111.126900,109.065900,100,68,168,0.90198,14.36405,4088,111135192,433369440,-1,3772506
111.314938,111.243800,111.542800,100,68,168,0.90198,14.36405,4248,111864231,433384265,-1,3809408
111.423500,111.360700,108.562200,100,68,168,0.90198,14.36405,4112,108561962,433376537,-1,3847078
111.538093,111.460900,114.593100,100,68,168,0.90198,14.36405,8204,113348192,433387475,-1,3847068
111.649796,111.577900,111.703400,100,68,168,0.90198,14.36405,4128,112096923,433382476,-1,3809422
111.758922,111.694800,109.125300,100,68,168,0.90198,14.36405,4168,109817923,433364729,-1,3920114
111.872382,111.795100,113.460300,100,68,168,0.90198,14.36405,4248,113040154,433385213,-1,3993918
111.985771,111.912000,113.389600,100,68,168,0.90198,14.36405,4192,112671346,433392292,-1,4031590
112.104054,112.028900,118.282800,99,69,168,0.90198,14.36405,9402,116986423,433406246,-1,4105402
112.213854,112.145900,109.799600,100,69,169,0.90198,14.36405,6866,110095961,433484863,-1,4104658
112.325697,112.246100,111.843500,100,69,169,0.90198,14.36405,4088,113335539,433458637,-1,4178448
112.442994,112.363000,117.296900,100,69,169,0.90198,14.36405,4248,115405462,433479602,-1,4178428
112.557571,112.479900,114.577000,100,69,169,0.90198,14.36405,4496,114613462,433393025,-1,4326804
112.672185,112.596800,114.613800,100,69,169,0.90198,14.36405,7832,116233192,432602982,-1,4326814
112.788387,112.713700,116.201800,100,69,169,0.90198,14.36405,4128,115935423,432587871,-1,4289168
112.904470,112.830600,116.083100,100,69,169,0.90198,14.36405,4168,116144692,432570354,-1,4362938
113.023063,112.947500,118.593500,100,69,169,0.90198,14.36405,4248,118221808,432596416,-1,4436742
113.143913,113.064400,120.849700,99,70,169,0.90198,14.36405,9466,118813038,432635739,-1,4474412
113.260882,113.181300,116.969300,99,70,169,0.90198,14.36405,5306,118706423,432613407,-1,4584384
113.380259,113.298300,119.376500,100,70,170,0.90198,14.36405,5648,119820693,433475068,-1,4658174
113.500359,113.415200,120.100100,100,70,170,0.90198,14.36405,4088,119604000,433469253,-1,4879566
113.624417,113.548800,124.058200,100,70,170,0.90198,14.36405,4248,124372923,433489851,-1,4916468
113.747175,113.665700,122.757500,100,70,170,0.90198,14.36405,8200,122680346,433432127,-1,4954140
113.876021,113.782700,128.846400,100,70,170,0.90198,14.36405,4168,128642077,432608852,-1,4990306
114.001962,113.916400,125.940300,100,70,170,0.90198,14.36405,4128,123598116,432585021,-1,5064076
114.130287,114.033300,128.325400,100,70,170,0.90198,14.36405,5386,127476154,432584620,-1,5137880
114.257104,114.166900,126.817200,100,70,170,0.90198,13.69589,4248,127532462,432615930,-1,5248586
114.387275,114.300600,130.171400,99,71,170,0.90198,13.02782,15868,128132308,432671855,-1,5360060
114.535227,114.417500,147.951600,100,71,171,0.90198,12.44324,6826,150123230,432725871,-1,5433170
114.775350,114.567800,240.123300,100,71,171,0.90198,11.69150,7808,240147769,434314552,-1,5617646
115.012830,114.818400,237.479400,100,71,171,0.90198,10.43857,8024,234083538,434345432,-1,5839078
115.222471,115.052300,209.640800,100,71,171,0.90198,9.26911,9458,209921269,434254019,-1,5987474
115.360486,115.252800,138.015400,100,71,171,0.90198,8.26660,7848,138525539,433422779,-1,6097372
115.500199,115.403300,139.713200,100,71,171,0.90198,7.51429,4248,140432116,433428689,-1,6281882
115.641855,115.537000,141.656300,100,71,171,0.90198,6.84567,7896,140693807,433467476,-1,6282630
115.788414,115.670700,146.558900,100,71,171,0.90198,6.17727,4128,144798346,433440561,-1,6466406
115.930468,115.821100,142.053500,100,71,171,0.90198,5.42528,4168,142793385,433416861,-1,6503274
116.074758,115.971500,144.290500,100,71,171,0.90198,4.67320,8312,144812846,433345767,-1,6613982
116.221494,116.105200,146.735200,100,71,171,0.90198,4.00471,9114,144666154,432580067,-1,6614748
116.363869,116.255600,142.375200,100,71,171,0.90198,3.25279,4128,143726269,432553015,-1,6577112
116.507462,116.405900,143.593500,100,71,171,0.90198,2.50089,4168,144775539,432529088,-1,6650882
116.652638,116.539600,145.175900,100,71,171,0.90198,1.83241,4248,144555461,432549715,-1,6761588
116.802623,116.690100,149.984300,99,72,171,0.90198,1.08023,8248,147276269,432585456,-1,6799258
116.945709,116.840400,143.086500,100,72,172,0.90198,0.32833,6826,145730769,433442467,-1,6798504
117.092474,116.974100,146.764900,100,72,172,0.90198,-0.34004,4128,145857038,433417992,-1,6982980
117.248091,117.124500,155.617300,100,72,172,0.90198,-1.09191,5426,154824923,433438782,-1,6982980
117.395921,117.291500,147.830100,100,72,172,0.90198,-1.09191,7856,150329769,433478632,-1,6983748
117.541124,117.441900,145.202200,100,72,172,0.90198,-1.09191,4128,145805769,433451653,-1,6983000
117.689267,117.575500,148.143500,100,72,172,0.90198,-1.09191,4168,148327654,433423029,-1,6982980
117.837592,117.725900,148.325100,100,72,172,0.90198,-1.09191,4248,146841653,433444047,-1,7019882
117.991122,117.876300,153.529300,99,73,172,0.90198,-1.09191,8248,152805846,433481227,-1,7020650
118.143436,118.026700,152.314800,99,73,172,0.90198,-1.09191,5306,152678731,433449523,-1,6983014
118.290367,118.177200,146.930300,99,73,172,0.90198,-1.09191,4128,149135384,433425900,-1,7056786
118.444712,118.327600,154.345200,99,73,172,0.90198,-1.09191,4208,153356077,433446667,-1,7056784
118.599055,118.477900,154.343300,99,73,172,0.90198,-1.09191,4536,152066577,433359466,-1,7057552
118.747569,118.628300,148.513800,99,73,172,0.90198,-1.09191,7792,149257577,432569001,-1,6983758
118.898143,118.778700,150.574000,99,73,172,0.90198,-1.09191,4128,151534923,432562727,-1,6982994
119.046263,118.929100,148.120300,99,73,172,0.90198,-1.09191,4208,146830154,432565832,-1,7019882
119.194524,119.079500,148.260100,98,74,172,0.90198,-1.09191,9426,150041769,432603151,-1,7057552
119.349630,119.229900,155.106800,99,74,173,0.90198,-1.09191,6786,154114846,432672219,-1,7056818
119.505916,119.380200,156.285200,99,74,173,0.90198,-1.09191,4088,155568615,432638508,-1,7093706
119.662569,119.547300,156.653700,99,74,173,0.90198,-1.09191,4168,154844384,432669044,-1,7093686
119.812083,119.697700,149.513400,99,74,173,0.90198,-1.09191,8200,152494846,432605479,-1,7057552
119.959402,119.848100,147.319200,99,74,173,0.90198,-1.09191,4088,147657423,431777483,-1,6946112
120.114249,119.998400,154.847100,99,74,173,0.90198,-1.09191,4128,154439423,431759492,-1,7019882
120.262722,120.148800,148.472900,100,74,174,0.90198,-1.09191,6946,149301192,432664115,-1,7019882
120.463454,120.299100,200.732600,99,75,174,1.65355,-1.09191,8208,198775038,432710573,-1,7057552
120.745744,120.499500,282.289200,99,75,174,2.65549,-1.09191,8986,279364538,432690701,-1,7167526
121.034051,120.783400,288.307500,100,75,175,4.07504,-1.09191,9408,289241077,433586329,-1,7241314
121.195405,121.067300,161.354300,100,75,175,5.49437,-1.09191,13138,163072576,433526613,-1,7168298
121.352009,121.234200,156.603300,100,75,175,6.32911,-1.09191,4088,155542731,432683829,-1,6577118
121.498194,121.384300,146.185000,100,75,175,7.07954,-1.09191,4288,145825307,432693709,-1,6281882
121.641631,121.534500,143.437000,99,76,175,7.83052,-1.09191,8208,141419269,432731681,-1,5766002
121.775340,121.684800,133.709000,99,76,175,8.58168,-1.09191,5346,134467730,432687478,-1,5359346
121.904571,121.818300,129.231400,99,76,175,9.24937,-1.09191,4088,128639884,432662095,-1,4842664
122.026910,121.935200,122.339200,100,76,176,9.83366,-1.09191,6152,123549154,432680844,-1,4473644
122.143466,122.068700,116.556200,99,77,176,10.50142,-1.09191,9386,115679115,431918645,-1,3883980
122.253269,122.185600,109.802500,99,77,176,11.08576,-1.09191,5306,110434808,431884996,-1,3329716
122.358335,122.285800,105.066300,99,77,176,11.58688,-1.09191,4048,104875154,431857930,-1,3145172
122.459789,122.402700,101.453500,99,77,176,12.17130,-1.09191,4128,99880577,431855503,-1,2702348
122.553932,122.502900,94.143230,100,77,177,12.67228,-1.09191,5728,95314923,431964811,-1,2407132
122.648352,122.586400,94.419810,100,77,177,13.08997,-1.09191,4112,93063039,431969418,-1,2038880
122.733993,122.686600,85.641620,100,77,177,13.59099,-1.09191,7832,87917654,431980333,-1,1669872
122.819002,122.770200,85.008270,100,77,177,14.00870,-1.09191,4088,84599923,431961787,-1,1410812
122.899645,122.853700,80.643390,100,77,177,14.42639,-1.09191,4088,81501385,431942376,-1,1300072
122.980442,122.937200,80.796540,100,77,177,14.84399,-1.09191,4168,79426539,431940336,-1,1004856
123.055617,123.020800,75.175420,100,77,177,15.26176,-1.09191,5466,76915654,431961423,-1,783444
123.130142,123.087600,74.525420,100,77,177,15.26176,-1.09191,4152,75345461,431972548,-1,784212
123.201235,123.171100,71.092650,99,78,177,15.26176,-1.09191,8608,71341846,431911576,-1,784224
123.276086,123.237900,74.851390,100,78,178,15.26176,-1.09191,6826,74555423,431974252,-1,746576
123.350192,123.321400,74.105310,100,78,178,15.26176,-1.09191,4088,74494115,431968798,-1,857282
123.426707,123.388300,76.515190,100,78,178,15.26176,-1.09191,4128,76322577,431941515,-1,931072
123.499251,123.471800,72.544000,100,78,178,15.26176,-1.09191,4088,72759307,431942059,-1,1078660
123.579074,123.538600,79.823000,100,78,178,15.26176,-1.09191,4208,79114808,431963725,-1,1078660
123.654385,123.622200,75.310650,100,78,178,15.26176,-1.09191,4152,75594192,431968708,-1,1227036
123.734885,123.689000,80.500850,100,78,178,15.26176,-1.09191,4512,80365769,431858419,-1,1300850
123.815259,123.772500,80.373150,100,78,178,15.26176,-1.09191,7832,78847692,431083948,-1,1227048
123.894293,123.856000,79.034690,100,78,178,15.26176,-1.09191,4168,80010653,431084294,-1,1263206
123.975280,123.939600,80.987110,100,78,178,15.26176,-1.09191,4128,80838270,431074631,-1,1373896
124.054061,124.023100,78.780850,100,78,178,15.26176,-1.09191,5346,79336731,431061566,-1,1447680
124.138032,124.090000,83.970700,100,78,178,15.26176,-1.09191,4288,83716692,431089678,-1,1521484
124.217865,124.173500,79.832890,100,78,178,15.26176,-1.09191,4152,79229962,431089766,-1,1596056
124.301347,124.257000,83.482190,99,79,178,15.26176,-1.09191,8184,83089116,431104684,-1,1596066
124.386604,124.340500,85.257000,99,79,178,15.26176,-1.09191,5346,85797923,431102721,-1,1632224
124.471117,124.424000,84.513080,99,79,178,15.26176,-1.09191,4088,83165538,431098402,-1,1816720
124.556000,124.507500,84.882920,99,79,178,15.26176,-1.09191,4088,85883039,431072175,-1,1964328
124.643772,124.591100,87.772270,100,79,179,15.26176,-1.09191,5768,87247384,431188151,-1,2111916
124.736151,124.691300,92.378650,100,79,179,15.26176,-1.09191,4112,92716384,431203370,-1,2186488
124.821370,124.774800,85.219080,100,79,179,15.26176,-1.09191,8176,84853692,431122752,-1,2260302
124.915878,124.858300,94.508120,100,79,179,15.26176,-1.09191,4128,92685500,430323006,-1,2075048
125.003888,124.958600,88.009610,100,79,179,15.26176,-1.09191,4088,89155193,430326939,-1,2185740
125.094049,125.042100,90.161270,100,79,179,15.26176,-1.09191,5346,90251731,430305222,-1,2407152
125.189564,125.142400,95.514580,100,79,179,15.26176,-1.09191,4288,95642500,430334676,-1,2480938
125.286588,125.225900,97.024230,100,79,179,15.26176,-1.09191,4152,94545807,430346588,-1,2629312
125.380106,125.326100,93.518000,99,80,179,15.26176,-1.09191,8184,94207039,430368099,-1,2850734
125.480550,125.426400,100.443900,99,80,179,15.26176,-1.09191,5346,101461577,430361880,-1,2886892
125.574677,125.526700,94.127080,99,80,179,15.26176,-1.09191,4088,94532807,430340591,-1,2997584
125.675074,125.610200,100.396900,99,80,179,15.26176,-1.09191,4088,99997923,430348704,-1,3145172
125.776974,125.710500,101.900000,100,80,180,15.26176,-1.09191,5768,100102269,430475332,-1,3292780
125.878483,125.810800,101.509000,100,80,180,15.26176,-1.09191,7816,102961885,430505218,-1,3293548
125.985265,125.911100,106.782400,100,80,180,15.26176,-1.09191,4512,105486538,430401158,-1,3403520
126.087560,126.028000,102.295200,100,80,180,15.26176,-1.09191,5306,102436962,429580629,-1,3588016
126.195020,126.128300,107.459800,100,80,180,15.26176,-0.59064,4128,107445231,429590109,-1,3587996
126.375472,126.228500,180.451400,100,80,180,15.26176,-0.08940,4248,178833038,429613708,-1,3661800
126.555948,126.412300,180.476500,99,81,180,15.26176,0.82960,15608,179305231,429688108,-1,3736372
126.732106,126.596100,176.157900,99,81,180,15.26176,1.74857,12666,177456962,429672437,-1,3772566
126.911216,126.763200,179.110000,100,81,181,15.26176,2.58381,9448,175854731,430596410,-1,3809488
127.015506,126.946900,104.290000,100,81,181,15.26176,3.50239,12036,107258846,430631391,-1,4142396
127.133823,127.047100,118.317200,100,81,181,15.26176,4.00338,5730,115997346,430483866,-1,3957156
127.250337,127.164000,116.513900,100,81,181,15.26176,4.58791,7808,116219770,429713282,-1,3993998
127.369019,127.280900,118.681900,100,81,181,15.26176,5.17263,4288,119463961,429721528,-1,3994018
127.478585,127.397900,109.565700,99,82,181,15.26176,5.75729,8208,109200770,429757468,-1,4363766
127.596011,127.514800,117.425900,99,82,181,15.26176,6.34201,5346,118077038,429738745,-1,4252306
127.715160,127.631700,119.149300,99,82,181,15.26176,6.92666,4088,117847654,429704966,-1,4252292
127.834592,127.748700,119.432000,99,82,181,15.26176,7.51136,4128,120611654,429708015,-1,4399860
127.951856,127.865600,117.264500,100,82,182,15.26176,8.09616,5728,117690269,430617715,-1,4399860
128.071136,127.982600,119.279300,100,82,182,15.26176,8.68095,11536,117864807,430674384,-1,4474412
128.187332,128.099600,116.195900,100,82,182,15.26176,9.26575,5690,115396423,430563886,-1,4362992
128.307954,128.216500,120.622300,100,82,182,15.26176,9.85055,4128,121126576,429753327,-1,4178448
128.423866,128.350200,115.912400,100,82,182,15.26176,10.51883,4128,115851000,429752059,-1,4104644
128.541682,128.467100,117.816000,100,82,182,15.26176,11.10366,4288,116377884,429776746,-1,3993938
128.654681,128.584200,112.998300,99,83,182,15.26176,11.68868,8208,113638192,429817966,-1,3884000
128.768959,128.684400,114.278100,99,83,182,15.26176,12.19005,5346,112473923,429783866,-1,3846366
128.880366,128.801500,111.407800,99,83,182,15.26176,12.77524,4088,113997923,429765033,-1,3698702
128.991544,128.918400,111.177200,99,83,182,15.26176,13.35987,4128,110040231,429769050,-1,3661800
129.100300,129.035300,108.756800,100,83,183,15.26176,13.94444,7210,108128038,430569118,-1,3477290
129.204219,129.135500,103.918800,100,83,183,15.26176,13.94444,4248,106583115,429806894,-1,3292780
129.311683,129.235700,107.463400,100,83,183,15.26176,13.94444,4112,106515346,429811210,-1,3367352
129.417924,129.352700,106.241500,100,83,183,15.26176,13.94444,7832,107290654,429821807,-1,3441166
129.520112,129.452900,102.187500,100,83,183,15.26176,13.94444,4088,103065076,429821113,-1,3588010
129.632097,129.553100,111.984900,100,83,183,15.26176,13.94444,4168,111772115,429807790,-1,3698702
129.742316,129.670000,110.219300,100,83,183,15.26176,13.94444,4248,107975385,429832712,-1,3772506
129.850992,129.786900,108.676400,100,83,183,15.26176,13.94444,4192,110270692,429844059,-1,3883980
129.959641,129.887200,108.648700,99,84,183,15.26176,13.94444,8184,108762770,429874736,-1,3957794
130.074321,130.004100,114.680100,99,84,183,15.26176,13.94444,5346,114184692,429872201,-1,3920148
130.188521,130.121000,114.200400,100,84,184,15.26176,13.94444,5608,113190885,429940290,-1,4067742
130.303321,130.221200,114.799500,100,84,184,15.26176,13.94444,4632,116026808,429871167,-1,4178428
130.418106,130.338200,114.784700,100,84,184,15.26176,13.94444,4112,112768923,429090578,-1,4105394
130.535966,130.455100,117.860100,100,84,184,15.26176,13.94444,7832,119775308,429109333,-1,4105402
130.651539,130.572100,115.573300,100,84,184,15.26176,13.94444,4088,115410462,429108871,-1,4104658
130.773746,130.689000,122.207000,100,84,184,15.26176,13.94444,4168,122034000,429085415,-1,4326056
130.890993,130.806000,117.247000,100,84,184,15.26176,13.94444,4248,116260731,429116059,-1,4510546
131.012960,130.922900,121.967000,100,84,184,15.26176,13.94444,4192,122357923,429120866,-1,4548216
131.131612,131.056600,118.651800,99,85,184,15.26176,13.94444,9402,118690769,429147487,-1,4658932
131.255457,131.173600,123.845400,99,85,184,15.26176,13.94444,5346,121666115,428858175,-1,4731992
131.375534,131.290500,120.076600,100,85,185,15.26176,13.94444,5608,121739692,429674177,-1,4842664
131.504117,131.407400,128.583300,100,85,185,15.26176,13.94444,4248,128383769,429695554,-1,4916468
131.633180,131.541100,129.063300,99,86,185,15.26176,13.94444,8552,129010423,429640164,-1,5101746
131.756667,131.674700,123.486700,99,86,185,15.26176,13.94444,5306,123881692,428822296,-1,5137914
131.888825,131.791700,132.157700,100,86,186,15.26176,13.94444,5608,131135769,429677406,-1,5211704
132.017748,131.925300,128.923600,100,86,186,15.26176,13.94444,4248,129587616,429698299,-1,5211684
132.222547,132.058900,204.798800,99,87,186,15.26176,13.94444,9386,201901116,429736348,-1,5396962
132.457601,132.259300,235.053400,99,87,186,14.25967,13.94444,5306,234330539,431307099,-1,5543838
132.705506,132.493100,247.904900,100,87,187,13.09066,13.94444,9448,248080346,432209860,-1,6392548
132.849362,132.743500,143.856100,100,87,187,11.83836,13.94444,11536,145062499,433833608,-1,6614748
133.001238,132.893800,151.876100,100,87,187,11.08698,13.94444,4472,152049539,433709046,-1,6761608
133.156564,133.044100,155.326200,100,87,187,10.33529,13.94444,12866,153396461,433751000,-1,6577098
133.309586,133.194500,153.021900,100,87,187,9.58350,13.94444,7856,151457577,435374991,-1,6541004
133.453995,133.344800,144.409500,100,87,187,8.83177,13.94444,4552,146139038,435245024,-1,6318838
133.598862,133.495200,144.866400,100,87,187,8.07975,13.94444,4128,144231769,434425543,-1,6171176
133.740854,133.628900,141.992500,100,87,187,7.41146,13.94444,4288,141879116,434445254,-1,5949764
133.882592,133.779300,141.737700,99,88,187,6.65949,13.94444,8592,140315884,434373814,-1,5618414
134.016426,133.912900,133.834400,99,88,187,5.99126,13.94444,9026,134154154,433556185,-1,5359326
134.148865,134.046600,132.439000,99,88,187,5.32285,13.94444,5306,132124538,433532235,-1,5211704
134.275615,134.180300,126.750000,100,88,188,4.65447,13.94444,5768,127265116,434439356,-1,4916488
134.401367,134.314000,125.751500,100,88,188,3.98614,13.94444,7816,125212154,434469154,-1,4880354
134.521027,134.431000,119.660100,100,88,188,3.40116,13.94444,4128,120196116,434441435,-1,4658208
134.643780,134.564700,122.752700,100,88,188,2.73272,13.94444,4088,121833269,434418525,-1,4436764
134.764112,134.681600,120.332100,100,88,188,2.14776,13.94444,4288,120513385,434430137,-1,4289154
134.879172,134.798600,115.060000,99,89,188,1.56280,13.94444,8208,115143423,434470232,-1,4179196
134.994382,134.915600,115.210700,99,89,188,0.97803,13.94444,5346,114630230,434448256,-1,4030854
135.108129,135.032500,113.746600,99,89,188,0.39321,13.94444,5306,114354500,434414080,-1,3993938
135.216173,135.149500,108.043700,99,89,188,0.39321,13.94444,4128,111644769,434419357,-1,3957016
135.331001,135.249700,114.828700,100,89,189,0.39321,13.94444,5608,112962653,434514598,-1,3993918
135.442883,135.366700,111.881500,100,89,189,0.39321,13.94444,4128,113436192,434514038,-1,3993918
135.556118,135.483600,113.235200,100,89,189,0.39321,13.94444,4472,112111500,434404750,-1,3993918
135.666828,135.600600,110.710100,100,89,189,0.39321,13.94444,4248,111539885,433629857,-1,3956996
135.781802,135.700800,114.973500,100,89,189,0.39321,13.94444,4112,113771153,433636212,-1,3957764
135.893402,135.817700,111.600400,100,89,189,0.39321,13.94444,4168,112347154,433618979,-1,4068480
136.004842,135.934700,111.439500,99,90,189,0.39321,13.94444,8556,111827308,433644708,-1,4068480
136.120425,136.051700,115.583500,99,90,189,0.39321,13.94444,5346,114469346,433639856,-1,4104638
136.235040,136.152000,114.615400,99,90,189,0.39321,13.94444,4208,113584577,433642843,-1,4252232
136.351388,136.269000,116.347400,99,90,189,0.39321,13.94444,4152,115308577,433649963,-1,4253002
136.468927,136.385900,117.539000,99,91,190,0.39321,13.94444,9664,119093654,434551363,-1,4289912
136.581490,136.502900,112.563000,99,91,190,0.39321,13.94444,5690,113112923,434447952,-1,4326070
136.699121,136.619800,117.630800,99,91,190,0.39321,13.94444,4048,117711923,433624712,-1,4362958
136.815793,136.736800,116.671800,99,91,190,0.39321,13.94444,4208,116498000,433650639,-1,4510546
136.932081,136.853800,116.288000,99,91,190,0.39321,13.94444,4112,115972692,433650866,-1,4511314
137.052946,136.970700,120.865400,100,91,191,0.39321,13.94444,9352,120153730,434550090,-1,4585128
137.168994,137.087700,116.047900,100,91,191,0.39321,13.94444,5306,116896076,434544903,-1,4621286
137.289889,137.204600,120.895500,100,91,191,0.39321,13.94444,4128,120765270,434522000,-1,4768860
137.414092,137.338300,124.202300,100,91,191,0.39321,13.94444,4208,122135692,434542835,-1,4805762
137.535039,137.455300,120.947000,99,92,191,0.39321,13.94444,8248,122513961,434580143,-1,4954138
137.660816,137.572200,125.777800,100,92,192,0.39321,13.94444,7210,125270077,435353331,-1,4953404
137.785561,137.705900,124.744900,100,92,192,0.39321,13.94444,4128,123768731,434523568,-1,4990292
137.942849,137.822800,157.287600,100,92,192,0.39321,13.94444,4088,156639230,434523489,-1,5064076
138.171444,137.973200,228.594900,100,92,192,0.39321,13.94444,4248,229313461,434549773,-1,5100978
138.398731,138.207100,227.287400,99,93,192,0.39321,13.94444,9850,227624115,434478344,-1,5286258
138.592820,138.441000,194.088700,99,93,192,0.39321,12.77500,5346,192194615,433646295,-1,5322390
138.722444,138.624800,129.623900,99,93,192,0.39321,11.85606,11568,130172384,433695753,-1,5506900
138.858746,138.758500,136.302400,100,93,193,0.39321,11.18771,17092,135219577,433841401,-1,5766022
138.991342,138.892200,132.596000,100,93,193,0.39321,10.51894,4088,132841000,433814398,-1,5802230
139.129912,139.025900,138.569400,100,93,193,0.39321,9.85059,9026,137954769,433800683,-1,5839098
139.266641,139.159600,136.729900,100,93,193,0.39321,9.18222,8272,135641615,433743143,-1,5949824
139.407375,139.310000,140.733800,100,93,193,0.39321,8.43032,8436,139399654,432962869,-1,5987514
139.544074,139.443600,136.698800,100,93,193,0.39321,7.76198,7808,137679769,432927006,-1,6097446
139.685374,139.577300,141.299800,100,93,193,0.39321,7.09369,4168,140749154,432903187,-1,6171196
139.823278,139.727600,137.904300,100,93,193,0.39321,6.34193,4248,139058654,432914887,-1,6208098
139.965976,139.861300,142.697600,100,93,193,0.39321,5.67349,8280,141704654,432849511,-1,6319552
140.108284,139.995000,142.308000,100,93,193,0.39321,5.00512,4128,140259730,432024793,-1,6392602
140.250186,140.145400,141.902600,100,93,193,0.39321,4.25321,5386,142164731,431991362,-1,6429470
140.392063,140.279100,141.877000,100,93,193,0.39321,3.58480,4248,140495538,432011804,-1,6540156
140.533541,140.429400,141.477300,99,94,193,0.39321,2.83297,8248,144725615,432048480,-1,6614730
140.679231,140.563100,145.690500,99,94,193,0.39321,2.16464,5306,144003000,432017112,-1,6577092
140.825735,140.713500,146.504100,99,94,193,0.39321,1.41268,4128,144759846,431993807,-1,6613960
140.968205,140.863800,142.469700,99,94,193,0.39321,0.66092,4208,145596153,432807982,-1,6577058
141.115011,140.997500,146.805700,100,94,194,0.39321,-0.00735,5672,144686384,432902194,-1,6762336
141.259941,141.147800,144.930100,100,94,194,0.39321,-0.75910,9010,145022269,432909605,-1,6762346
141.403031,141.298200,143.090500,100,94,194,0.39321,-0.75910,4128,145654461,432908559,-1,6798484
141.543615,141.448500,140.584000,100,94,194,0.39321,-0.75910,4088,142217808,432890529,-1,6835372
141.690930,141.582200,147.314600,100,94,194,0.39321,-0.75910,4288,147396192,432911603,-1,6909176
141.839242,141.732700,148.312400,100,94,194,0.39321,-0.75910,4152,145728461,432911946,-1,6909944
141.983669,141.883000,144.426600,99,95,194,0.39321,-0.75910,8224,146917462,432924392,-1,6909954
142.131160,142.016700,147.491000,99,95,194,0.39321,-0.75910,5306,147370538,432913897,-1,6909190
142.277070,142.167100,145.910300,100,95,195,0.39321,-0.75910,6152,146241769,432914568,-1,6909176
142.422661,142.317500,145.591200,100,95,195,0.39321,-0.75910,4112,144945000,432123308,-1,6836140
142.572535,142.467900,149.874100,100,95,195,0.39321,-0.75910,7832,149695577,432126419,-1,6873052
142.716863,142.618300,144.328000,100,95,195,0.39321,-0.75910,4088,144679923,432110792,-1,6872310
142.872019,142.752000,155.155800,100,95,195,0.39321,-0.75910,4288,152138000,432117843,-1,6946078
143.017057,142.902400,145.037500,99,96,195,0.39321,-0.75910,8208,147528038,432155163,-1,6946846
143.169570,143.052700,152.513200,99,96,195,0.39321,-0.75910,5346,151814385,432132903,-1,6983014
143.318059,143.203200,148.488800,99,96,195,0.39321,-0.75910,4088,148346692,432099611,-1,7019902
143.465976,143.353500,147.917300,100,96,196,0.39321,-0.75910,5768,148288538,432210988,-1,7019882
143.618385,143.503900,152.408800,100,96,196,0.39321,-0.75910,7816,152301193,432245786,-1,7020650
143.839019,143.654300,220.634100,100,96,196,0.39321,-0.75910,4512,220188192,432125611,-1,6983014
144.123151,143.871500,284.132400,100,96,196,0.39321,-0.75910,4248,282277500,431326434,-1,6946078
144.395583,144.155500,272.431200,99,97,196,0.39321,-0.75910,9466,272970038,431358283,-1,6946846
144.547272,144.439600,151.689900,100,97,197,1.81334,-0.75910,14346,151785885,431472030,-1,6982980
144.700694,144.589900,153.421700,100,97,197,2.56509,-0.75910,8200,153185654,431403260,-1,7205200
144.862563,144.740300,161.869100,100,97,197,3.31708,-0.75910,11488,160044461,430604177,-1,7093760
145.017515,144.907400,154.951800,100,97,197,4.15233,-0.75910,7808,154035192,430591162,-1,6983060
145.173833,145.057700,156.318000,100,97,197,4.90416,-0.75910,9186,155234115,430612330,-1,6835472
145.323060,145.208100,149.227400,100,97,197,5.65604,-0.75910,11536,149661616,430650652,-1,6614810
145.474849,145.358500,151.789000,100,97,197,6.40792,-0.75910,4168,152126731,430621941,-1,6134368
145.607021,145.508900,132.171300,100,97,197,7.15971,-0.75910,4128,134460038,430582906,-1,5876020
145.748952,145.642500,141.930800,100,97,197,7.82807,-0.75910,4288,138955692,430587832,-1,5359352
145.877214,145.776200,128.262600,100,97,197,8.49626,-0.75910,7856,128800500,430610233,-1,4917276
146.001270,145.909800,124.055500,100,97,197,9.16432,-0.75910,4552,125209654,430477371,-1,4362992
146.119803,146.043400,118.533200,100,97,197,9.83248,-0.75910,5346,116984461,429663967,-1,4030820
146.230857,146.160400,111.054300,100,97,197,10.41721,-0.75910,4288,112486962,429682581,-1,3587996
146.337622,146.260600,106.765200,100,97,197,10.91830,-0.75910,7856,106389153,429714470,-1,3293548
146.442452,146.377500,104.829500,100,97,197,11.50292,-0.75910,4168,102759385,429693643,-1,2591676
146.536387,146.477700,93.935110,100,97,197,12.00390,-0.75910,4128,94081500,429657800,-1,2259544
146.629117,146.577900,92.730000,100,97,197,12.50496,-0.75910,4168,92353923,429655416,-1,2038112
146.711545,146.661400,82.428610,100,97,197,12.92245,-0.75910,4248,83058000,429675592,-1,1595288
146.794543,146.744900,82.997380,100,97,197,13.33995,-0.75910,4152,84128153,429678927,-1,1374644
146.874974,146.828400,80.431500,100,97,197,13.75753,-0.75910,4168,79067077,429659878,-1,1300850
146.953502,146.912000,78.527500,99,98,197,14.17519,-0.75910,8184,80444270,429684633,-1,1079442
147.030347,146.995500,76.844960,99,98,197,14.59290,-0.75910,5306,75922462,429669886,-1,746576
147.101146,147.062300,70.799190,99,98,197,14.92699,-0.75910,5346,72253307,429669970,-1,635836
147.171114,147.145800,69.967850,99,98,197,14.92699,-0.75910,4088,71057923,429656339,-1,414424
147.244219,147.212700,73.104730,100,98,198,14.92699,-0.75910,5608,72790731,430550052,-1,488228
147.312444,147.279500,68.225810,100,98,198,14.92699,-0.75910,4128,67902654,430550404,-1,598934
147.382221,147.346400,69.776340,100,98,198,14.92699,-0.75910,4088,70684500,430538988,-1,598934
147.455079,147.429900,72.858730,100,98,198,14.92699,-0.75910,4088,73094769,430544172,-1,598934
147.524518,147.496800,69.438540,100,98,198,14.92699,-0.75910,4128,69063423,430547852,-1,672738
147.596295,147.563600,71.777110,100,98,198,14.92699,-0.75910,4088,71982962,430553500,-1,672738
147.670559,147.630400,74.263530,100,98,198,14.92699,-0.75910,4128,73287538,430555453,-1,672738
147.743163,147.713900,72.604350,100,98,198,14.92699,-0.75910,4288,73098807,430582112,-1,746522
147.816410,147.780800,73.246810,100,98,198,14.92699,-0.75910,4152,73238923,430591621,-1,894898
147.890951,147.864300,74.540810,100,98,198,14.92699,-0.75910,4128,73899038,430596589,-1,894910
147.965383,147.931200,74.432660,100,98,198,14.92699,-0.75910,4168,75067653,430577782,-1,968714
148.040063,148.014700,74.679540,100,98,198,14.92699,-0.75910,9422,74643884,430610598,-1,1116324
148.120033,148.081500,79.970000,100,98,198,14.92699,-0.75910,4128,79931039,430616405,-1,1152478
148.197924,148.165000,77.891350,100,98,198,14.92699,-0.75910,4168,77849885,430620704,-1,1336988
148.277143,148.231800,79.218570,100,98,198,14.92699,-0.75910,4248,76885923,430628703,-1,1336974
148.355662,148.315300,78.519730,100,98,198,14.92699,-0.75910,4152,80126961,430639302,-1,1485350
148.435934,148.398800,80.271390,99,99,198,14.92699,-0.75910,8224,80005077,430670890,-1,1485360
148.519158,148.482400,83.224500,99,99,198,14.92699,-0.75910,5306,83443846,430662587,-1,1447714
148.599662,148.565900,80.503270,99,99,198,14.92699,-0.75910,4472,80565231,430574356,-1,1558406
148.682092,148.632700,82.430340,99,99,198,14.92699,-0.75910,4128,82004808,429764085,-1,1632210
148.766706,148.716300,84.613920,99,99,198,14.92699,-0.75910,4088,84191269,429769949,-1,1706014
148.852374,148.799800,85.667770,100,99,199,14.92699,-0.75910,5728,84490462,429880365,-1,1927426
148.940390,148.883400,88.016230,100,99,199,14.92699,-0.75910,4152,89072077,429889916,-1,2075782
149.027115,148.983600,86.725190,100,99,199,14.92699,-0.75910,7792,86912115,429902990,-1,2223400
149.114071,149.067100,86.955690,100,99,199,14.92699,-0.75910,5306,86825346,429911607,-1,2259558
149.207848,149.150600,93.777080,100,99,199,14.92699,-0.75910,4128,92074538,429884420,-1,2296446
149.300496,149.250900,92.648500,100,99,199,14.92699,-0.75910,4128,93725385,429889845,-1,2444036
149.396094,149.334400,95.597270,100,99,199,14.92699,-0.75910,4248,93711538,429917973,-1,2591642
149.487635,149.434600,91.541580,99,100,199,14.92699,-0.75910,8248,93439731,429960463,-1,2592410
149.607185,149.534900,119.549500,99,100,199,14.92699,-0.75910,5310,117411961,429941604,-1,2702382
149.761215,149.651800,154.029900,99,100,199,14.92699,-0.75910,4128,153286000,429923856,-1,2813076
149.912802,149.802100,151.587000,99,100,199,14.92699,-0.75910,4088,153982653,429923683,-1,3255900
150.076598,149.952500,163.796200,100,100,200,14.92699,-0.75910,5768,163370731,430849295,-1,3329684
150.225474,150.119500,148.876500,99,101,200,14.92699,-0.75910,9774,148423461,430800120,-1,3441158
150.333266,150.269800,107.791500,99,101,200,14.92699,-0.00750,5310,105789807,429982341,-1,3551116
150.443483,150.370100,110.217700,99,101,200,14.92699,0.49399,4048,108603769,429963314,-1,3661802
150.548442,150.487100,104.958300,99,101,200,14.92699,1.07891,11608,105628000,430011992,-1,3735606
150.660952,150.587400,112.509700,98,102,200,14.92699,1.58011,8428,110570346,430061090,-1,3736414
150.769211,150.704300,108.259300,99,102,201,14.92699,2.16475,6830,110995000,430136880,-1,3772582
150.880469,150.804500,111.258000,99,102,201,14.92699,2.66585,4048,109161077,430107063,-1,3735666
150.991626,150.921400,111.157300,99,102,201,14.92699,3.25044,7768,112447615,430128995,-1,3809450
151.107397,151.021700,115.771000,99,102,201,14.92699,3.75163,9166,113311231,430170091,-1,3883276
151.220529,151.138600,113.131800,98,103,201,14.92699,4.33623,8552,115088884,430122712,-1,3957866
151.339966,151.255500,119.437200,99,103,202,14.92699,4.92096,6790,116993077,430179238,-1,3920230
151.446702,151.372500,106.735400,99,103,202,14.92699,5.50578,4088,108235231,430151906,-1,4363000
151.564626,151.489400,117.923800,99,103,202,14.92699,6.09045,7728,118090808,430169598,-1,4362980
151.681530,151.606400,116.904500,99,103,202,14.92699,6.67509,4208,116954962,430190632,-1,4289196
151.807068,151.723300,125.538200,99,103,202,14.92699,7.25965,7816,123935500,430210892,-1,4289944
151.925298,151.840200,118.229300,100,103,203,14.92699,7.84414,6032,115636962,430986313,-1,4362994
152.036704,151.957100,111.406000,100,103,203,14.92699,8.42874,4088,115457308,430175895,-1,4362960
152.261228,152.074000,224.524600,100,103,203,14.92699,9.01348,5350,220679500,430178191,-1,4326058
152.321134,152.291100,59.906150,100,103,203,14.92699,10.09888,4248,63980500,429913697,-1,4178450
152.382457,152.357900,61.322190,100,103,203,14.92699,10.43296,4536,62288923,429829301,-1,4216100
152.499188,152.424800,116.731400,100,103,203,14.92699,10.76715,7832,114800576,429050845,-1,4031602
152.614503,152.541700,115.315400,100,103,203,14.92699,11.35173,4168,116034654,429027332,-1,3920130
152.729974,152.658600,115.471000,100,103,203,14.92699,11.93656,4128,114885654,429009471,-1,3772508
152.842932,152.758900,112.958200,100,103,203,14.92699,12.43786,4552,109762269,428917941,-1,3772510
152.951565,152.875900,108.633000,100,103,203,14.92699,13.02267,4248,109857000,428147327,-1,3477292
153.059616,152.992800,108.050400,100,103,203,14.92699,13.60746,4192,108148462,428147198,-1,3404256
153.164958,153.093000,105.342500,99,104,203,14.92699,14.10862,9406,106742153,428160956,-1,3256658
153.269279,153.210000,104.320300,99,104,203,14.92699,14.10862,5350,106212000,428146248,-1,2960698
153.371378,153.310300,102.099300,99,104,203,14.92699,14.10862,4088,100999000,428128764,-1,3108272
153.475376,153.410600,103.998500,100,104,204,14.92699,14.10862,5648,103666347,428210671,-1,3182076
153.576346,153.510800,100.969600,100,104,204,14.92699,14.10862,4088,101488154,428217211,-1,3403488
153.683840,153.611100,107.493500,100,104,204,14.92699,14.10862,4128,108412653,428211231,-1,3514194
153.787672,153.728100,103.832700,100,104,204,14.92699,14.10862,4088,103867539,428212159,-1,3698704
153.897856,153.828300,110.183500,100,104,204,14.92699,14.10862,4248,109531846,428223565,-1,3809410
154.008091,153.945300,110.235300,100,104,204,14.92699,14.10862,4152,110522308,428230145,-1,3957766
154.122109,154.045500,114.017900,100,104,204,14.92699,14.10862,5390,112401192,428212879,-1,3994678
154.234347,154.162400,112.238500,100,104,204,14.92699,14.10862,8204,113825307,428233094,-1,3957776
154.347876,154.279400,113.529000,100,104,204,14.92699,14.10862,4168,113311230,428234324,-1,3957032
154.461959,154.379600,114.082900,100,104,204,14.92699,14.10862,4248,113835653,428237517,-1,4178432
154.581319,154.496500,119.359500,100,104,204,14.92699,14.10862,4192,118040885,428243456,-1,4216100
154.697935,154.613300,116.615700,99,105,204,14.92699,14.10862,8184,117442077,428269183,-1,4216110
154.813599,154.730200,115.664500,99,105,204,14.92699,14.10862,5734,115760962,428164968,-1,4362974
154.930127,154.847100,116.528400,99,105,204,14.92699,14.10862,4088,116692692,427342354,-1,4289156
155.052827,154.964000,122.699700,99,105,204,14.92699,14.10862,4248,120909846,427367633,-1,4362940
155.173828,155.097600,121.000900,100,105,205,14.92699,14.10862,10558,122778576,428279254,-1,4474414
155.293462,155.214600,119.633700,100,105,205,14.92699,14.10862,4128,120010307,428263171,-1,4695092
155.456012,155.331500,162.550200,100,105,205,14.92699,14.10862,4088,162248961,428237216,-1,4953392
155.680084,155.498600,224.071600,100,105,205,14.92699,14.10862,4248,222673884,428253474,-1,4953372
155.899150,155.715800,219.066500,99,106,205,14.92699,14.10862,8248,215934538,428289705,-1,5101748
156.084145,155.933000,184.994800,99,106,205,14.92699,14.10862,5350,188043846,428241424,-1,5248608
156.211442,156.116800,127.297300,100,106,206,14.92699,14.10862,6950,127859308,429149271,-1,5174784
156.351145,156.250700,139.703000,99,107,206,14.25782,14.10862,8208,138356884,429196490,-1,5396964
156.477851,156.384400,126.706200,99,107,206,13.58916,14.10862,9334,127177577,429087765,-1,5875956
156.619972,156.518100,142.120300,99,107,206,12.92065,14.10862,4088,141691038,428265153,-1,6281866
156.765037,156.651800,145.064800,99,107,206,12.25217,14.10862,7888,143150846,429891771,-1,6466374
156.921374,156.802200,156.337900,100,107,207,11.49997,14.10862,17092,154032654,432432380,-1,6614770
157.068354,156.952700,146.979700,100,107,207,10.74774,14.10862,4088,147366038,432405609,-1,6650978
157.223654,157.103000,155.300000,100,107,207,9.99583,14.10862,5350,156262038,433967894,-1,6540238
157.368913,157.253400,145.258600,100,107,207,9.24408,14.10862,7888,145190231,434003032,-1,6429512
157.523984,157.403700,155.071400,100,107,207,8.49230,14.10862,8280,152306346,434729840,-1,6282692
157.662164,157.554100,138.179400,100,107,207,7.74062,14.10862,4128,141991192,433887437,-1,6023624
157.805379,157.704400,143.215700,100,107,207,6.98905,14.10862,4168,142349616,433864002,-1,5802138
157.945553,157.838000,140.173900,100,107,207,6.32090,14.10862,4248,137455038,433884673,-1,5543824
158.080468,157.971600,134.914500,99,108,207,5.65287,14.10862,8632,135316115,433822732,-1,5360082
158.211918,158.121900,131.450300,100,108,208,4.90146,14.10862,6830,131885500,433882901,-1,4990308
158.337134,158.255500,125.216000,100,108,208,4.23356,14.10862,4128,125278615,433858432,-1,4990274
158.462116,158.372400,124.981800,100,108,208,3.64907,14.10862,4208,125242577,433879075,-1,4731960
158.584339,158.506000,122.223500,100,108,208,2.98100,14.10862,7856,122352500,434710628,-1,4658924
158.704212,158.623000,119.872800,100,108,208,2.39631,14.10862,4128,119737116,434694409,-1,4362976
158.822927,158.739900,118.714700,100,108,208,1.81162,14.10862,4168,119599192,434660965,-1,4252254
158.941054,158.856800,118.127200,100,108,208,1.22685,14.10862,4128,115766769,434660717,-1,4141528
159.054256,158.973800,113.202300,100,108,208,0.64207,14.10862,4288,115042038,434686275,-1,4067724
159.167602,159.090800,113.345300,100,108,208,0.05727,14.10862,9078,112948847,434711151,-1,3957786
159.280432,159.207700,112.830500,100,108,208,0.05727,14.10862,4168,114097038,434689455,-1,3846346
159.391090,159.324600,110.657900,100,108,208,0.05727,14.10862,4128,111156192,434671297,-1,3920116
159.502790,159.424900,111.700000,100,108,208,0.05727,14.10862,4168,112718577,434661153,-1,3957018
159.613384,159.541900,110.594400,100,108,208,0.05727,14.10862,4248,111047346,434682299,-1,3993920
159.728395,159.658800,115.010100,99,109,208,0.05727,14.10862,8632,113472923,434629976,-1,3994688
159.841395,159.775800,113.000100,99,109,208,0.05727,14.10862,5310,112179769,433801363,-1,3957052
159.950915,159.876000,109.520000,99,109,208,0.05727,14.10862,4128,111224423,433778580,-1,4067724
160.065517,159.992900,114.602600,99,109,208,0.05727,14.10862,4088,114411577,433778501,-1,4141528
160.182913,160.109900,117.395600,99,109,208,0.05727,14.10862,5470,117253731,433799290,-1,4178430
160.298895,160.226800,115.982300,100,109,209,0.05727,14.10862,5632,113982077,434698017,-1,4179198
160.411156,160.343700,112.261300,99,110,209,0.05727,14.10862,8184,114479423,434706660,-1,4326818
160.532230,160.444000,121.073400,99,110,209,0.05727,14.10862,5270,118760654,434694589,-1,4326052
160.647635,160.577600,115.404900,99,110,209,0.05727,14.10862,4088,117063230,434678756,-1,4399842
160.766030,160.694500,118.395200,99,110,209,0.05727,14.10862,4168,118392269,434703979,-1,4547450
160.883736,160.811400,117.706000,100,110,210,0.05727,14.10862,9376,117221269,434819123,-1,4622022
161.004362,160.928300,120.625700,100,110,210,0.05727,14.10862,4088,120937846,434802504,-1,4658190
161.129421,161.045300,125.059500,100,110,210,0.05727,14.10862,5350,125449153,434775239,-1,4805784
161.295809,161.162200,166.388300,100,110,210,0.05727,14.10862,4088,164913000,434770135,-1,4805764
161.516364,161.329300,220.554400,100,110,210,0.05727,14.10862,4288,218915807,434791070,-1,4879568
161.736799,161.546500,220.435500,99,111,210,0.05727,14.10862,8632,221467576,434729152,-1,4991042
161.916210,161.780400,179.410100,99,111,210,0.05727,14.10862,5350,179930961,433892839,-1,4990274
162.041757,161.964200,125.548000,100,111,211,0.05727,14.10862,5728,126414462,434003270,-1,5100980
162.170941,162.081200,129.184000,100,111,211,0.05727,14.10862,9462,129012731,433947228,-1,5212454
162.304971,162.214900,134.029100,100,111,211,0.05727,13.44005,4088,131375616,433128932,-1,5285524
162.432833,162.348600,127.862700,100,111,211,0.05727,12.77161,11488,128656770,433125593,-1,5433098
162.567500,162.465600,134.666500,100,111,211,0.05727,12.18678,4248,133319384,433141574,-1,5543846
162.704187,162.599200,136.687000,100,111,211,0.05727,11.51839,11576,134358846,433194365,-1,5581514
162.836516,162.732900,132.329000,100,111,211,0.05727,10.85006,11488,132209000,433206230,-1,5617702
162.970169,162.866600,133.653300,100,111,211,0.05727,10.18154,4168,134215961,433173429,-1,5728434
163.108180,163.000300,138.011000,100,111,211,0.05727,9.51297,9150,137092346,433204851,-1,5912924
163.245827,163.150700,137.647200,100,111,211,0.05727,8.76102,8436,136571577,433215614,-1,5987516
163.383674,163.284400,137.846600,100,111,211,0.05727,8.09243,8192,139741500,433104694,-1,6134350
163.523367,163.418100,139.693100,100,111,211,0.05727,7.42395,4168,137578307,432264877,-1,6134316
163.663359,163.551800,139.992500,100,111,211,0.05727,6.75559,4248,140355730,432285275,-1,6208080
163.802581,163.702200,139.221800,100,111,211,0.05727,6.00374,7896,139382769,432310518,-1,6319554
163.945570,163.835800,142.988500,100,111,211,0.05727,5.33554,4128,142102654,432279547,-1,6318800
164.087623,163.986100,142.053300,100,111,211,0.05727,4.58400,4168,143639077,432246547,-1,6392570
164.226805,164.119700,139.182200,100,111,211,0.05727,3.91611,5470,139097423,432271352,-1,6466354
164.369497,164.269900,142.691500,100,111,211,0.05727,3.16480,7896,143395038,432301823,-1,6504024
164.514248,164.403500,144.751300,100,111,211,0.05727,2.49684,4128,143008961,432275328,-1,6540192
164.661365,164.553900,147.116700,100,111,211,0.05727,1.74521,4168,145822692,432252127,-1,6650866
164.808675,164.687500,147.310100,100,111,211,0.05727,1.07724,4248,147957846,433070129,-1,6650864
164.953293,164.837800,144.617800,100,111,211,0.05727,0.32555,4192,144730807,433076588,-1,6725436
165.095953,164.988100,142.660200,99,112,211,0.05727,-0.42595,8184,143860923,433090030,-1,6762348
165.243075,165.138400,147.122000,99,112,211,0.05727,-1.17760,5350,146139154,433078987,-1,6724682
165.385107,165.272100,142.031900,100,112,212,0.05727,-1.17760,5608,144441846,433952115,-1,6872276
165.532348,165.422400,147.241100,100,112,212,0.05727,-1.17760,4128,146221154,433956868,-1,6909178
165.678421,165.572600,146.072700,100,112,212,0.05727,-1.17760,4088,147509539,433946020,-1,6909178
165.825922,165.722900,147.501600,100,112,212,0.05727,-1.17760,4248,147617615,433957970,-1,6909178
165.970895,165.873200,144.972400,100,112,212,0.05727,-1.17760,4152,145164807,433963706,-1,6946828
166.120107,166.006800,149.212200,100,112,212,0.05727,-1.17760,9466,149387653,433971103,-1,6983740
166.268886,166.157100,148.778800,100,112,212,0.05727,-1.17760,4128,146858616,433965860,-1,6946094
166.418373,166.307400,149.487600,100,112,212,0.05727,-1.17760,4288,149116116,433969350,-1,6946080
166.564035,166.457800,145.661500,100,112,212,0.05727,-1.17760,4152,146021962,433975705,-1,6983750
166.715672,166.608100,151.637600,99,113,212,0.05727,-1.17760,8224,153138961,433993484,-1,6983760
166.863330,166.758400,147.657500,99,113,212,0.05727,-1.17760,5694,145143616,433879860,-1,6983018
167.021016,166.892000,157.686500,99,113,212,0.05727,-1.17760,4248,157687307,433086961,-1,6946080
167.291981,167.059100,270.965000,100,113,213,0.05727,-1.17760,10558,270087115,434013759,-1,6946848
167.567325,167.326300,275.343800,100,113,213,0.05727,-1.17760,4128,276872999,433986526,-1,6983002
167.789514,167.610300,222.189000,100,113,213,0.05727,-1.17760,4248,222684039,433989037,-1,7056786
167.939656,167.827400,150.141400,99,114,213,0.05727,-1.17760,8248,151199692,434010460,-1,7094456
168.089624,167.977800,149.968200,99,114,213,0.05727,-1.17760,5310,149956192,433974199,-1,7056786
168.244221,168.128100,154.597200,100,114,214,0.05727,-1.17760,6990,154713269,434879062,-1,7130590
168.397373,168.278500,153.152300,100,114,214,0.80905,-1.17760,8200,150181423,434824913,-1,7131358
168.551256,168.428800,153.882900,100,114,214,1.56079,-1.17760,4128,154588885,434001834,-1,7167526
168.707215,168.595800,155.959500,100,114,214,2.39593,-1.17760,4088,154465654,433972939,-1,7278198
168.866611,168.746200,159.395700,100,114,214,3.14756,-1.17760,7968,159726000,434013912,-1,7315100
169.023980,168.896500,157.368900,100,114,214,3.89906,-1.17760,7856,154440269,434038103,-1,7205182
169.178848,169.063500,154.867700,100,114,214,4.73425,-1.17760,9330,156923654,434020172,-1,7056840
169.331485,169.213800,152.637700,100,114,214,5.48579,-1.17760,4128,150694654,434001149,-1,6835414
169.480650,169.364100,149.164900,100,114,214,6.23743,-1.17760,4288,149035846,434016271,-1,6466396
169.622666,169.514500,142.015300,99,115,214,6.98900,-1.17760,8592,143221539,433953255,-1,5950534
169.761793,169.664800,139.126900,99,115,214,7.74059,-1.17760,9030,138135077,433137240,-1,5248642
169.887238,169.798400,125.445000,99,115,214,8.40877,-1.17760,4088,125069884,433100469,-1,4842706
170.009360,169.915300,122.122800,100,115,215,8.99339,-1.17760,5768,122956423,433212977,-1,4252254
170.124638,170.048900,115.277500,100,115,215,9.66136,-1.17760,9038,114927538,433244307,-1,3957806
170.237164,170.165800,112.526500,100,115,215,10.24572,-1.17760,4128,112328423,433223617,-1,3551150
170.342744,170.266000,105.580100,100,115,215,10.74677,-1.17760,4088,106168616,433202855,-1,3071390
170.444017,170.382900,101.272900,100,115,215,11.33133,-1.17760,4168,100126385,433193999,-1,2923782
170.541809,170.483100,97.791920,100,115,215,11.83238,-1.17760,4248,97388154,433222087,-1,2333330
170.632741,170.583300,90.931620,99,116,215,12.33328,-1.17760,8248,92017231,433262118,-1,1965078
170.718364,170.666800,85.622810,100,116,216,12.75060,-1.17760,6830,86488039,434133086,-1,1779834
170.802958,170.750200,84.594230,100,116,216,13.16795,-1.17760,4088,83988000,434102687,-1,1669114
170.885428,170.833700,82.470460,100,116,216,13.58544,-1.17760,4128,82450500,434104824,-1,1373878
170.965609,170.917200,80.180960,100,116,216,14.00290,-1.17760,4088,81155231,434110760,-1,1300074
171.046851,171.000700,81.241880,100,116,216,14.42032,-1.17760,5310,78487923,434113883,-1,1004860
171.119172,171.084200,72.320540,100,116,216,14.42032,-1.17760,4128,77141692,434127903,-1,857250
171.196107,171.167700,76.935310,100,116,216,14.42032,-1.17760,4512,76374808,434040011,-1,857250
171.268845,171.234500,72.737500,100,116,216,14.42032,-1.17760,4128,73314193,433241107,-1,931054
171.343817,171.301400,74.972000,100,116,216,14.42032,-1.17760,4168,74942077,433230663,-1,1004858
171.420194,171.384900,76.377580,100,116,216,14.42032,-1.17760,4128,76330346,433239736,-1,931034
171.495729,171.468500,75.535120,100,116,216,14.42032,-1.17760,4128,75710654,433243984,-1,1152446
171.574205,171.535300,78.476150,100,116,216,14.42032,-1.17760,4288,77751038,433270046,-1,1152446
171.651528,171.618900,77.322300,100,116,216,14.42032,-1.17760,4152,77394961,433279837,-1,1227018
171.731802,171.685700,80.274190,100,116,216,14.42032,-1.17760,4128,79132308,433271224,-1,1227028
171.809172,171.769300,77.370380,100,116,216,14.42032,-1.17760,4168,78634538,433274312,-1,1300834
171.890674,171.852800,81.502040,99,117,216,14.42032,-1.17760,8556,81597884,433310575,-1,1374638
171.970589,171.936400,79.914310,99,117,216,14.42032,-1.17760,5310,78901961,433313327,-1,1484598
172.050100,172.003200,79.510960,99,117,216,14.42032,-1.17760,5350,79780039,433322295,-1,1521486
172.135102,172.086800,85.001960,100,117,217,14.42032,-1.17760,5728,85481846,434224499,-1,1521486
172.218573,172.170300,83.471500,100,117,217,14.42032,-1.17760,4112,83112577,434233523,-1,1669864
172.303093,172.253800,84.520030,100,117,217,14.42032,-1.17760,4512,84305000,434130414,-1,1817480
172.389512,172.337300,86.419390,100,117,217,14.42032,-1.17760,7792,84098577,433366815,-1,1891286
172.478510,172.420800,88.997340,100,117,217,14.42032,-1.17760,4088,91105885,433366317,-1,1853638
172.562321,172.521100,83.810690,100,117,217,14.42032,-1.17760,4128,83422615,433370730,-1,2111938
172.654587,172.604600,92.266000,100,117,217,14.42032,-1.17760,4248,90464884,433373449,-1,2185742
172.747177,172.688100,92.590500,100,117,217,14.42032,-1.17760,4152,93360423,433421903,-1,2334098
172.837720,172.788300,90.542880,99,118,217,14.42032,-1.17760,8224,90193769,433402183,-1,2334108
172.970641,172.871800,132.921100,99,118,217,14.42032,-1.17760,5310,134090961,433395568,-1,2370266
173.115737,173.005400,145.096100,99,118,217,14.42032,-1.17760,5350,144806885,433381899,-1,2554762
173.264464,173.155700,148.726800,100,118,218,14.42032,-1.17760,5728,148409000,433501875,-1,2628566
173.412309,173.306000,147.845200,100,118,218,14.42032,-1.17760,7856,148006076,433531087,-1,2998334
173.551988,173.456300,139.679100,100,118,218,14.42032,-1.17760,4088,136851000,433516132,-1,3108306
173.650191,173.589900,98.202840,100,118,218,14.42032,-1.17760,4512,101084769,433401552,-1,3292802
173.754819,173.690100,104.627800,100,118,218,14.42032,-1.17760,4248,103981269,432626306,-1,3218978
173.854750,173.790300,99.930920,99,119,218,14.42032,-1.17760,8248,100092500,432676134,-1,3441160
173.962030,173.890600,107.280000,99,119,218,14.42032,-1.17760,5310,106906538,432659270,-1,3329718
174.072351,174.007500,110.320800,99,119,218,14.42032,-1.17760,5350,110525038,432630725,-1,3514214
174.179031,174.107800,106.680200,99,119,218,14.42032,-0.67621,4088,104038923,432638182,-1,3809410
174.298459,174.224800,119.427900,100,119,219,14.42032,-0.09137,5768,117411000,433552399,-1,3883214
174.403264,174.341700,104.805000,100,119,219,14.42032,0.49327,19212,106582154,433633664,-1,3994688
174.516370,174.442000,113.105800,100,119,219,14.42032,0.99458,4512,112817269,433530304,-1,3957112
174.627056,174.558900,110.686900,100,119,219,14.42032,1.57938,7768,110748308,432719785,-1,4067804
174.741850,174.659100,114.793200,100,119,219,14.42032,2.08053,7808,112912923,432738389,-1,4141608
174.855568,174.776100,113.717900,100,119,219,14.42032,2.66524,4248,114840384,432765409,-1,4067824
174.968463,174.893000,112.895700,100,119,219,14.42032,3.24981,12116,115880231,432830539,-1,4142396
175.079317,175.010000,110.853900,100,119,219,14.42032,3.83456,5350,111442923,432887193,-1,4104780
175.193015,175.126900,113.697400,100,119,219,14.42032,4.41910,8008,113307270,432846814,-1,4289276
175.316948,175.227100,123.933800,100,119,219,14.42032,4.92003,4128,124272000,432850630,-1,4215412
175.430958,175.360700,114.009400,100,119,219,14.42032,5.58811,4336,111603384,431546466,-1,4215412
175.547638,175.477600,116.679700,100,119,219,14.42032,6.17257,8240,117107231,431477149,-1,4511356
175.665423,175.594500,117.785500,100,119,219,14.42032,6.75709,4168,119280962,430644923,-1,4436818
175.785620,175.711400,120.197000,100,119,219,14.42032,7.34161,4128,120224000,430625061,-1,4436764
175.903719,175.828300,118.098600,100,119,219,14.42032,7.92610,4168,117809154,430607009,-1,4399862
176.026218,175.945100,122.499600,100,119,219,14.42032,8.51048,4248,122358769,430633225,-1,4326038
176.144149,176.062000,117.930300,100,119,219,14.42032,9.09489,9118,117925000,430656130,-1,4511316
176.264859,176.178900,120.710500,100,119,219,14.42032,9.67944,4128,119129576,430627259,-1,4326072
176.382695,176.312500,117.835700,100,119,219,14.42032,10.34742,4168,117705923,430598917,-1,4289136
176.499851,176.429400,117.156200,100,119,219,14.42032,10.93181,4128,119131308,430597193,-1,4141528
176.616247,176.546300,116.395600,100,119,219,14.42032,11.51623,4288,115980923,430617401,-1,4104626
176.732483,176.663100,116.236700,99,120,219,14.42032,12.10044,8208,116387846,430646211,-1,3957786
176.847074,176.780000,114.591100,100,120,220,14.42032,12.68489,6870,113959961,431773098,-1,3772542
176.959919,176.880200,112.844300,100,120,220,14.42032,13.18579,4088,112234769,431750163,-1,3846312
177.069486,176.997100,109.566800,100,120,220,14.42032,13.77012,4128,110569346,431743368,-1,3698704
177.180848,177.114000,111.362800,100,120,220,14.42032,14.35455,5310,111040577,431731807,-1,3587998
177.286573,177.214100,105.724400,100,120,220,14.42032,14.35455,4248,106733923,431760991,-1,3292782
177.392717,177.331000,106.144100,100,120,220,14.42032,14.35455,4152,105869270,431769775,-1,3367354
177.500336,177.431200,107.619000,100,120,220,14.42032,14.35455,7872,107598423,431763569,-1,3551874
177.607726,177.548200,107.390400,100,120,220,14.42032,14.35455,4128,107336923,431764291,-1,3624914
177.715928,177.648400,108.202100,100,120,220,14.42032,14.35455,4168,108231346,431749352,-1,3772508
177.830230,177.765300,114.301300,100,120,220,14.42032,14.35455,4248,113988038,431774172,-1,3883214
177.941714,177.865500,111.484500,100,120,220,14.42032,14.35455,4192,111326192,431781755,-1,4031590
178.055471,177.982500,113.756900,99,121,220,14.42032,14.35455,8184,113644770,431794925,-1,4068502
178.168272,178.099400,112.800900,99,121,220,14.42032,14.35455,5350,112937231,431788686,-1,4030856
178.284448,178.216300,116.176500,100,121,221,14.42032,14.35455,5608,116273115,431855507,-1,4141548
178.400197,178.333200,115.748500,100,121,221,14.42032,14.35455,4632,115670654,431788304,-1,4289136
178.519248,178.450100,119.050600,100,121,221,14.42032,14.35455,4112,118565923,430994975,-1,4216100
178.637773,178.567000,118.525500,99,122,221,14.42032,14.35455,8184,118925539,431008654,-1,4326816
178.808256,178.683900,170.482600,99,122,221,14.42032,14.35455,5310,170364154,431003167,-1,4362974
179.011226,178.850900,202.970600,100,122,222,14.42032,14.35455,5768,202932653,431097552,-1,4547450
179.221181,179.051300,209.954900,99,123,222,14.42032,14.35455,9430,209209846,431145192,-1,4806532
179.489525,179.268500,268.344100,99,123,222,14.42032,14.35455,5310,268564769,431105582,-1,4953392
179.615834,179.535800,126.308800,100,123,223,14.42032,14.35455,5768,126355077,432002859,-1,5285490
179.798856,179.652800,183.022100,100,123,223,14.42032,14.35455,4496,180151423,431900096,-1,5396964
179.932624,179.836600,133.768300,99,124,223,14.42032,14.35455,8556,136727077,431125408,-1,5396954
180.065817,179.970300,133.192600,99,124,223,14.42032,14.35455,5310,133040423,431106156,-1,5322392
