wall_seconds,game_seconds,frame_ms,active_enemies,kills,spawned,player_x,player_z,gc_bytes,main_thread_ns,total_used_memory_bytes,draw_calls,triangles
0.281046,0.000000,281.046100,0,0,0,0.49006,0.00050,47970,0,284876688,-1,45442
0.358788,0.333328,77.741540,2,0,2,2.15673,0.00050,5918,76528269,285508556,-1,45354
0.368393,0.399338,9.605692,2,0,2,2.48679,0.00050,128,10205500,286971438,-1,50902
0.430398,0.416031,62.004340,2,0,2,2.57028,0.00050,128,61468308,286838086,-1,82270
0.495231,0.482758,64.832920,2,0,2,2.90394,0.00050,208,64835731,276847318,-1,82270
0.557554,0.532898,62.323810,2,0,2,3.15465,0.00050,208,62028885,276846082,-1,82270
0.621034,0.599686,63.479850,2,0,2,3.48861,0.00050,248,63590038,276846174,-1,82270
0.685717,0.666473,64.683150,2,0,2,3.82251,0.00050,208,64049116,276845474,-1,82270
0.746833,0.733261,61.115920,2,0,2,4.15646,0.00050,208,61990270,276845674,-1,82270
0.815014,0.800064,68.181000,2,0,2,4.49049,0.00050,248,67557384,276844614,-1,82270
0.886488,0.866882,71.473810,3,0,3,4.82455,0.00050,1728,71451693,276946052,-1,82270
0.959064,0.933701,72.575460,3,0,3,5.15862,0.00050,208,72548692,277121731,-1,82270
1.029283,1.000519,70.219540,3,0,3,5.49273,0.00050,1470,70690962,277851947,-1,93338
1.108980,1.067322,79.696690,3,0,3,5.82672,0.00050,208,79141654,277853059,-1,108102
1.185882,1.150833,76.902380,3,0,3,6.24431,0.00050,208,76551577,277720648,-1,108102
1.258884,1.234360,73.001850,3,0,3,6.66196,0.00050,248,73218192,277721664,-1,108102
1.332726,1.301193,73.841930,3,0,3,6.99615,0.00050,248,73570384,277721016,-1,108102
1.407848,1.384781,75.122150,4,0,4,7.41407,0.00050,1768,75154347,278032014,-1,108102
1.481320,1.451660,73.472340,4,0,4,7.74850,0.00050,288,73972385,278366262,-1,113636
1.542615,1.518494,61.295080,4,0,4,8.08268,0.00050,248,61152654,278366438,-1,121018
1.606164,1.585342,63.548110,4,0,4,8.41694,0.00050,248,63522884,278364682,-1,121018
1.669836,1.652176,63.672190,4,0,4,8.75114,0.00050,288,63450539,278367954,-1,121018
1.735559,1.718994,65.723110,4,0,4,9.08527,0.00050,248,65597269,278368706,-1,121018
1.798966,1.785873,63.407420,4,0,4,9.41966,0.00050,288,63417039,278368338,-1,121018
1.862072,1.835999,63.105540,4,0,4,9.67030,0.00050,288,63008269,278369382,-1,84116
1.926109,1.902817,64.036800,5,0,5,10.00441,0.00050,1944,63926500,278685708,-1,84116
1.989175,1.969635,63.066730,5,0,5,10.33848,0.00050,288,62670308,279019904,-1,89650
2.051524,2.036484,62.348920,5,0,5,10.67271,0.00050,1510,62613116,279157611,-1,97032
2.114257,2.103348,62.733000,5,0,5,11.00703,0.00050,328,62644615,279158471,-1,71200
2.177134,2.153458,62.877110,5,0,5,11.25761,0.00050,288,62630807,279027076,-1,71200
2.239380,2.220306,62.246000,5,0,5,11.59186,0.00050,288,62524077,279027252,-1,71200
2.302467,2.287140,63.086880,5,0,5,11.92599,0.00050,288,62913769,279027192,-1,71200
2.364951,2.353973,62.483690,6,0,6,12.26018,0.00050,1888,61695115,279123086,-1,71200
2.428612,2.404083,63.660770,7,0,7,12.51073,0.00050,1848,63916730,279590316,-1,84116
2.490893,2.470917,62.281500,7,0,7,12.84490,0.00050,328,62416961,280260212,-1,100718
2.553702,2.537750,62.809120,7,0,7,13.17909,0.00050,328,62982770,280261380,-1,122864
2.618429,2.604599,64.727070,7,0,7,13.51335,0.00050,368,64626231,281060316,-1,122864
2.682304,2.671417,63.874920,7,0,7,13.84743,0.00050,328,63713077,281058676,-1,146850
2.746278,2.721542,63.973880,7,0,7,14.09807,0.00050,328,63978577,281058748,-1,146850
2.810021,2.788361,63.742580,7,0,7,14.43216,0.00050,368,63765770,281058920,-1,146850
2.874615,2.855209,64.594500,7,0,7,14.76641,0.00050,448,64495807,281058572,-1,146850
2.938881,2.922043,64.265690,8,0,8,15.10057,0.00050,1928,64211616,281168574,-1,146850
3.003389,2.988892,64.507840,8,0,8,15.43481,0.00050,408,64283154,281168986,-1,146850
3.067431,3.055771,64.042150,8,0,8,15.76922,0.00050,1670,64146923,281300009,-1,146850
3.130640,3.105896,63.208810,8,0,8,15.76922,0.00050,408,63744462,281305325,-1,146850
3.193845,3.172714,63.205000,8,0,8,15.76922,0.00050,408,63124000,281174150,-1,146850
3.257708,3.239532,63.863110,8,0,8,15.76922,0.00050,408,63817039,281174390,-1,146850
3.321792,3.306366,64.084150,8,0,8,15.76922,0.00050,448,64040731,281168890,-1,146850
3.385683,3.373230,63.890380,8,0,8,15.76922,0.00050,448,63814154,281169302,-1,146850
3.449402,3.423340,63.719000,9,0,9,15.76922,0.00050,2128,63674115,281270700,-1,146850
3.513004,3.490189,63.602340,9,0,9,15.76922,0.00050,448,63303270,281270700,-1,146850
3.580603,3.557037,67.598960,9,0,9,15.76922,0.00050,758,67728731,281562776,-1,146850
3.641601,3.623871,60.998460,9,0,9,15.76922,0.00050,472,60978769,281571997,-1,147618
3.705682,3.690674,64.081040,9,0,9,15.76922,0.00050,448,63877231,281571125,-1,147630
3.769059,3.757507,63.376690,9,0,9,15.76922,0.00050,488,63451846,281548726,-1,147630
3.832910,3.807632,63.851380,9,0,9,15.76922,0.00050,14000,63786269,281779523,-1,147630
3.897211,3.874481,64.300840,9,0,9,15.76922,0.00050,488,64235500,281792263,-1,146884
3.961252,3.941315,64.041110,10,0,10,15.76922,0.00050,2008,63844538,281829663,-1,183786
4.033592,4.008163,72.340080,10,0,10,15.76922,0.00050,1750,72375961,281812893,-1,183772
4.099934,4.074997,66.341580,10,0,10,15.76922,0.00050,608,66245115,281833555,-1,196688
4.165788,4.141830,65.853690,10,0,10,15.76922,0.00050,512,65834192,281839409,-1,197456
4.230999,4.208664,65.211230,10,0,10,15.76922,0.00050,528,65051808,281840281,-1,197468
4.295266,4.275497,64.267110,9,1,10,15.76922,0.00050,4808,64314885,281862970,-1,197468
4.358796,4.342346,63.530350,9,1,10,15.76922,0.00050,1670,63497500,281858348,-1,196722
4.424299,4.409195,65.502770,10,1,11,15.76922,0.00050,2048,65168307,281964492,-1,196722
4.488726,4.476013,64.427310,11,1,12,15.76922,0.00050,2008,64589923,282262058,-1,196708
4.552897,4.526123,64.170920,11,1,12,15.76922,0.00050,488,64109270,282613963,-1,202242
4.626790,4.592926,73.892690,11,1,12,15.76922,0.00050,608,74080962,283401759,-1,209624
4.690453,4.676453,63.662880,11,1,12,15.76922,0.00050,552,63198731,283409778,-1,234358
4.756061,4.743317,65.607610,11,1,12,15.76922,0.00050,488,65980962,283392949,-1,234368
4.820484,4.793442,64.423120,11,1,12,15.76922,0.00050,4192,64098962,283410873,-1,234370
4.885932,4.860291,65.448070,11,1,12,15.76922,0.00050,528,65744000,283411285,-1,233624
4.953368,4.927124,67.436460,11,1,12,15.76922,0.00050,608,66945115,283410963,-1,233624
5.020420,4.993927,67.051420,12,1,13,15.76922,0.00050,2088,67119077,283660828,-1,233610
5.085624,5.060760,65.204270,12,1,13,15.76922,0.00050,1790,65202885,283987178,-1,239144
5.151883,5.127579,66.259380,12,1,13,15.76922,0.00050,728,66144538,284008460,-1,246506
5.217745,5.194412,65.861770,12,1,13,15.76922,0.00050,592,65859462,284018618,-1,247274
5.282937,5.261261,65.191730,12,1,13,15.76922,0.00050,568,65004923,284018182,-1,247286
5.348502,5.328125,65.564800,11,2,13,15.76922,0.00050,4664,65571500,284025915,-1,247286
5.414253,5.394974,65.751000,11,2,13,15.76922,0.00050,1750,65664385,284025906,-1,246540
5.480024,5.461792,65.770880,11,2,13,15.76922,0.00050,568,65552384,284020904,-1,246540
5.546327,5.528656,66.303730,12,2,14,15.76922,0.00050,2128,66046885,284266418,-1,246526
5.611208,5.595490,64.880390,12,2,14,15.76922,0.00050,568,65144307,284619921,-1,252060
5.678367,5.662354,67.159190,12,2,14,15.76922,0.00050,568,67163461,284626233,-1,259422
5.743672,5.729172,65.305470,12,2,14,15.76922,0.00050,608,65256231,284626641,-1,259422
5.809293,5.796005,65.620420,12,2,14,15.76922,0.00050,568,65376115,284620681,-1,259422
5.874983,5.862839,65.690040,12,2,14,15.76922,0.00050,1120,65664154,284525847,-1,259422
5.940999,5.912918,66.016230,12,2,14,15.76922,0.00050,568,65935500,284024611,-1,233590
6.006096,5.979736,65.097150,12,2,14,15.76922,0.00050,648,65004231,284027486,-1,233590
6.071092,6.046585,64.996270,13,2,15,15.76922,0.00050,3350,64973269,286552340,-1,233590
6.137087,6.113388,65.994160,13,2,15,15.76922,0.33455,608,65075462,286547516,-1,233590
6.202299,6.180206,65.212040,13,2,15,15.76922,0.66867,648,65291500,286416530,-1,233570
6.267668,6.247025,65.369080,13,2,15,15.76922,1.00279,608,65316269,286415954,-1,233570
6.332807,6.313828,65.138890,13,2,15,15.76922,1.33680,608,64975269,286410486,-1,233570
6.397308,6.380646,64.501920,13,2,15,15.76922,1.67089,648,64667769,286410246,-1,233570
6.463099,6.447464,65.790700,14,2,16,15.76922,2.00500,2128,65729385,286675356,-1,233570
6.529201,6.514297,66.102040,14,2,16,15.76922,2.33919,648,65629538,286680308,-1,239104
6.594225,6.581146,65.024120,15,2,17,15.76922,2.67343,2208,65581962,287110054,-1,239104
6.666034,6.631271,71.808690,15,2,17,15.76922,2.92408,648,70821346,287108722,-1,246486
6.741741,6.714828,75.707380,15,2,17,15.76922,3.34183,648,76315961,287107502,-1,246486
6.844597,6.781631,102.855700,15,2,17,15.76922,3.67585,688,102229077,287108694,-1,246486
6.925506,6.881882,80.908460,15,2,17,15.76922,4.17711,648,81254807,287110474,-1,246486
7.003340,6.965408,77.834660,15,2,17,15.76922,4.59478,1072,77626423,287020576,-1,246486
7.080883,7.048965,77.543080,15,2,17,15.76922,5.01255,2110,77401270,287720061,-1,183752
7.157012,7.132507,76.129040,16,2,18,15.76922,5.43022,2272,75919307,288055446,-1,184520
7.231369,7.199341,74.356310,16,2,18,15.76922,5.76441,728,74443270,288242954,-1,190064
7.307702,7.282883,76.333770,16,2,18,15.76922,6.18213,4844,76363231,288269361,-1,197448
7.383094,7.349716,75.391460,16,2,18,15.76922,6.51626,728,75488961,288274188,-1,196702
7.447424,7.433258,64.330350,16,2,18,15.76922,6.93396,728,64097231,288273622,-1,196702
7.512422,7.500122,64.998040,16,2,18,15.76922,7.26829,768,64851923,288256809,-1,196688
7.576725,7.550262,64.302540,16,2,18,15.76922,7.51901,888,64438039,288276779,-1,196688
7.641825,7.617096,65.099770,16,2,18,15.76922,7.85321,792,64521230,290381284,-1,197456
7.706898,7.683960,65.073730,16,3,19,15.76922,8.18754,6632,65266038,290677490,-1,197468
7.770964,7.750809,64.066230,16,3,19,15.76922,8.52175,1990,64295808,290989658,-1,165354
7.835285,7.817642,64.320500,16,3,19,15.76922,8.85592,728,64010077,290984728,-1,172736
7.900572,7.884506,65.286930,16,3,19,15.76922,9.19022,728,65283962,291002056,-1,172722
7.965767,7.951355,65.194660,16,3,19,15.76922,9.52443,768,64479961,291004940,-1,172722
8.030088,8.001495,64.321660,16,3,19,15.76922,9.77513,1950,64983769,290999410,-1,172722
8.094643,8.068344,64.554540,16,3,19,15.76922,10.10934,728,64457077,290999586,-1,172702
8.159605,8.135178,64.962430,16,3,19,15.76922,10.44353,768,65014461,291339383,-1,172702
8.224025,8.201996,64.419500,17,3,20,15.76922,10.77764,2328,64247462,291598301,-1,198534
8.288526,8.268829,64.501500,17,3,20,15.76922,11.11179,768,64415153,291934201,-1,178236
8.353214,8.335648,64.687540,17,3,20,15.76922,11.44587,768,64449385,291932813,-1,185618
8.418437,8.402496,65.223040,17,3,20,15.76922,11.78015,808,65092923,291937453,-1,185618
8.483285,8.469315,64.847770,18,3,21,15.76922,12.11427,2288,65074077,292239723,-1,211450
8.547463,8.536118,64.178570,18,3,21,15.76922,12.44829,768,64259577,292241504,-1,216964
8.612512,8.586197,65.048500,18,3,21,15.76922,12.69869,768,64899462,292577592,-1,242796
8.678514,8.653015,66.002080,18,3,21,15.76922,13.03276,848,65342308,292576100,-1,250178
8.743495,8.719818,64.981810,19,3,22,15.76922,13.36679,2328,65342923,292682942,-1,250178
8.808299,8.786636,64.803730,19,3,22,15.76922,13.70090,808,65000692,292683142,-1,250178
8.873682,8.853470,65.382840,19,3,22,15.76922,14.03509,848,65345384,293480670,-1,250178
8.938938,8.920288,65.256160,19,3,22,15.76922,14.36920,848,65175077,293479870,-1,298150
9.006089,8.987152,67.151270,19,3,22,15.76922,14.70349,848,66729731,294278242,-1,298150
9.071034,9.053986,64.944110,19,3,22,15.76922,15.03765,2110,65197346,294282081,-1,346122
9.136774,9.120804,65.740540,19,3,22,15.76922,15.03765,848,66344269,294287597,-1,320290
9.202754,9.187607,65.980190,19,3,22,15.76922,15.03765,888,65909807,294286282,-1,320290
9.268951,9.254425,66.196380,20,3,23,15.76922,15.03765,2448,66271807,294381956,-1,320290
9.333317,9.321259,64.365840,20,3,23,15.76922,15.03765,1272,64357538,294285118,-1,346122
9.398897,9.371368,65.580730,20,3,23,15.76922,15.03765,888,65079654,292987034,-1,272318
9.464350,9.438171,65.453190,20,3,23,15.76922,15.03765,888,65607462,292923044,-1,285234
9.529293,9.504990,64.942960,20,3,23,15.76922,15.03765,928,64954461,292923184,-1,285234
9.594769,9.571808,65.475880,20,3,23,15.76922,15.03765,888,65430961,292926588,-1,285234
9.660100,9.638626,65.330960,20,3,23,15.76922,15.03765,888,65124461,292923659,-1,272318
9.724874,9.705429,64.774040,20,3,23,15.76922,15.03765,968,64856808,292923409,-1,285234
9.790232,9.772232,65.358150,20,3,23,15.76922,15.03765,928,65077192,292923129,-1,285234
9.856107,9.839050,65.874150,20,3,23,15.76922,15.03765,928,65923808,292927665,-1,285234
9.921812,9.905884,65.705850,20,3,23,15.76922,15.03765,968,65736230,292931601,-1,237262
9.987361,9.972748,65.548500,20,3,23,15.76922,15.03765,928,65501116,292930777,-1,237262
10.053039,10.039570,65.678190,20,3,23,15.76922,15.03765,2150,65582770,293266384,-1,237262
10.117488,10.106380,64.448920,20,3,23,15.76922,15.03765,1088,64393270,293288838,-1,263094
10.182528,10.156490,65.039850,20,3,23,15.76922,15.03765,952,64983154,293299464,-1,263862
10.248966,10.223340,66.437610,20,3,23,15.76922,15.03765,928,65544077,293300468,-1,263874
10.315175,10.290180,66.209540,20,3,23,15.76922,15.03765,928,67007577,293277437,-1,263874
10.380729,10.356990,65.553570,20,3,23,15.76922,15.03765,5044,65409770,293305960,-1,263874
10.448258,10.423830,67.529580,20,3,23,15.76922,15.03765,928,67451192,294103255,-1,263128
10.516573,10.490650,68.315040,21,3,24,15.76922,15.03765,2448,68131000,294366531,-1,311100
10.581512,10.557480,64.938840,21,3,24,15.76922,15.03765,968,65049231,294352738,-1,268648
10.650226,10.624300,68.714310,21,3,24,15.76922,15.03765,1048,68620923,294717304,-1,268648
10.716125,10.691130,65.898650,21,3,24,15.76922,15.03765,952,65805269,294721085,-1,276798
10.782793,10.757980,66.668270,21,3,24,15.76922,15.03765,968,66527577,294721001,-1,276810
10.849399,10.824840,66.605160,20,4,24,15.76922,15.03765,4984,66511961,294746740,-1,276810
10.915609,10.891690,66.210430,20,4,24,15.76922,15.03765,2110,66350116,294745811,-1,276064
10.980806,10.958540,65.196580,20,4,24,15.76922,15.03765,968,64983000,294741141,-1,276064
11.047321,11.025340,66.515660,20,4,24,15.76922,15.03765,2150,66616462,294856380,-1,276050
11.113228,11.092150,65.906540,20,4,24,15.76922,15.03765,928,65829961,294847251,-1,276050
11.179457,11.158970,66.229120,20,4,24,15.76922,15.03765,1088,66136077,294744138,-1,276030
11.246758,11.225770,67.301270,20,4,24,15.76922,15.03765,952,67263000,294753803,-1,276798
11.313320,11.292630,66.562120,20,4,24,15.76922,15.03765,928,66357731,294752131,-1,276810
11.379631,11.359470,66.311160,20,4,24,15.76922,15.03765,4672,66374192,294754640,-1,276810
11.445271,11.426320,65.639380,20,4,24,15.76922,15.03765,928,65579692,295556512,-1,276064
11.511869,11.493150,66.598190,20,4,24,15.76922,15.03765,928,66342731,295555546,-1,324036
11.578895,11.560000,67.026310,20,4,24,15.76922,15.03765,968,67178116,295529928,-1,276050
11.645250,11.626820,66.354500,20,4,24,15.76922,15.03765,928,66257423,295529648,-1,276030
11.711135,11.693630,65.885080,20,4,24,15.76922,15.03765,1048,65769654,295560522,-1,276030
11.777678,11.760480,66.543460,20,4,24,15.76922,15.03765,992,66543385,295559679,-1,276798
11.844467,11.827320,66.788700,20,4,24,15.76922,15.03765,928,66515923,295559835,-1,276810
11.912057,11.894120,67.589840,19,5,24,15.76922,15.03765,4984,67431730,295569772,-1,313712
11.977989,11.960920,65.932380,19,5,24,15.76922,15.03765,2150,66151077,295572831,-1,312966
12.043619,12.027740,65.630070,19,5,24,15.76922,15.03765,2110,65468154,295717092,-1,312966
12.111801,12.094590,68.181300,19,5,24,15.43501,15.03765,888,67558654,295695783,-1,312952
12.179140,12.161440,67.339350,19,5,24,15.10078,15.03765,928,67348807,296362968,-1,349834
12.246737,12.228260,67.596920,19,5,24,14.76665,15.03765,1008,67189654,296724542,-1,423638
12.315491,12.295060,68.754150,19,5,24,14.43263,15.03765,912,68435423,296725515,-1,450238
12.386317,12.361850,70.826120,19,5,24,14.09866,15.03765,4632,70990269,297555979,-1,450250
12.454311,12.428650,67.993880,19,5,24,13.76467,15.03765,1272,68362423,299062408,-1,523308
12.529584,12.495420,75.273120,20,5,25,13.43078,15.03765,2408,74405577,298337766,-1,619252
12.613295,12.578930,83.710430,20,5,25,13.01326,15.03765,928,84281577,298322609,-1,613702
12.707702,12.662450,94.406960,20,5,25,12.59569,15.03765,888,94623385,299446864,-1,621084
12.809088,12.745940,101.387000,20,5,25,12.17817,15.03765,1008,100794346,300618590,-1,657966
12.903444,12.846180,94.355730,20,5,25,11.67701,15.03765,952,94554576,300606193,-1,708552
13.007929,12.946410,104.484900,19,6,25,11.17581,15.03765,4944,104005000,300631700,-1,708562
13.103574,13.046660,95.644690,19,6,25,10.67454,15.03765,2150,95709769,300621625,-1,707818
13.197380,13.146910,93.806580,19,6,25,10.17330,15.03765,888,93867423,300595159,-1,707804
13.294493,13.247180,97.112770,19,6,25,9.67201,15.03765,1048,97249961,300620022,-1,707784
13.365590,13.330730,71.097230,19,6,25,9.25421,15.03765,8500,70664769,300803993,-1,684566
13.436585,13.414320,70.994960,19,6,25,8.83627,15.03765,2106,71656346,300790829,-1,659866
13.507819,13.481190,71.233150,19,6,25,8.50193,15.03765,1312,70523885,300567371,-1,659868
13.583367,13.548030,75.548080,19,6,25,8.16767,15.03765,888,75700885,299255673,-1,634036
13.659474,13.631620,76.107040,19,6,25,7.74976,15.03765,888,76300115,299926649,-1,610050
13.733844,13.698470,74.370570,19,6,25,7.41553,15.03765,928,74175462,299916984,-1,501190
13.807720,13.782030,73.876190,19,6,25,6.99774,15.03765,1008,73546115,300272863,-1,501152
13.876341,13.848860,68.620380,18,7,25,6.66361,15.03765,4968,69125961,300312039,-1,453948
13.945913,13.915650,69.572460,18,7,25,6.32963,15.03765,2106,69371692,300320037,-1,453216
14.015092,13.982470,69.178660,18,7,25,5.99551,15.03765,848,68639500,300292511,-1,453214
14.083204,14.065960,68.112500,18,7,25,5.57801,15.03765,2066,68702231,300591937,-1,440284
14.151571,14.132780,68.367080,18,7,25,5.24392,15.03765,888,68111538,300595769,-1,416258
14.219640,14.199580,68.068770,18,7,25,4.90986,15.03765,848,68255808,300595130,-1,403342
14.289717,14.266370,70.076500,18,7,25,4.57595,15.03765,848,69613654,300935418,-1,403342
14.356318,14.333160,66.601040,18,7,25,4.24199,15.03765,888,66961539,300939018,-1,342454
14.423465,14.399950,67.147610,18,7,25,3.90803,15.03765,848,67073500,300938434,-1,342454
14.490356,14.466780,66.890540,18,7,25,3.57388,15.03765,848,66711193,300937118,-1,342454
14.557841,14.533600,67.485190,19,7,26,3.23980,15.03765,2792,67537038,300933422,-1,329538
14.624129,14.600420,66.287800,19,7,26,2.90568,15.03765,848,66100461,299963626,-1,303706
14.689874,14.667220,65.744800,19,7,26,2.57162,15.03765,848,65551539,300297727,-1,314754
14.756700,14.734070,66.826030,19,7,26,2.23741,15.03765,888,66947039,300298019,-1,316602
14.824329,14.800920,67.629690,19,7,26,1.90319,15.03765,848,67290769,300302459,-1,316602
14.889817,14.867740,65.487340,19,7,26,1.56907,15.03765,848,65742615,300301351,-1,316602
14.956647,14.934590,66.830150,19,7,26,1.23485,15.03765,888,66659269,300301435,-1,303686
15.023414,15.001430,66.767270,19,7,26,0.90063,15.03765,2106,66415077,300301262,-1,303686
15.088527,15.068300,65.112960,19,7,26,0.90063,15.03765,888,66060693,300310210,-1,303686
15.154781,15.135150,66.253500,19,7,26,0.90063,15.03765,928,66210924,300310623,-1,303686
15.221617,15.201980,66.836110,19,7,26,0.90063,15.03765,888,66641269,300310671,-1,303686
15.287545,15.268810,65.928340,19,7,26,0.90063,15.03765,888,65938461,300305451,-1,303686
15.354473,15.335660,66.927500,19,7,26,0.90063,15.03765,928,66684384,300310371,-1,303686
15.419608,15.402500,65.135350,19,7,26,0.90063,15.03765,888,65271615,300310703,-1,303686
15.485740,15.469330,66.132350,19,7,26,0.90063,15.03765,1272,66164539,300220593,-1,316602
15.552242,15.536190,66.502080,19,7,26,0.90063,15.03765,928,66328962,299886457,-1,290770
15.618272,15.603030,66.029770,19,7,26,0.90063,15.03765,888,66138038,299886157,-1,303686
15.684953,15.669850,66.681080,19,7,26,0.90063,15.03765,888,66475884,299891169,-1,303686
15.750747,15.736660,65.793770,19,7,26,0.90063,15.03765,928,65905500,299890625,-1,303686
15.817093,15.803500,66.345810,19,7,26,0.90063,15.03765,888,66317231,299890953,-1,303686
15.884341,15.870300,67.247700,19,7,26,0.90063,15.03765,888,67006346,299890957,-1,303686
15.950060,15.937130,65.719120,19,7,26,0.90063,15.03765,928,65819384,299894637,-1,303686
16.016863,15.987230,66.803540,19,7,26,0.90063,15.03765,888,66764192,299894637,-1,303686
16.083983,16.070720,67.119930,19,7,26,0.90063,15.03765,2106,66741846,299899224,-1,303686
16.151010,16.120820,67.026540,19,7,26,0.90063,15.03765,888,67054615,299900180,-1,303686
16.216849,16.204300,65.839500,19,7,26,0.90063,15.03765,928,66008808,299899557,-1,303686
16.283217,16.254380,66.367960,19,7,26,0.90063,15.03765,888,66376116,299903653,-1,303686
16.349008,16.321150,65.790380,19,7,26,0.90063,15.03765,888,65666115,299903653,-1,316602
16.415099,16.387950,66.091080,19,7,26,0.90063,15.03765,888,65982115,299903241,-1,316602
16.481481,16.454740,66.382460,19,7,26,0.90063,15.03765,928,66367962,299903241,-1,316602
16.547502,16.521550,66.020650,19,7,26,0.90063,15.03765,888,65857961,299907337,-1,316602
16.614441,16.588360,66.939730,20,7,27,0.90063,15.03765,2408,66932615,300167599,-1,316602
16.680473,16.655170,66.032040,20,7,27,0.90063,15.03765,1048,66123154,300524033,-1,335052
16.746725,16.721980,66.251500,20,7,27,0.90063,15.03765,912,66251269,300528646,-1,343202
16.813279,16.788820,66.553540,20,7,27,0.90063,15.03765,888,66434346,300532766,-1,343214
16.880273,16.855650,66.994500,20,7,27,0.90063,15.03765,928,66988423,300515323,-1,343214
16.947586,16.922470,67.312810,20,7,27,0.90063,15.03765,4964,67128769,300540442,-1,343214
17.014382,16.989290,66.796070,20,7,27,0.90063,15.03765,888,66491076,300540113,-1,342468
17.080484,17.056140,66.101690,20,7,27,0.90063,15.03765,2186,66272577,300543598,-1,342468
17.147287,17.122970,66.803620,20,7,27,0.90063,15.03765,928,66778346,300526605,-1,342454
17.214959,17.189790,67.672150,20,7,27,0.90063,15.03765,1048,67356500,300552312,-1,342454
17.282691,17.256640,67.731770,20,7,27,0.90063,15.03765,992,68043538,300552465,-1,343222
17.349798,17.323470,67.107190,20,7,27,0.90063,15.03765,928,66901308,300557433,-1,343234
17.415285,17.390290,65.486620,19,8,27,0.90063,15.03765,4984,65638885,300574462,-1,356150
17.482915,17.457120,67.629810,19,8,27,0.90063,15.03765,2146,67350038,300573005,-1,355404
17.549444,17.523910,66.529540,19,8,27,0.90063,15.03765,888,66658038,300568419,-1,355404
17.617123,17.590710,67.679190,19,8,27,0.90063,15.03765,888,67705307,300555327,-1,368306
17.684952,17.657500,67.828800,19,8,27,0.90063,15.03765,928,67667962,300546178,-1,368306
17.753853,17.724300,68.900310,19,8,27,0.90063,15.03765,1008,68780731,300567300,-1,368286
17.822653,17.791060,68.800880,19,8,27,0.90063,15.03765,912,68648000,300572429,-1,369054
17.888377,17.874560,65.724000,19,8,27,0.90063,15.03765,928,65240692,300573393,-1,381982
17.957216,17.941330,68.838200,19,8,27,0.90063,15.03765,4592,69217577,300590561,-1,381982
18.024681,18.008090,67.465310,19,8,27,0.90063,15.03765,2106,67348808,300579057,-1,381236
18.094129,18.074870,69.447850,19,8,27,0.90063,14.70369,928,68703269,300583067,-1,429208
18.161299,18.141660,67.170500,19,8,27,0.90063,14.36974,888,66797115,300561438,-1,381222
18.229266,18.208450,67.966690,19,8,27,0.90063,14.03576,888,67716038,300561230,-1,381202
18.297343,18.275240,68.077000,19,8,27,0.90063,13.70185,1048,67990730,300581772,-1,381202
18.363690,18.342040,66.346690,19,8,27,0.90063,13.36787,912,67325346,300580425,-1,381970
18.435574,18.408840,71.884190,18,9,27,0.90063,13.03382,4944,71460923,300616297,-1,381982
18.509389,18.475630,73.815500,18,9,27,0.90063,12.69988,2106,73398423,300598805,-1,381236
18.592358,18.559100,82.968420,18,9,27,0.90063,12.28256,848,82686577,300593255,-1,381236
18.675944,18.642560,83.585960,19,9,28,0.90063,11.86520,2368,83634461,300667345,-1,381222
18.769326,18.726030,93.382070,19,9,28,0.90063,11.44785,888,93738038,300827308,-1,381222
18.855322,18.809490,85.996460,19,9,28,0.90063,11.03055,968,85295346,301186166,-1,392270
18.939251,18.892990,83.928420,19,9,28,0.90063,10.61308,872,84013077,301192181,-1,407802
19.027397,18.976470,88.146390,19,9,28,0.90063,10.19565,4592,88270039,301207672,-1,420728
19.111280,19.076690,83.883230,19,9,28,0.90063,9.69453,2450,83630269,301107427,-1,419984
19.191167,19.160230,79.886810,19,9,28,0.90063,9.27681,888,79943539,300765508,-1,394138
19.259246,19.243730,68.078930,19,9,28,0.90063,8.85933,928,68215923,300752270,-1,394118
19.327879,19.310550,68.633040,19,9,28,0.90063,8.52522,1008,68418230,300772760,-1,394118
19.396444,19.377370,68.565160,19,9,28,0.90063,8.19112,912,68656961,300778485,-1,394886
19.465159,19.444200,68.714650,18,10,28,0.90063,7.85698,4984,68004923,300816945,-1,394898
19.534133,19.511020,68.973850,18,10,28,0.90063,7.52289,2070,68527000,300794417,-1,394152
19.601467,19.577840,67.333770,18,10,28,0.90063,7.18882,848,68167923,300789463,-1,394154
19.670121,19.644640,68.654000,18,10,28,0.90063,6.85484,888,68402038,300772211,-1,394140
19.737750,19.711410,67.629650,18,10,28,0.90063,6.52096,848,67763654,300767074,-1,394140
19.806231,19.778180,68.480580,18,10,28,0.90063,6.18706,848,68472769,300767206,-1,394120
19.874193,19.844990,67.962110,18,10,28,0.90063,5.85307,888,67918038,300772002,-1,394120
19.943164,19.911770,68.971460,18,10,28,0.90063,5.51912,848,68528538,300775814,-1,394120
20.011136,19.995270,67.971530,18,10,28,0.90063,5.10167,848,68247538,300769854,-1,394120
20.079723,20.062070,68.586850,18,10,28,0.90063,4.76764,2614,68377885,300699061,-1,407036
20.147716,20.128860,67.992920,18,10,28,0.90063,4.43367,872,68188423,299576194,-1,381972
20.217077,20.195660,69.361340,18,10,28,0.90063,4.09965,848,68506654,299566871,-1,394900
20.284108,20.262500,67.031150,18,10,28,0.90063,3.76546,888,67587730,299544853,-1,381964
20.351951,20.329320,67.843190,18,10,28,0.90063,3.43134,4924,67777231,299577044,-1,374582
20.419713,20.396160,67.761890,18,10,28,0.90063,3.09711,848,67796769,299576427,-1,373836
20.487187,20.463010,67.473690,18,10,28,0.90063,2.76291,888,67307077,299576205,-1,386752
20.555209,20.529850,68.022080,18,10,28,0.90063,2.42873,848,67985577,299558704,-1,386738
20.622787,20.596680,67.578310,18,10,28,0.90063,2.09458,968,67513923,299584694,-1,386738
20.690723,20.663510,67.935840,19,10,29,0.90063,1.76043,2432,67920077,299682341,-1,387506
20.759210,20.730350,68.487270,19,10,29,0.90063,1.42623,848,68343308,299851633,-1,387518
20.826381,20.797200,67.170620,18,11,29,0.90063,1.09196,4904,67179577,300212202,-1,398586
20.894455,20.864040,68.073620,18,11,29,0.90063,0.75772,2070,67966923,300207001,-1,412604
20.963206,20.930890,68.751150,18,11,29,0.90063,0.42346,808,68630461,300206099,-1,412604
21.031021,21.014450,67.815190,18,11,29,0.90063,0.00571,2030,67875462,300196806,-1,412590
21.098548,21.081270,67.526960,18,11,29,0.90063,0.00571,1232,68111154,300101971,-1,412590
21.166894,21.148120,68.345570,18,11,29,0.90063,0.00571,848,68280885,298971492,-1,386738
21.234921,21.214940,68.027380,18,11,29,0.90063,0.00571,848,67745846,298976252,-1,412570
21.302741,21.281750,67.820080,18,11,29,0.90063,0.00571,888,67969115,298975368,-1,412570
21.370981,21.348560,68.240350,18,11,29,0.90063,0.00571,848,68189808,298969608,-1,412570
21.439155,21.415370,68.173540,18,11,29,0.90063,0.00571,848,68103884,298969500,-1,412570
21.507411,21.482180,68.255730,18,11,29,0.90063,0.00571,888,68200499,298969368,-1,412570
21.575911,21.548980,68.500580,18,11,29,0.90063,0.00571,848,68373808,298963944,-1,412570
21.644417,21.615800,68.506070,18,11,29,0.90063,0.00571,848,68423077,298964105,-1,412550
21.712659,21.682620,68.241500,18,11,29,0.90063,0.00571,888,68236500,298963581,-1,412550
21.780725,21.766160,68.066700,18,11,29,0.90063,0.00571,848,68037616,298981572,-1,412550
21.849144,21.833010,68.418850,18,11,29,0.90063,0.00571,848,68326692,298963509,-1,412550
21.917840,21.899840,68.695810,18,11,29,0.90063,0.00571,888,68665615,298967753,-1,412550
21.986331,21.966690,68.491040,18,11,29,0.90063,0.00571,848,68392846,298967753,-1,412550
22.055023,22.033520,68.692190,18,11,29,0.90063,0.00571,2070,68638000,298971804,-1,412550
22.123664,22.100340,68.640540,18,11,29,0.90063,0.00571,888,68604576,298971804,-1,412550
22.192377,22.167190,68.712770,18,11,29,0.90063,0.00571,848,68575039,298975969,-1,412550
22.261131,22.234010,68.753920,18,11,29,0.90063,0.00571,848,68527269,298975821,-1,412550
22.330141,22.300830,69.010230,18,11,29,0.90063,0.00571,1008,68969000,298996331,-1,412550
22.399081,22.367650,68.940080,18,11,29,0.90063,0.00571,872,69062846,299002924,-1,413318
22.467653,22.451170,68.572500,18,11,29,0.90063,0.00571,1232,68396231,298907614,-1,413330
22.536377,22.518020,68.723420,18,11,29,0.90063,0.00571,888,68709807,297758539,-1,387498
22.605737,22.584810,69.360270,18,11,29,0.90063,0.00571,4924,69388077,297782650,-1,387498
22.674516,22.651610,68.778500,18,11,29,0.90063,0.00571,848,68707885,297786797,-1,386752
22.743018,22.718410,68.502580,19,11,30,0.90063,0.00571,2408,68291308,297877817,-1,386752
22.811917,22.785220,68.898850,19,11,30,0.90063,0.00571,848,68904461,297864248,-1,386738
22.880817,22.852010,68.899570,19,11,30,0.90063,0.00571,968,68900731,297890362,-1,394120
22.949524,22.918780,68.707620,19,11,30,0.90063,0.00571,912,68619808,297890627,-1,394888
23.018222,23.002270,68.697300,19,11,30,0.90063,0.00571,2070,68539307,297890862,-1,394900
23.086905,23.069060,68.683150,18,12,30,0.90063,0.00571,4904,68745347,297908599,-1,407816
23.155617,23.135850,68.712810,18,12,30,0.90063,0.00571,2110,68648115,297903363,-1,407070
23.224202,23.202640,68.584770,18,12,30,0.90063,0.00571,848,68320000,297898497,-1,407070
23.293024,23.269420,68.821660,18,12,30,0.90063,0.00571,848,68758539,297881153,-1,407056
23.362051,23.336230,69.027380,18,12,30,0.90063,0.00571,888,69157000,297871808,-1,407056
23.430424,23.403030,68.372420,18,12,30,0.90063,0.00571,968,68296538,297895954,-1,419952
23.499276,23.469800,68.852500,18,12,30,0.90063,0.00571,872,68801115,297901811,-1,420720
23.568562,23.536620,69.285920,18,12,30,0.90063,0.00571,888,68988539,297902311,-1,420732
23.637476,23.620120,68.913730,18,12,30,0.90063,0.00571,4552,69075269,297907772,-1,420732
23.706365,23.686940,68.888810,18,12,30,0.90063,0.00571,848,68838692,297911976,-1,419986
23.775258,23.753750,68.893620,18,12,30,0.90063,0.00571,888,68683154,297911586,-1,419986
23.844110,23.820570,68.851540,18,12,30,0.90063,0.00571,848,68828616,297884744,-1,419972
23.918088,23.887410,73.978350,18,12,30,0.90063,0.00571,848,73998884,297885048,-1,419952
23.986870,23.970900,68.781690,18,12,30,0.90063,0.00571,1008,68728269,297914334,-1,419952
24.055962,24.037700,69.092540,18,12,30,0.90063,0.00571,2094,68950692,297914994,-1,420720
24.125856,24.104510,69.893960,17,13,30,1.23463,0.00571,4904,68917116,297958498,-1,420732
24.194620,24.171330,68.764110,17,13,30,1.56875,0.00571,2070,69074192,297941731,-1,432902
24.262350,24.238130,67.729880,17,13,30,1.90277,0.00571,808,67633731,297931085,-1,445818
24.339026,24.304900,76.676000,17,13,30,2.23663,0.00571,808,76252154,297913281,-1,445804
24.425721,24.388380,86.694660,17,13,30,2.65405,0.00571,848,86865000,297903680,-1,471636
24.513443,24.471860,87.722420,17,13,30,3.07143,0.00571,928,87626576,297923890,-1,497448
24.609117,24.555340,95.673230,17,13,30,3.48881,0.00571,4536,95364808,297957229,-1,498216
24.700030,24.655500,90.913350,17,13,30,3.98963,0.00571,848,91181230,297944506,-1,497482
24.788304,24.738950,88.274120,18,13,31,4.40689,0.00571,2712,88206461,298087965,-1,510384
24.883204,24.839140,94.899890,18,13,31,4.90781,0.00571,808,94801000,297283624,-1,490086
24.965100,24.922650,81.895650,18,13,31,5.32533,0.00571,848,81636577,297282948,-1,471616
25.047531,25.006120,82.431690,18,13,31,5.74269,0.00571,2150,82594846,297307725,-1,471616
25.118191,25.089610,70.660080,17,14,31,6.16013,0.00571,4888,70375077,297352316,-1,472384
25.189112,25.156460,70.920620,17,14,31,6.49436,0.00571,2070,70388884,297330395,-1,471650
25.259268,25.239970,70.155850,17,14,31,6.91193,0.00571,808,70711038,297324593,-1,471650
25.329862,25.306810,70.593810,17,14,31,7.24610,0.00571,808,70608961,297298080,-1,471636
25.401165,25.373660,71.303230,17,14,31,7.58035,0.00571,848,70860077,297302176,-1,471616
25.471955,25.440480,70.790230,17,14,31,7.91443,0.00571,808,70893846,297306084,-1,471616
25.541887,25.523990,69.931340,17,14,31,8.33200,0.00571,928,70096423,297326282,-1,445784
25.613127,25.590810,71.240150,17,14,31,8.66611,0.00571,872,70839116,297332815,-1,446552
25.681691,25.657610,68.564460,17,14,31,9.00013,0.00571,4512,68700731,297361687,-1,446564
25.750953,25.724410,69.261650,17,14,31,9.33416,0.00571,1192,69082308,297243494,-1,419986
25.819415,25.791200,68.462270,17,14,31,9.66813,0.00571,848,68387077,295944748,-1,368322
25.887193,25.857970,67.778310,17,14,31,10.00200,0.00571,808,67778731,295916822,-1,316644
25.955516,25.924770,68.322620,17,14,31,10.33600,0.00571,808,68136423,295916686,-1,316624
26.022563,25.991530,67.046620,17,14,31,10.66981,0.00571,848,67196577,295921234,-1,316624
26.091038,26.075000,68.475270,17,14,31,11.08711,0.00571,2150,68116538,295950631,-1,329540
26.157705,26.141820,66.667110,17,14,31,11.42117,0.00571,832,66802731,295950976,-1,304476
26.224652,26.208630,66.946810,16,15,31,11.75526,0.00571,4904,66632885,295985461,-1,278656
26.291119,26.275440,66.467580,16,15,31,12.08929,0.00571,1990,66813115,295968105,-1,277910
26.357905,26.342250,66.785960,16,15,31,12.42338,0.00571,768,66492884,295962523,-1,277910
26.425125,26.409060,67.219230,16,15,31,12.75736,0.00571,808,66481077,295936130,-1,277896
26.491061,26.475850,65.936500,16,15,31,13.09132,0.00571,768,66551154,295935586,-1,277876
26.556780,26.542650,65.719270,16,15,31,13.42537,0.00571,768,65613116,295935866,-1,277876
26.622469,26.609440,65.689000,16,15,31,13.75934,0.00571,928,66017192,295959620,-1,277876
26.689407,26.659530,66.937840,16,15,31,14.00979,0.00571,1176,66317230,295873475,-1,226980
26.754062,26.726330,64.654500,16,15,31,14.34384,0.00571,768,64505692,294575067,-1,201160
26.819397,26.793120,65.335190,17,15,32,14.67781,0.00571,2288,65713192,294820038,-1,201160
26.883374,26.859910,63.977310,17,15,32,15.01176,0.00571,808,64041461,295154642,-1,206694
26.947645,26.926710,64.270390,17,15,32,15.34579,0.00571,4472,64104346,295183474,-1,214076
27.013285,26.993520,65.640230,17,15,32,15.67981,0.00571,768,65629423,295975885,-1,161666
27.076602,27.060300,63.317310,17,15,32,16.01374,0.00571,2030,63000885,295975290,-1,157954
27.139371,27.127110,62.769310,17,15,32,16.01374,0.00571,888,63659423,295995939,-1,109968
27.202376,27.177220,63.004230,17,15,32,16.01374,0.00571,792,62900923,295995841,-1,110736
27.265714,27.244020,63.338620,17,15,32,16.01374,0.00571,808,63181230,295996221,-1,110748
27.329328,27.310790,63.614080,16,16,32,16.01374,0.00571,4904,63674961,296009134,-1,110748
27.392587,27.377550,63.258540,16,16,32,16.01374,0.00571,1990,63169307,296003697,-1,110002
27.456116,27.444350,63.529120,16,16,32,16.01374,0.00571,768,63110231,295998939,-1,110002
27.520035,27.494450,63.919080,16,16,32,16.01374,0.00571,768,64130384,295982527,-1,109988
27.583077,27.561230,63.042040,16,16,32,16.01374,0.00571,808,63075077,295986923,-1,187484
27.647587,27.628020,64.510190,16,16,32,16.01374,0.00571,768,64455269,295988103,-1,161652
27.711682,27.694810,64.095120,16,16,32,16.01374,0.00571,768,64024115,295977570,-1,187484
27.776150,27.761610,64.467120,16,16,32,16.01374,0.00571,808,64355154,295983022,-1,187464
27.840099,27.828410,63.949460,16,16,32,16.01374,0.00571,1152,63887654,295882228,-1,213296
27.903888,27.878490,63.788920,16,16,32,16.01374,0.00571,768,63721384,295384800,-1,213296
27.968227,27.945280,64.339200,16,16,32,16.01374,0.00571,768,64280385,295385080,-1,213296
28.033013,28.012050,64.785610,16,16,32,16.01374,0.00571,2150,64812885,295413713,-1,213296
28.097957,28.078860,64.944730,16,16,32,16.01374,0.00571,792,64862423,295410782,-1,214064
28.162919,28.145660,64.961390,16,16,32,16.01374,0.00571,768,64786039,295410308,-1,214056
28.227434,28.212460,64.515340,16,16,32,16.01374,0.00571,808,64561692,295388381,-1,214056
28.292322,28.279280,64.887570,16,16,32,16.01374,0.00571,4844,64772115,295420836,-1,214056
28.357261,28.329350,64.939120,16,16,32,16.01374,0.00571,768,64958731,295420603,-1,213310
28.422592,28.396150,65.331340,16,16,32,16.01374,0.00571,768,65136154,295420361,-1,213310
28.487802,28.462950,65.209340,16,16,32,16.01374,0.00571,808,65011230,295403252,-1,213296
28.553037,28.529740,65.235620,16,16,32,16.01374,0.00571,888,65434461,295427834,-1,213296
28.618446,28.596530,65.408920,16,16,32,16.01374,0.00571,792,65337577,295434643,-1,214064
28.684326,28.663310,65.879880,16,16,32,16.01374,0.00571,808,65585116,295434851,-1,214076
28.749594,28.730120,65.268390,15,17,32,16.01374,0.00571,4824,65437269,295450204,-1,239908
28.815305,28.796950,65.710300,16,17,33,16.01374,0.00571,3470,65643654,295549857,-1,239162
28.882073,28.863780,66.768620,16,17,33,16.01374,0.00571,768,66605808,295718879,-1,264994
28.947419,28.930590,65.345850,16,17,33,16.01374,0.00571,1112,65386231,295941197,-1,276048
29.013589,28.997420,66.170110,16,17,33,16.01374,0.00571,728,66091077,294642909,-1,264980
29.080028,29.064270,66.438310,16,17,33,16.01374,0.00571,2110,66272270,294663705,-1,264980
29.145681,29.131090,65.653620,16,17,33,16.01374,0.00571,752,65719231,294663662,-1,265728
29.211413,29.197880,65.732310,16,17,33,16.01374,0.00571,728,65526654,294671759,-1,265740
29.277169,29.264710,65.756000,16,17,33,16.01374,0.00571,4512,65807923,294678440,-1,265740
29.342696,29.314800,65.526040,16,17,33,16.01374,0.00571,768,65466654,294673608,-1,264994
29.412535,29.381590,69.839690,16,17,33,16.01374,0.00571,768,66082769,294673458,-1,264994
29.475229,29.448390,62.693650,16,17,33,16.01374,0.00571,768,66355616,294665475,-1,264980
29.541768,29.515210,66.539610,16,17,33,16.01374,0.00571,808,66260423,294660134,-1,264980
29.607221,29.582030,65.452890,16,17,33,16.01374,0.00571,888,65619115,294680756,-1,264960
29.673528,29.648830,66.306770,16,17,33,16.01374,0.00571,792,66229038,294687013,-1,265728
29.739671,29.715670,66.142960,16,17,33,16.01374,0.00571,808,65944807,294686989,-1,265740
29.805857,29.782470,66.185460,15,18,33,16.01374,0.00571,4824,66271808,294698526,-1,265740
29.871573,29.849270,65.716310,15,18,33,16.01374,0.00571,1950,65584346,294699892,-1,290826
29.938733,29.916080,67.160390,15,18,33,16.01374,0.00571,768,67001077,294693680,-1,290826
30.005991,29.982890,67.257800,15,18,33,16.01374,0.00571,728,67353615,294677284,-1,290812
30.072307,30.049700,66.315730,16,18,34,16.01374,0.00571,3470,66196577,294758900,-1,290812
30.140921,30.116530,68.614390,16,18,34,16.01374,0.33990,888,67856961,294789266,-1,290792
30.210577,30.183360,69.656040,16,18,34,16.01374,0.67409,752,69522654,294793476,-1,291560
30.298739,30.250180,88.161890,16,18,34,16.01374,1.00819,4432,87900615,294821348,-1,291572
30.377683,30.350430,78.943960,16,18,34,16.01374,1.50942,1152,79119769,294704813,-1,290826
30.461029,30.417300,83.346150,16,18,34,16.01374,1.84374,728,83332500,294201518,-1,264980
30.542842,30.500840,81.812350,16,18,34,16.01374,2.26148,768,81420308,294184652,-1,264980
30.623810,30.584400,80.968190,17,18,35,16.01374,2.67927,2328,80934770,294439605,-1,264980
30.707244,30.667940,83.433920,17,18,35,16.01374,3.09701,888,83514115,294794539,-1,296326
30.785975,30.751460,78.731690,17,18,35,16.01374,3.51462,4496,78651000,294824634,-1,304476
30.869043,30.834950,83.067230,18,18,36,16.01374,3.93202,2328,82639731,294899325,-1,303742
30.942517,30.918460,73.473920,18,18,36,16.01374,4.34955,768,73901885,294897350,-1,303728
31.008962,30.985290,66.445080,18,18,36,16.01374,4.68370,768,66407269,294870467,-1,329560
31.076602,31.052090,67.640850,18,18,36,16.01374,5.01775,2070,67458615,294870430,-1,303708
31.143726,31.118930,67.123420,19,18,37,16.01374,5.35194,2328,66961115,294961488,-1,303708
31.210678,31.185750,66.952420,19,18,37,16.01374,5.68603,928,67094962,294985707,-1,303708
31.277393,31.252560,66.714580,19,18,37,16.01374,6.02013,4616,66831000,295024730,-1,304476
31.345450,31.319380,68.057300,19,18,37,16.01374,6.35424,848,66949885,295822477,-1,303744
31.411050,31.386220,65.599920,19,18,37,16.01374,6.68839,1232,66387192,295704041,-1,351714
31.478975,31.453050,67.925270,19,18,37,16.01374,7.02253,888,67931039,295983056,-1,277896
31.545730,31.519870,66.754770,19,18,37,16.01374,7.35662,848,66455346,296775835,-1,301882
31.612354,31.586690,66.623570,19,18,37,16.01374,7.69067,888,66674769,296774903,-1,349834
31.679729,31.653500,67.375690,20,18,38,16.01374,8.02477,2448,67420807,296865761,-1,349834
31.748201,31.720340,68.471920,20,18,38,16.01374,8.35894,1008,68414115,297062027,-1,349834
31.816165,31.787190,67.963620,20,18,38,16.01374,8.69316,912,67775192,297396788,-1,483446
31.883853,31.854030,67.688420,19,19,38,16.01374,9.02740,4984,67569038,298232176,-1,498222
31.952438,31.920870,68.584920,19,19,38,16.01374,9.36157,2070,68695692,298219376,-1,545448
32.022505,32.004390,70.067150,19,19,38,16.01374,9.77923,2070,69819769,298203756,-1,545448
32.092462,32.071230,69.956660,19,19,38,16.01374,10.11338,888,69784462,298186776,-1,619218
32.163391,32.138060,70.928730,19,19,38,16.01374,10.44754,888,70819154,298988781,-1,619218
32.234854,32.204880,71.462840,20,19,39,16.01374,10.78161,2408,71181385,299253615,-1,693022
32.307268,32.271710,72.414620,20,19,39,16.01374,11.11578,1048,72420692,300407421,-1,698556
32.379859,32.355260,72.590500,20,19,39,16.01374,11.53348,912,72644884,300415131,-1,802650
32.454753,32.422120,74.894200,20,19,39,16.01374,11.86778,4592,75049038,302020535,-1,802660
32.530347,32.505680,75.593960,20,19,39,16.01374,12.28560,928,75481961,302812219,-1,873874
32.605679,32.572590,75.332310,20,19,39,16.01374,12.62012,888,74651500,302811685,-1,897860
32.680007,32.656160,74.327310,20,19,39,16.01374,13.03795,928,74721654,302784699,-1,776070
32.750852,32.723010,70.845850,21,19,40,16.01374,13.37217,2488,70830500,303048633,-1,776050
32.821496,32.789870,70.643730,21,19,40,16.01374,13.70647,1048,70535308,303068771,-1,776050
32.893053,32.873410,71.556960,22,19,41,16.01374,14.12416,2472,71123615,303166556,-1,703014
32.962649,32.940220,69.596190,22,19,41,16.01374,14.45820,968,70212539,303149551,-1,703024
33.032455,33.007030,69.806110,21,20,41,16.01374,14.79230,6206,69372384,303182554,-1,666124
33.101217,33.073820,68.761460,21,20,41,16.01374,14.79230,2110,69557500,303191341,-1,665378
33.170387,33.140640,69.170070,21,20,41,16.01374,14.79230,968,68942539,303186584,-1,665378
33.240254,33.207440,69.867540,21,20,41,16.01374,14.79230,928,69868961,303159611,-1,665364
33.310184,33.290920,69.929700,22,20,42,16.01374,14.79230,2488,69959231,303250353,-1,665344
33.379402,33.357740,69.217770,22,20,42,16.01374,14.79230,1008,69149730,303255865,-1,702246
33.448534,33.424550,69.132310,22,20,42,16.01374,14.79230,968,68755500,303255581,-1,702246
33.519042,33.491330,70.507500,22,20,42,16.01374,14.79230,1352,70560539,303153671,-1,702246
33.590019,33.558120,70.977040,22,20,42,16.01374,14.79230,1008,71018192,301859459,-1,665344
33.660279,33.641620,70.259800,22,20,42,16.01374,14.79230,968,69976269,301859195,-1,665344
33.729797,33.708370,69.518500,22,20,42,16.01374,14.79230,1008,69637154,301859607,-1,665344
33.800584,33.775150,70.786770,22,20,42,16.01374,14.79230,1048,70764423,301849671,-1,665344
33.870613,33.841930,70.028770,23,20,43,16.01374,14.79230,2528,69931923,301944730,-1,665324
33.940854,33.908690,70.241580,23,20,43,16.01374,14.79230,1008,70121038,301944642,-1,665324
34.011513,33.992200,70.658540,23,20,43,16.01374,14.79230,1048,70615346,301948338,-1,702226
34.082103,34.059020,70.590390,23,20,43,16.01374,14.79230,2230,70431538,301952841,-1,702226
34.152796,34.125870,70.693270,23,20,43,16.01374,14.79230,1008,70631730,301952817,-1,739128
34.223693,34.192690,70.896770,23,20,43,16.01374,14.79230,1048,70689884,301953002,-1,739128
34.294981,34.276150,71.287730,23,20,43,16.01374,14.79230,1048,71149962,301952738,-1,739128
34.367050,34.342940,72.068620,24,20,44,16.01374,14.79230,2568,72147230,302293128,-1,739128
34.438372,34.409760,71.322580,24,20,44,16.01374,14.79230,1208,71238615,302648466,-1,744662
34.509693,34.476530,71.321300,24,20,44,16.01374,14.79230,1072,70882115,303453007,-1,789714
34.581557,34.560030,71.863230,24,20,44,16.01374,14.79230,1048,71571500,303452903,-1,813712
34.653765,34.626820,72.208620,24,20,44,16.01374,14.79230,5548,72365770,303375721,-1,813712
34.726561,34.693590,72.795580,24,20,44,16.01374,14.79230,1048,72740424,302077508,-1,787134
34.798705,34.777070,72.143810,24,20,44,16.01374,14.79230,1088,71877769,302077638,-1,787134
34.870694,34.843870,71.989150,25,20,45,16.01374,14.79230,2648,72155154,302155331,-1,787120
34.943513,34.910710,72.819530,26,20,46,16.01374,14.79230,2728,72860654,302321707,-1,787120
35.016123,34.994200,72.609660,26,20,46,16.01374,14.79230,1112,72243308,302328226,-1,813720
35.088415,35.061040,72.291810,26,20,46,16.01374,14.79230,2350,72442000,302315660,-1,765758
35.160397,35.127840,71.982000,25,21,46,16.01374,14.79230,5144,71910846,302347988,-1,717788
35.231921,35.211360,71.524540,25,21,46,16.01374,14.79230,2270,71348577,302348372,-1,717042
35.304011,35.278180,72.089730,25,21,46,16.01374,14.79230,1128,71701654,302347770,-1,717042
35.375968,35.344970,71.956730,26,21,47,16.01374,14.79230,2648,72243730,302429892,-1,669056
35.447227,35.428480,71.258840,26,21,47,16.01374,14.79230,1248,71279500,302610029,-1,669056
35.518613,35.495330,71.386190,26,21,47,16.01374,14.79230,1192,71272615,302950770,-1,680872
35.590214,35.562190,71.601390,26,21,47,16.01374,14.79230,1128,71139039,302955086,-1,695648
35.663145,35.629010,72.930730,26,21,47,16.01374,14.79230,4832,73243347,302959203,-1,695648
35.735548,35.712510,72.403000,26,21,47,16.01374,14.79230,1168,72128808,303756543,-1,694902
35.807313,35.779330,71.764730,26,21,47,16.01374,14.79230,1168,71717846,303761037,-1,742874
35.881234,35.846160,73.921420,27,21,48,16.01374,14.79230,2688,74003077,304411538,-1,718874
35.958659,35.929670,77.425190,27,21,48,16.01374,14.79230,1328,77271231,304449061,-1,724408
36.033511,35.996520,74.851620,27,21,48,16.01374,14.79230,1192,74840346,304767336,-1,750988
36.108798,36.080050,75.287160,26,22,48,16.01374,14.79230,6446,75129269,304806179,-1,758382
36.206363,36.146880,97.565350,26,22,48,15.67958,14.79230,2390,96852616,304787399,-1,709664
36.303309,36.247090,96.945770,26,22,48,15.17853,14.79230,1128,97206385,305126094,-1,685678
36.397980,36.347290,94.670540,27,22,49,14.67752,14.79230,2728,93468077,306333912,-1,711496
36.494322,36.447490,96.342770,27,22,49,14.17649,14.79230,1288,96810730,306681437,-1,811132
36.587608,36.530980,93.285270,27,22,49,13.75910,14.79230,4896,93508462,306715152,-1,824796
36.685619,36.631210,98.011380,27,22,49,13.25796,14.79230,1208,97811307,307032901,-1,776090
36.776638,36.731320,91.018920,27,22,49,12.75738,14.79230,1168,90586000,307345252,-1,801908
36.853364,36.814790,76.726390,27,22,49,12.34005,14.79230,1592,77182346,308408804,-1,742866
36.927475,36.898270,74.110230,28,22,50,11.92265,14.79230,2768,74085693,308307875,-1,744692
37.002117,36.965040,74.642110,29,22,51,11.58875,14.79230,2848,73742346,308422879,-1,770524
37.078597,37.048550,76.480040,29,22,51,11.17116,14.79230,9838,76926923,308704541,-1,771292
37.154014,37.115390,75.416890,29,22,51,10.83702,14.79230,2470,75644231,309361911,-1,757660
37.228263,37.198880,74.248920,29,22,51,10.41952,14.79230,1208,73671500,309359705,-1,798274
37.310092,37.265670,81.829420,29,22,51,10.08556,14.79230,1208,81691769,309332583,-1,737372
37.389606,37.349200,79.513730,29,22,51,9.66796,14.79230,1288,78594116,310162770,-1,737352
37.466791,37.432690,77.184730,30,22,52,9.25049,14.79230,2808,77792384,310231097,-1,761338
37.547386,37.516200,80.595000,30,22,52,8.83291,14.79230,5088,80939346,310468939,-1,798222
37.622496,37.583040,75.110770,30,22,52,8.49872,14.79230,6538,74992923,310823122,-1,778712
37.696903,37.666610,74.406690,30,22,52,8.08086,14.79230,1288,74017731,310796393,-1,785380
37.774454,37.733440,77.551230,30,22,52,7.74668,14.79230,1672,77273269,310696833,-1,785378
37.853221,37.816970,78.766690,30,22,52,7.32905,14.79230,1328,78327154,309357767,-1,746616
37.930078,37.900500,76.857540,30,22,52,6.91146,14.79230,1328,77390154,309361339,-1,733660
38.007154,37.967350,77.075580,31,22,53,6.57725,14.79230,2848,77438038,309621698,-1,720726
38.080517,38.050900,73.363390,31,22,53,6.15948,14.79230,2710,73050038,310337103,-1,713344
38.152717,38.117740,72.199110,31,22,53,5.82535,14.79230,5056,72027846,311152263,-1,660606
38.225646,38.201260,72.929660,31,22,53,5.40771,14.79230,1328,72991231,311486551,-1,683860
38.298331,38.268100,72.684880,31,22,53,5.07355,14.79230,1368,71493385,311458181,-1,696774
38.371323,38.334930,72.991580,31,22,53,4.73936,14.79230,1328,74203538,311431391,-1,646922
38.442161,38.418520,70.838770,31,22,53,4.32143,14.79230,1368,70498693,311431171,-1,646902
38.514377,38.485340,72.215230,32,22,54,3.98735,14.79230,2928,72208769,311584633,-1,646902
38.587419,38.552170,73.042300,32,22,54,3.65322,14.79230,1488,73197077,311775351,-1,621070
38.660029,38.635740,72.610120,31,23,54,3.23537,14.79230,5448,72190500,312150618,-1,619990
38.731446,38.702580,71.416730,31,23,54,2.90118,14.79230,2590,71210346,312482627,-1,634020
38.804071,38.769390,72.625080,31,23,54,2.56711,14.79230,1328,72495500,312461398,-1,610034
38.876085,38.852940,72.014230,31,23,54,2.14938,14.79230,1328,71931192,312438761,-1,584188
38.948267,38.919750,72.182190,31,23,54,1.81530,14.79230,1408,72485462,312438541,-1,597084
39.020083,38.986570,71.816000,33,23,56,1.48121,14.79230,4952,71833308,312804825,-1,597084
39.091186,39.070110,71.103160,33,23,56,1.06352,14.79230,2710,71144923,313172285,-1,589702
39.161122,39.136980,69.936040,33,23,56,1.06352,14.79230,1432,70439346,313984543,-1,584936
39.230843,39.203800,69.720150,33,23,56,1.06352,14.79230,1368,69329654,313973124,-1,608934
39.302084,39.270610,71.241000,33,23,56,1.06352,14.79230,5072,71479500,313978293,-1,608934
39.373301,39.354140,71.217310,33,23,56,1.06352,14.79230,1408,71171769,313964080,-1,597118
39.446311,39.421010,73.010460,33,23,56,1.06352,14.79230,1448,72879231,313967070,-1,597098
39.515189,39.487850,68.877390,34,23,57,1.06352,14.79230,2968,68945539,314046007,-1,597084
39.585159,39.554690,69.970190,34,23,57,1.06352,14.79230,1488,69849385,314237148,-1,610000
39.656997,39.638210,71.837620,34,23,57,1.06352,14.79230,1568,71781731,314597590,-1,615534
39.727163,39.705090,70.166500,34,23,57,1.06352,14.79230,1472,70129115,314580374,-1,623684
39.798856,39.771940,71.692570,34,23,57,1.06352,14.79230,5192,71516000,314616922,-1,623696
39.870554,39.838810,71.698230,34,23,57,1.06352,14.79230,1448,71716884,315732671,-1,622950
39.941118,39.922350,70.564540,34,23,57,1.06352,14.79230,1488,70215230,315731665,-1,622950
40.015507,39.989210,74.388420,35,23,58,1.06352,14.79230,3048,74648615,315877502,-1,574964
40.084842,40.056060,69.335040,35,23,58,1.06352,14.79230,2710,69259000,316041912,-1,574964
40.159639,40.122910,74.797390,35,23,58,1.06352,14.79230,1488,74707385,316377384,-1,598928
40.226063,40.206450,66.423460,35,23,58,1.06352,14.79230,1696,66425462,315869963,-1,613692
40.297442,40.273320,71.379150,34,24,58,1.06352,14.79230,5952,71152077,315817296,-1,614460
40.369605,40.340130,72.163230,34,24,58,1.06352,14.79230,2670,72040077,315484030,-1,600812
40.441004,40.406950,71.399040,34,24,58,1.06352,14.79230,1528,71354692,315456092,-1,613726
40.512529,40.490480,71.524350,35,24,59,1.06352,14.79230,3008,71546115,315532978,-1,613712
40.584782,40.557330,72.253150,35,24,59,1.06352,14.79230,1488,72180346,315692693,-1,613712
40.656931,40.624150,72.149610,35,24,59,1.06352,14.79230,1528,72055192,316027501,-1,637676
40.728976,40.707660,72.044300,35,24,59,1.06352,14.79230,1608,71974308,316047943,-1,652440
40.801514,40.774510,72.538460,34,25,59,1.06352,14.79230,5568,72415961,316084378,-1,653208
40.874566,40.841340,73.051960,34,25,59,1.06352,14.79230,2710,72748577,316084448,-1,652476
40.947080,40.924870,72.513580,34,25,59,1.06352,14.79230,1488,72068730,316056542,-1,652474
41.020375,40.991700,73.294960,36,25,61,1.06352,14.79230,4528,73749423,316418185,-1,665376
41.093790,41.058530,73.415730,36,25,61,1.06352,14.79230,2750,73371884,316916859,-1,670910
41.166642,41.142090,72.852070,36,25,61,1.06352,14.79230,1488,72519308,318056461,-1,689340
41.240514,41.208920,73.871730,36,25,61,1.06352,14.79230,1608,74002693,318052363,-1,728090
41.315470,41.292430,74.955920,36,25,61,1.06352,14.79230,5256,74765153,318108505,-1,741774
41.391620,41.359240,76.150340,36,25,61,1.06352,14.79230,1488,75856615,318091380,-1,741040
41.465260,41.442750,73.639230,36,25,61,1.06352,14.79230,1568,73682770,318059327,-1,741040
41.539911,41.509580,74.651040,36,25,61,1.06352,14.79230,1608,74286885,318060352,-1,741026
41.614214,41.576400,74.303500,36,25,61,1.06352,14.79230,1568,74515693,318061920,-1,741006
41.688630,41.659910,74.416340,36,25,61,1.06352,14.79230,1568,74280231,318061920,-1,753922
41.763517,41.726760,74.886310,36,25,61,1.06352,14.79230,1728,74806961,318082754,-1,753922
41.835316,41.810290,71.799650,35,26,61,1.06352,14.79230,5648,72046154,318096150,-1,754690
41.912575,41.877140,77.258380,35,26,61,1.06352,14.79230,3134,77004000,317979578,-1,766872
42.014343,41.960660,101.768000,35,26,61,1.06352,14.79230,1568,101459270,316843428,-1,741040
42.105751,42.060900,91.408390,35,26,61,1.06352,14.79230,2750,91862731,316843949,-1,741026
42.201345,42.144420,95.593350,35,26,61,1.06352,14.37467,1528,95414423,316821326,-1,741006
42.302098,42.244660,100.753900,35,26,61,1.06352,13.87352,1688,100274423,316872232,-1,753922
42.404202,42.344920,102.103900,34,27,61,1.06352,13.37221,5608,101658077,316905171,-1,767606
42.503289,42.445330,99.086730,34,27,61,1.06352,12.87022,3134,99132461,316792561,-1,779788
42.603355,42.545550,100.066000,34,27,61,1.06352,12.36910,1488,99702923,316426175,-1,816676
42.694392,42.645810,91.037420,34,27,61,1.06352,11.86774,1528,90899115,316426280,-1,816656
42.769616,42.746050,75.223150,34,27,61,1.06352,11.36654,1608,75006923,316449038,-1,816656
42.844952,42.812900,75.336580,34,27,61,1.06352,11.03228,5216,74738500,316485969,-1,830340
42.919999,42.896420,75.046540,34,27,61,1.06352,10.61461,1528,75530461,316445513,-1,855440
42.997090,42.963230,77.091120,34,27,61,1.06352,10.28058,1488,76972653,316462502,-1,855438
43.072856,43.046750,75.765960,35,27,62,1.06352,9.86296,4230,75426577,316528725,-1,855424
43.149424,43.113590,76.567850,35,27,62,1.06352,9.52883,1528,76585230,316486458,-1,820348
43.224398,43.197110,74.974340,35,27,62,1.06352,9.11120,1488,75026885,316528138,-1,820348
43.300413,43.263950,76.014580,35,27,62,1.06352,8.77700,1608,76072884,316507497,-1,820348
43.376043,43.347490,75.630460,34,28,62,1.06352,8.35933,5608,75323961,316547908,-1,821116
43.453115,43.414340,77.072190,34,28,62,1.06352,8.02509,3054,77091038,316767568,-1,820382
43.528896,43.497860,75.780620,34,28,62,1.06352,7.60746,1488,75699500,316425746,-1,820382
43.604524,43.564680,75.628650,34,28,62,1.06352,7.27341,1528,75507962,316441900,-1,820368
43.681398,43.648220,76.873270,34,28,62,1.06352,6.85574,1488,76240115,316441728,-1,833264
43.757787,43.731750,76.389770,34,28,62,1.06352,6.43814,1488,77284231,316398753,-1,833264
43.836000,43.798570,78.212430,34,28,62,1.06352,6.10403,1648,77714846,316419735,-1,846180
43.913496,43.882160,77.496230,34,28,62,1.06352,5.68612,1512,77294500,316425454,-1,846948
43.990441,43.948990,76.944730,34,28,62,1.06352,5.35197,5576,76891731,316338919,-1,846958
44.066574,44.032550,76.133420,34,28,62,1.06352,4.93416,2750,76326885,315999582,-1,820382
44.142388,44.116070,75.813690,34,28,62,1.06352,4.51656,1488,75375884,315989963,-1,807466
44.217660,44.182890,75.272270,34,28,62,1.06352,4.18250,1488,75417692,315972183,-1,833264
44.293949,44.266420,76.288930,34,28,62,1.06352,3.76489,1528,76300308,315972567,-1,820348
44.369623,44.333270,75.673420,34,28,62,1.06352,3.43066,1608,75569308,315995373,-1,812966
44.445615,44.416780,75.992270,33,29,62,1.06352,3.01311,5568,75417808,316031800,-1,813734
44.521156,44.483600,75.540850,33,29,62,1.06352,2.67900,2710,75465615,316014026,-1,813000
44.596711,44.567110,75.555150,33,29,62,1.06352,2.26145,1448,75161692,316049459,-1,800084
44.673152,44.633940,76.440650,33,29,62,1.06352,1.92730,1448,76533961,315990580,-1,800070
44.749189,44.717480,76.037460,33,29,62,1.06352,1.50955,1488,75424077,315981075,-1,812986
44.824227,44.784320,75.037690,33,29,62,1.06352,1.17542,1448,75820616,316150251,-1,792668
44.899657,44.867840,75.429890,33,29,62,1.06352,0.75775,1448,75342346,316150671,-1,798202
44.974854,44.934660,75.197430,33,29,62,1.06352,0.42368,1872,75284193,316060097,-1,770522
45.049761,45.018220,74.907070,33,29,62,1.06352,0.00591,2670,75090731,314922920,-1,744690
45.123599,45.101750,73.837620,34,29,63,1.06352,0.00591,2968,74154115,315188174,-1,744690
45.197820,45.168580,74.221660,34,29,63,1.06352,0.00591,1488,73556769,315553590,-1,750224
45.272846,45.235410,75.025920,34,29,63,1.06352,0.00591,1448,75587962,315554439,-1,757586
45.347572,45.318980,74.725850,34,29,63,1.06352,0.00591,1448,74630885,315509576,-1,757586
45.422041,45.385800,74.469150,34,29,63,1.06352,0.00591,1488,74283384,315509576,-1,770502
45.496671,45.469330,74.629460,34,29,63,1.06352,0.00591,1448,74495116,315509480,-1,770502
45.572101,45.536190,75.429890,34,29,63,1.06352,0.00591,1488,75129039,315509104,-1,785266
45.647081,45.619720,74.980460,34,29,63,1.06352,0.00591,1528,75127654,315509264,-1,785266
45.721916,45.686570,74.835270,34,29,63,1.06352,0.00591,1488,74667885,315508776,-1,792648
45.796706,45.770110,74.789500,34,29,63,1.06352,0.00591,1488,74526000,315550359,-1,792648
45.872227,45.836960,75.521420,34,29,63,1.06352,0.00591,1528,75447654,315508776,-1,792648
45.947209,45.920490,74.981540,34,29,63,1.06352,0.00591,1488,74961961,315552095,-1,792648
46.023255,45.987350,76.046690,34,29,63,1.06352,0.00591,1488,75996153,315553503,-1,812946
46.098837,46.070880,75.581730,34,29,63,1.06352,0.00591,3254,75492077,315432675,-1,825862
46.173217,46.137710,74.379810,34,29,63,1.06352,0.00591,1512,74113923,314182399,-1,813714
46.249662,46.221270,76.445150,34,29,63,1.06352,0.00591,1488,76020692,314137649,-1,813726
46.323681,46.288120,74.018880,34,29,63,1.06352,0.00591,1528,74308385,314157941,-1,813726
46.399648,46.371660,75.967040,34,29,63,1.06352,0.00591,5564,75908961,314143989,-1,813726
46.475683,46.438480,76.035190,34,29,63,1.06352,0.00591,1488,75848692,314144068,-1,812980
46.551534,46.522020,75.850650,34,29,63,1.06352,0.00591,1528,75550538,314188637,-1,812980
46.627067,46.588880,75.533200,34,29,63,1.06352,0.00591,1608,75633461,314192006,-1,812966
46.702912,46.672420,75.845340,34,29,63,1.06352,0.00591,1512,75478230,314198253,-1,813734
46.778761,46.739260,75.848620,34,29,63,1.06352,0.00591,1528,76037231,314181472,-1,813744
46.854408,46.822810,75.646420,33,30,63,1.06352,0.00591,5544,75500000,314210292,-1,813746
46.930938,46.906390,76.530080,33,30,63,1.06352,0.00591,2670,76588615,314160502,-1,820382
47.005484,46.973220,74.546230,33,30,63,1.06352,0.00591,1488,74186769,314205142,-1,820368
47.082744,47.056760,77.259770,33,30,63,1.06352,0.00591,2670,77360462,314143253,-1,820368
47.158888,47.123580,76.144000,34,30,64,1.06352,0.00591,3088,76184461,314414552,-1,820368
47.234089,47.207120,75.201310,34,30,64,1.06352,0.00591,1512,74871423,314801919,-1,839566
47.313267,47.273960,79.178000,34,30,64,1.06352,0.00591,1448,78659500,315539579,-1,846958
47.390306,47.357530,77.038610,34,30,64,1.06352,0.00591,5152,77362693,315561743,-1,870946
47.466364,47.441060,76.058730,34,30,64,1.06352,0.00591,1488,76078461,315609448,-1,870200
47.543954,47.507930,77.590160,34,30,64,1.06352,0.00591,1448,77305730,315609537,-1,883102
47.622461,47.591480,78.506390,34,30,64,1.06352,0.00591,1488,78660885,315582762,-1,859116
47.707782,47.675020,85.320770,34,30,64,1.06352,0.00591,1648,85496307,315608028,-1,859096
47.783188,47.758560,75.406920,34,30,64,1.06352,0.00591,1512,74899538,315560516,-1,859864
47.866933,47.825410,83.744890,33,31,64,1.06352,0.00591,5544,84081077,315627714,-1,896776
47.969432,47.908940,102.499000,33,31,64,1.06352,0.00591,2710,102430692,315627793,-1,896032
48.075687,48.009190,106.255100,33,31,64,1.06352,0.00591,2670,106078884,315617786,-1,896032
48.182350,48.126110,106.662700,33,31,64,1.64812,0.00591,1488,105980346,315596949,-1,896018
48.284496,48.226350,102.145400,33,31,64,2.14929,0.00591,1568,102006115,315615196,-1,895998
48.387828,48.326570,103.332600,33,31,64,2.65042,0.00591,5216,102806577,315643251,-1,896766
48.488415,48.426800,100.586600,33,31,64,3.15156,0.00591,1448,101526500,315629026,-1,921864
48.589286,48.527050,100.870800,33,31,64,3.65284,0.00591,1872,99443000,315506157,-1,921850
48.669324,48.627300,80.038540,33,31,64,4.15407,0.00591,1448,79557230,314197344,-1,896018
48.747510,48.710860,78.185460,33,31,64,4.57182,0.00591,1448,78902269,314197168,-1,895998
48.826315,48.794420,78.805270,33,31,64,4.98961,0.00591,1608,78584654,314222642,-1,883082
48.904286,48.877990,77.971000,32,32,64,5.40744,0.00591,5528,77692770,314253261,-1,883850
48.982619,48.944840,78.333380,32,32,64,5.74167,0.00591,2630,78285577,314231427,-1,883116
49.061761,49.028370,79.141690,32,32,64,6.15934,0.00591,2670,77916462,314226159,-1,883116
49.138468,49.111940,76.706700,32,32,64,6.57718,0.00591,1408,77578077,314202395,-1,883082
49.217668,49.178770,79.200230,33,32,65,6.91136,0.00591,2928,79480230,314243875,-1,857250
49.294354,49.262330,76.686230,33,32,65,7.32917,0.00591,1448,76671577,314243699,-1,857250
49.370783,49.345860,76.428730,33,32,65,7.74682,0.00591,1528,76327808,314306188,-1,868320
49.447447,49.412670,76.663770,33,32,65,8.08093,0.00591,1816,76306616,314174932,-1,843256
49.522833,49.496220,75.386120,33,32,65,8.49861,0.00591,5152,75447039,313072012,-1,765772
49.598332,49.563050,75.499270,33,32,65,8.83281,0.00591,1408,75775961,313049233,-1,739194
49.671640,49.646610,73.307690,33,32,65,9.25061,0.00591,1448,73372962,313039018,-1,687530
49.744092,49.713420,72.452080,33,32,65,9.58474,0.00591,1488,72215038,313020761,-1,661664
49.817374,49.780260,73.282350,33,32,65,9.91892,0.00591,1448,72279039,313020681,-1,635832
49.889601,49.863830,72.227390,33,32,65,10.33675,0.00591,1568,73117538,313040815,-1,584168
49.962185,49.930680,72.583270,33,32,65,10.67096,0.00591,1512,71890423,313046632,-1,559104
50.031706,49.997500,69.521230,33,32,65,11.00506,0.00591,1448,70217461,313045272,-1,559116
50.102016,50.081040,70.310310,33,32,65,11.42274,0.00591,6374,70150385,313046644,-1,507452
50.171324,50.147860,69.307540,33,32,65,11.75682,0.00591,1488,69215885,313046584,-1,455042
50.239797,50.214710,68.473540,33,32,65,12.09103,0.00591,1448,68327423,313037082,-1,429210
50.307252,50.281540,67.454960,33,32,65,12.42522,0.00591,1448,67650769,313017481,-1,403344
50.374593,50.348370,67.340690,33,32,65,12.75940,0.00591,1488,67359308,313018413,-1,303708
50.441346,50.415190,66.753230,33,32,65,13.09347,0.00591,1448,66682192,313021909,-1,226212
50.506823,50.482010,65.477120,33,32,65,13.42757,0.00591,1832,65165923,312924595,-1,226212
50.571583,50.548840,64.759650,33,32,65,13.76176,0.00591,1488,64909653,311620819,-1,200380
50.637402,50.615660,65.819150,33,32,65,14.09586,0.00591,1448,64994231,311620627,-1,200380
50.701197,50.682480,63.795040,33,32,65,14.42995,0.00591,1448,64250115,311620627,-1,200380
50.765826,50.749280,64.628880,33,32,65,14.76396,0.00591,1488,64579846,311620451,-1,174548
50.830399,50.816120,64.573310,33,32,65,15.09815,0.00591,1448,64282000,311618387,-1,148716
50.894266,50.882900,63.866190,33,32,65,15.43212,0.00591,1448,63441000,311617764,-1,122864
50.956848,50.932980,62.582730,33,32,65,15.68249,0.00591,1448,63319269,311616720,-1,122864
51.021833,50.999790,64.984960,33,32,65,16.01653,0.00591,1488,64790039,311616480,-1,122864
51.084437,51.066570,62.603890,33,32,65,16.35047,0.00591,2670,62522230,311613379,-1,97032
51.146699,51.133380,62.261810,33,32,65,16.35047,0.00591,1448,62970731,311618203,-1,97032
51.209627,51.200230,62.928460,34,32,66,16.35047,0.00591,3008,62908923,311713674,-1,97032
51.272336,51.250350,62.709080,34,32,66,16.35047,0.00591,1448,62580730,311713674,-1,97032
51.335258,51.317180,62.921580,34,32,66,16.35047,0.00591,1448,62899077,311708826,-1,97032
51.398982,51.384020,63.723770,34,32,66,16.35047,0.00591,1448,63690884,311713098,-1,97032
51.461818,51.450840,62.836190,34,32,66,16.35047,0.00591,1488,62791384,311712922,-1,122864
51.525676,51.500960,63.858000,34,32,66,16.35047,0.00591,1448,63585807,311717974,-1,122864
51.588524,51.567790,62.848150,34,32,66,16.35047,0.00591,1448,62882039,311717018,-1,122864
51.652394,51.634610,63.870350,34,32,66,16.35047,0.00591,1488,63740269,311716746,-1,122864
51.715288,51.701450,62.893040,34,32,66,16.35047,0.00591,1528,62922423,311721122,-1,122864
51.778050,51.768260,62.762190,34,32,66,16.35047,0.00591,1488,62707731,311721122,-1,122864
51.841433,51.818370,63.383690,34,32,66,16.35047,0.00591,1488,63298154,311725218,-1,122864
51.905099,51.885190,63.665850,34,32,66,16.35047,0.00591,1488,63623615,311725218,-1,122864
51.969324,51.952030,64.224920,34,32,66,16.35047,0.00591,1528,64144731,311725378,-1,122864
52.033429,52.018890,64.105120,34,32,66,16.35047,0.00591,2710,64012154,311729953,-1,148696
52.097267,52.085750,63.837380,34,32,66,16.35047,0.00591,1488,63826307,311730545,-1,122864
52.160596,52.135860,63.329540,34,32,66,16.35047,0.00591,1488,63227807,311733562,-1,122864
52.224922,52.202680,64.325650,34,32,66,16.35047,0.00591,1528,64279115,311733722,-1,122864
52.289783,52.269490,64.861230,34,32,66,16.35047,0.00591,1488,64768846,311734274,-1,148696
52.353951,52.336290,64.167920,34,32,66,16.35047,0.00591,1488,64121692,311739673,-1,174528
52.418061,52.403100,64.110310,34,32,66,16.35047,0.00591,1528,64111731,311740270,-1,174528
52.483102,52.469910,65.041080,34,32,66,16.35047,0.00591,1488,64941538,311743990,-1,174528
52.547620,52.536710,64.517850,34,32,66,16.35047,0.00591,1488,64251269,311743838,-1,200360
52.612134,52.586830,64.513920,34,32,66,16.35047,0.00591,1488,64596385,311743598,-1,200360
52.676995,52.653660,64.861310,34,32,66,16.35047,0.00591,1648,64845116,311768256,-1,200360
52.741858,52.720470,64.862040,34,32,66,16.35047,0.00591,1512,64820000,311774933,-1,201128
52.806331,52.787300,64.473500,34,32,66,16.35047,0.00591,1488,64275923,311779077,-1,201140
52.870761,52.854130,64.430080,34,32,66,16.35047,0.00591,1528,64483538,311757018,-1,201140
52.935667,52.920940,64.906040,34,32,66,16.35047,0.00591,5564,64866462,311784973,-1,201140
52.999864,52.987780,64.197270,34,32,66,16.35047,0.00591,1488,64100885,311785184,-1,200394
53.064970,53.037900,65.105230,34,32,66,16.35047,0.00591,2710,64926231,311789209,-1,200394
53.130132,53.104680,65.162000,34,32,66,16.35047,0.00591,1528,65260923,311776352,-1,200380
53.195046,53.171500,64.914190,34,32,66,16.35047,0.00591,1608,64842615,311796415,-1,200380
53.260525,53.238330,65.479230,35,32,67,16.35047,0.00591,3032,65353346,311899238,-1,201148
53.325602,53.305180,65.077040,35,32,67,16.35047,0.00591,1528,64865653,311899690,-1,278656
53.391616,53.372000,66.014040,34,33,67,16.35047,0.00591,5544,66117231,311916487,-1,278656
53.457763,53.438850,66.147160,34,33,67,16.35047,0.00591,2670,66056538,311916730,-1,277910
53.523711,53.505680,65.948150,34,33,67,16.35047,0.00591,1488,65798615,311911880,-1,277910
53.589594,53.572530,65.882890,34,33,67,16.35047,0.00591,1448,65721962,311898672,-1,277896
53.653998,53.639340,64.403620,34,33,67,16.35047,0.00591,1448,64637269,311897876,-1,277896
53.726393,53.706170,72.395200,34,33,67,16.35047,0.00591,1648,72267077,311914037,-1,303728
53.807629,53.772960,81.235570,34,33,67,16.35047,0.00591,1512,81218270,311918242,-1,330308
53.887909,53.856450,80.280500,33,34,67,16.35047,0.00591,5544,79797231,311948558,-1,304488
53.967470,53.939950,79.560690,33,34,67,16.35047,0.00591,2710,80051039,311929900,-1,303742
54.050772,54.006760,83.302120,33,34,67,16.35047,0.00591,2670,82825499,311925796,-1,303728
54.138592,54.090280,87.820300,33,34,67,16.35047,0.42351,1448,86899269,311917087,-1,329560
54.219205,54.190510,80.612460,33,34,67,16.35047,0.92469,1488,80648000,311906939,-1,355392
54.300053,54.257350,80.847770,33,34,67,16.35047,1.25887,1568,80705193,311921881,-1,355372
54.385410,54.340900,85.357540,33,34,67,16.35047,1.67665,1472,85249693,311959719,-1,356140
54.454797,54.424460,69.387190,33,34,67,16.35047,2.09443,5192,69663500,311940859,-1,381982
54.522102,54.491270,67.304500,33,34,67,16.35047,2.42849,1448,67093731,311939675,-1,407070
54.589843,54.574810,67.741040,33,34,67,16.35047,2.84619,1448,67736539,311931228,-1,432902
54.658524,54.641650,68.681380,33,34,67,16.35047,3.18034,1488,68586884,311914267,-1,407036
54.726798,54.708520,68.273610,33,34,67,16.35047,3.51470,1448,68356039,311918107,-1,432868
54.795437,54.775370,68.639580,33,34,67,16.35047,3.84893,1568,68634077,311938701,-1,455008
54.864243,54.842220,68.805420,33,34,67,16.35047,4.18320,1512,68774231,311948626,-1,481608
54.933306,54.909100,69.063650,32,35,67,16.35047,4.51758,5504,68288154,311991090,-1,455788
55.002905,54.975910,69.598770,32,35,67,16.35047,4.85166,3014,70185846,311882080,-1,455042
55.070724,55.042760,67.819230,32,35,67,16.35047,5.18587,2670,67581807,311375385,-1,506706
55.139834,55.109570,69.109660,32,35,67,16.35047,5.51995,1408,68985385,311359293,-1,455028
55.209451,55.176410,69.617150,32,35,67,16.35047,5.85416,1408,69056692,311353909,-1,455028
55.277628,55.259930,68.176380,33,35,68,16.35047,6.27174,2968,68804615,311444271,-1,480840
55.346537,55.326750,68.908960,33,35,68,16.35047,6.60582,1528,68782615,311470037,-1,480840
55.416408,55.393610,69.871080,33,35,68,16.35047,6.94010,5136,69878231,311497888,-1,529580
55.485978,55.460440,69.570620,33,35,68,16.35047,7.27426,1832,68994461,312200037,-1,528848
55.555395,55.527260,69.416270,33,35,68,16.35047,7.60837,1408,69818269,310889419,-1,598958
55.625573,55.594080,70.178500,33,35,68,16.35047,7.94246,1408,70086346,310866546,-1,514070
55.696274,55.677620,70.700540,33,35,68,16.35047,8.36017,1488,70450231,310857073,-1,514070
55.766175,55.744480,69.901890,33,35,68,16.35047,8.69446,1448,70165616,311658837,-1,587854
55.835853,55.811320,69.677150,33,35,68,16.35047,9.02866,1448,69101808,311658409,-1,635826
55.909079,55.878150,73.225960,33,35,68,16.35047,9.36283,1608,73652039,311682083,-1,683798
55.982074,55.961680,72.995230,33,35,68,16.35047,9.78044,1472,72740154,311689014,-1,710398
56.053698,56.028540,71.623920,33,35,68,16.35047,10.11475,6374,71620038,311705204,-1,832184
56.126974,56.095390,73.276230,33,35,68,16.35047,10.44901,1488,73125153,312496684,-1,879412
56.200907,56.178910,73.932850,33,35,68,16.35047,10.86662,1448,73324500,312486986,-1,975356
56.275031,56.245740,74.124000,33,35,68,16.35047,11.20078,1448,74393385,312473373,-1,890448
56.348047,56.312590,73.016500,33,35,68,16.35047,11.53501,1488,72830192,312473345,-1,890448
56.420476,56.396100,72.428460,33,35,68,16.35047,11.95256,1568,72064000,312498143,-1,890448
56.495265,56.462970,74.788770,33,35,68,16.35047,12.28693,1472,74974500,312504268,-1,987160
56.567084,56.546520,71.819620,33,35,68,16.35047,12.70465,1872,71796193,312408422,-1,950270
56.641521,56.613330,74.436690,32,36,68,16.35047,13.03872,5504,74191885,311924363,-1,839564
56.714229,56.680140,72.708080,32,36,68,16.35047,13.37275,2630,72061346,311950120,-1,886790
56.787925,56.763650,73.696080,32,36,68,16.35047,13.79031,1448,74357500,312713579,-1,897860
56.858982,56.830480,71.056960,32,36,68,16.35047,14.12449,1408,70692923,312697443,-1,871994
56.931333,56.897320,72.351110,32,36,68,16.35047,14.45867,1408,72320577,313495123,-1,871994
57.004094,56.980850,72.760890,32,36,68,16.35047,14.87632,1448,72799423,314301835,-1,919966
57.076978,57.047670,72.884380,32,36,68,16.35047,15.21041,2630,72418077,314296078,-1,956868
57.149059,57.114490,72.080420,32,36,68,16.35047,15.21041,1408,73170615,314300638,-1,919966
57.223295,57.198050,74.235890,32,36,68,16.35047,15.21041,1448,74006192,314305359,-1,846162
57.297066,57.264900,73.771610,33,36,69,16.35047,15.21041,2928,73917961,314565033,-1,956868
57.369059,57.348430,71.992810,33,36,69,16.35047,15.21041,1408,71797000,314889661,-1,999304
57.442099,57.415280,73.039730,33,36,69,16.35047,15.21041,1448,73327539,314889766,-1,1006666
57.518355,57.482120,76.256160,33,36,69,16.35047,15.21041,1408,75746115,315709132,-1,984526
57.590470,57.565680,72.115270,33,36,69,16.35047,15.21041,1408,72356500,315690786,-1,1008512
57.667063,57.632500,76.592540,33,36,69,16.35047,15.21041,1448,76224038,315690954,-1,1021428
57.740350,57.716000,73.287000,33,36,69,16.35047,15.21041,1448,73181423,315695562,-1,1058330
57.815981,57.782840,75.631270,33,36,69,16.35047,15.21041,1448,75526577,315696382,-1,1010358
57.890056,57.866330,74.074920,33,36,69,16.35047,15.21041,1488,74265769,315696382,-1,1010358
57.964837,57.933170,74.781230,33,36,69,16.35047,15.21041,1448,74532077,315700478,-1,1010358
58.039437,58.016690,74.600070,33,36,69,16.35047,15.21041,2670,74491154,315700589,-1,1010358
58.113839,58.083490,74.401850,33,36,69,16.35047,15.21041,1488,74228385,315700589,-1,1010358
58.189709,58.150300,75.869690,33,36,69,16.35047,15.21041,1448,75850808,316502350,-1,1010358
58.263848,58.233820,74.139190,33,36,69,16.35047,15.21041,1832,73953269,316406528,-1,1084162
58.340345,58.300640,76.496730,33,36,69,16.35047,15.21041,1608,76429115,315133154,-1,1084162
58.415611,58.384160,75.266110,33,36,69,16.35047,15.21041,1472,75147846,315139401,-1,1084930
58.491210,58.467690,75.599150,33,36,69,16.35047,15.21041,1448,75696115,315122788,-1,1084940
58.567603,58.534520,76.393230,33,36,69,16.35047,15.21041,1488,76292270,315121620,-1,1073872
58.643929,58.618070,76.325610,33,36,69,16.35047,15.21041,5524,76164077,315150163,-1,1073872
58.721228,58.684910,77.299160,33,36,69,16.35047,15.21041,1448,77158192,315154658,-1,1098958
58.796988,58.768450,75.759770,33,36,69,16.35047,15.21041,1488,75549154,315154348,-1,1172762
58.874945,58.835280,77.957620,33,36,69,16.35047,15.21041,1568,78153039,315161373,-1,1161678
58.956157,58.918850,81.211270,33,36,69,16.35047,15.21041,1472,80786538,315167460,-1,1114474
59.032075,59.002410,75.918580,32,37,69,16.35047,15.21041,6766,76073500,315979098,-1,1114484
59.108476,59.069270,76.400380,32,37,69,16.35047,15.21041,2630,76504884,315972401,-1,1224446
59.192069,59.152800,83.593540,32,37,69,16.35047,15.21041,1408,83142307,315971988,-1,1176474
59.274227,59.236320,82.157390,32,37,69,16.35047,15.21041,1448,82533577,315958940,-1,1213362
59.354566,59.319860,80.339230,33,37,70,16.35047,15.21041,2928,79244615,316219482,-1,1239194
59.439604,59.403390,85.037930,33,37,70,16.35047,15.21041,1528,83134000,316588425,-1,1244728
59.518368,59.486950,78.764500,33,37,70,16.35047,15.21041,1472,81640731,316601658,-1,1230718
59.603787,59.570480,85.418340,33,37,70,16.35047,15.21041,5112,85290423,316617569,-1,1230728
59.711018,59.653980,107.231700,33,37,70,16.35047,15.21041,1408,107178769,317419291,-1,1229984
59.814583,59.754170,103.565100,33,37,70,16.35047,15.21041,1448,103493616,318198882,-1,1277942
59.935443,59.854390,120.859200,33,37,70,16.35047,15.21041,1448,120806730,318182641,-1,1329586
60.059560,59.988010,124.117400,33,37,70,16.35047,15.21041,1608,123974270,318205532,-1,1281614
60.172598,60.104950,113.037900,33,38,71,16.35047,15.21041,8270,112797462,318334124,-1,1308214
60.276391,60.221900,103.792800,34,38,72,15.76571,15.21041,4190,102473192,319257011,-1,1211536
60.357041,60.322160,80.650460,35,38,73,15.26441,15.21041,2928,80156808,320281701,-1,1296396
60.436840,60.405720,79.798880,35,38,73,14.84661,15.21041,1408,80465192,321413046,-1,1375714
60.520946,60.472600,84.105460,36,38,74,14.51216,15.21041,2968,83993577,321507964,-1,1419998
60.608338,60.572890,87.392620,37,38,75,14.01074,15.21041,3088,87448807,321638013,-1,1372026
60.691669,60.656440,83.330890,37,38,75,13.59299,15.21041,9280,82981192,321629704,-1,1324822
60.774243,60.739980,82.573880,38,38,76,13.17528,15.21041,4310,81711654,320697195,-1,1298276
60.855410,60.823530,81.167340,38,38,76,12.75754,15.21041,1528,81588961,321489338,-1,1324112
60.942142,60.907100,86.731460,39,38,77,12.33972,15.21041,3048,87646346,321735381,-1,1360994
61.031483,60.990680,89.341540,39,38,77,11.92177,15.21041,5328,88711770,322140724,-1,1355458
61.119835,61.074240,88.351690,40,38,78,11.50398,15.21041,4470,88222884,323241584,-1,1266898
61.201395,61.157810,81.560160,40,38,78,11.08617,15.21041,5596,81174808,323608574,-1,1249232
61.286018,61.241370,84.622810,41,38,79,10.66836,15.21041,3208,84812423,324485314,-1,1230048
61.371911,61.324890,85.893580,42,38,80,10.25076,15.21041,3168,85288077,324587541,-1,1206048
61.457736,61.408390,85.824840,43,38,81,9.83322,15.21041,3208,86783654,324946796,-1,1108240
61.535652,61.508650,77.915610,44,38,82,9.33192,15.21041,3248,77657038,325927576,-1,1111886
61.617364,61.575440,81.712350,44,38,82,8.99797,15.21041,1848,81343500,326620880,-1,1078678
61.695191,61.658920,77.826840,44,39,83,8.58055,15.21041,7368,77470500,327323882,-1,1075758
61.775016,61.742420,79.825000,44,39,83,8.16307,15.21041,3374,80596423,329128034,-1,1019670
61.850984,61.825930,75.968120,45,39,84,7.74552,15.21041,3288,75512577,328426650,-1,1073144
61.931197,61.892690,80.212460,45,39,84,7.41171,15.21041,1808,79375615,329068074,-1,1067608
62.009934,61.976180,78.737430,46,39,85,6.99427,15.21041,3408,78673885,330309630,-1,1014082
62.085919,62.059680,75.984730,46,39,85,6.57679,15.21041,3070,76883961,330477141,-1,1087886
62.165190,62.126460,79.271160,47,39,86,6.24285,15.21041,3528,78874884,331443574,-1,1073122
62.241519,62.209950,76.328850,47,39,86,5.82540,15.21041,5656,76575038,331795192,-1,1044370
62.319240,62.293420,77.720960,48,39,87,5.40808,15.21041,3448,77333961,332849515,-1,988284
62.395925,62.360190,76.685160,48,39,87,5.07421,15.21041,1928,76360885,333518005,-1,1028860
62.475092,62.443670,79.166660,49,39,88,4.65681,15.21041,7208,79225616,333771730,-1,1036242
62.551555,62.527170,76.463420,49,39,88,4.23934,15.21041,3190,76444115,334108881,-1,991958
62.629032,62.594010,77.476810,50,39,89,3.90515,15.21041,7208,77359538,335224091,-1,960610
62.707929,62.677550,78.897000,50,39,89,3.48744,15.21041,3390,78511423,335545664,-1,990150
62.789588,62.744350,81.659120,51,39,90,3.15344,15.21041,3592,81939153,335988477,-1,998300
62.870467,62.827870,80.879350,51,39,90,2.73588,15.21041,5752,80700846,336186184,-1,950340
62.949263,62.911390,78.795270,52,39,91,2.31825,15.21041,3648,78558923,336650419,-1,947746
63.027897,62.994900,78.634890,52,39,91,1.90070,15.21041,2088,78621039,336643395,-1,925576
63.104009,63.078430,76.111420,53,39,92,1.48305,15.21041,4870,76315385,336714630,-1,925556
63.180554,63.145270,76.544770,53,39,92,1.48305,15.21041,2168,77016307,336904357,-1,925556
63.256971,63.228810,76.417110,54,39,93,1.48305,15.21041,3808,76525346,337529095,-1,936624
63.332117,63.295660,75.145970,54,39,93,1.48305,15.21041,6280,74987731,337796756,-1,957670
63.409920,63.379180,77.803650,56,39,95,1.48305,15.21041,5288,77462885,337624779,-1,951404
63.486650,63.462720,76.729770,56,39,95,1.48305,15.21041,2208,76933192,338971815,-1,993818
63.563674,63.529580,77.023380,57,39,96,1.48305,15.21041,7448,76887308,339540876,-1,1036240
63.642419,63.613120,78.745000,57,39,96,1.48305,15.21041,3510,78549115,339870885,-1,1032590
63.724366,63.679940,81.947850,58,39,97,1.48305,15.21041,3808,82090615,339969115,-1,1052868
63.805979,63.763450,81.612150,58,39,97,1.48305,15.21041,2408,81657654,340333731,-1,1052868
63.887584,63.846990,81.605460,58,40,98,1.48305,15.21041,11688,81157308,340707991,-1,1005664
63.967786,63.930530,80.202230,58,40,98,1.48305,15.21041,3550,80298500,341023626,-1,1010484
64.058582,64.014040,90.796040,59,40,99,1.48305,15.21041,5110,90813885,341918721,-1,1054754
64.142729,64.097560,84.146730,59,40,99,1.48305,15.21041,2408,83993846,342059559,-1,1078740
64.225521,64.181100,82.792080,60,40,100,1.48305,15.21041,3928,82900539,342671341,-1,1089788
64.308545,64.264650,83.023930,60,40,100,1.48305,15.21041,2528,82510731,343357965,-1,1086100
64.391521,64.348210,82.976190,60,41,101,1.48305,15.21041,8088,81120500,344518210,-1,1046258
64.471561,64.431740,80.040040,60,41,101,1.48305,15.21041,3630,81855154,344951593,-1,1087960
64.556121,64.515280,84.559840,61,41,102,1.48305,15.21041,3968,84566846,345222134,-1,1095328
64.638879,64.598800,82.758230,61,41,102,1.48305,15.21041,2488,82870807,345524419,-1,1113778
64.721776,64.682330,82.897000,62,41,103,1.48305,15.21041,4008,82518846,346435123,-1,1134036
64.811382,64.765880,89.605610,62,41,103,1.48305,15.21041,2608,89503423,346629684,-1,1170938
64.897116,64.849430,85.734080,62,42,104,1.48305,15.21041,8168,85788500,347420133,-1,1182774
64.982535,64.949680,85.419380,63,42,105,1.48305,15.21041,5230,84629039,348064164,-1,1215254
65.065974,65.033230,83.438230,63,42,105,1.48305,15.21041,3750,83884577,348374965,-1,1241072
65.154962,65.116780,88.988500,64,42,106,1.48305,15.21041,4128,88975884,349270034,-1,1248454
65.239816,65.200330,84.853580,64,42,106,1.48305,15.21041,2568,84658615,349609499,-1,1285336
65.327408,65.283880,87.591800,65,42,107,1.48305,15.21041,5304,87821884,350750631,-1,1322238
65.422342,65.367430,94.934230,65,42,107,1.48305,15.21041,2712,94992577,351053821,-1,1328540
65.552527,65.467700,130.185100,67,42,109,1.48305,15.21041,9776,130048308,351338603,-1,1374680
65.690568,65.601370,138.040700,68,42,110,1.48305,15.21041,4208,138063961,351596543,-1,1353638
65.816641,65.735040,126.073600,69,42,111,1.48305,15.21041,4208,125646346,353510818,-1,1403422
65.937803,65.868680,121.162100,70,42,112,1.48305,15.21041,4408,121309385,353920582,-1,1515974
66.080998,65.985630,143.194600,71,42,113,1.48305,15.21041,8440,142705077,354476621,-1,1524124
66.188582,66.119270,107.584000,72,42,114,1.48305,15.21041,5630,107496538,354398202,-1,1523390
66.283481,66.236190,94.899380,73,42,115,1.48305,14.62580,4408,93877500,355666081,-1,1578728
66.370964,66.319730,87.482810,73,42,115,1.48305,14.20807,2968,87735923,356002730,-1,1582400
66.464415,66.419980,93.450650,74,42,116,1.48305,13.70683,8288,93399116,356147711,-1,1602698
66.555468,66.503500,91.053730,73,43,116,1.48305,13.28925,8650,90624539,356092257,-1,1568430
66.644960,66.603760,89.491960,74,43,117,1.48305,12.78798,5746,89543269,355461635,-1,1604596
66.736084,66.687290,91.123960,74,43,117,1.48305,12.37034,3008,91286346,355431620,-1,1654400
66.833565,66.787530,97.480500,75,43,118,1.48305,11.86913,4528,97541653,355863201,-1,1656226
66.925310,66.871080,91.744960,75,43,118,1.48305,11.45140,3088,91560538,355868464,-1,1634086
67.018786,66.971340,93.476070,76,43,119,1.48305,10.95012,4688,93399269,356330626,-1,1659918
67.111861,67.054860,93.075200,75,44,119,1.48305,10.53252,8386,92844693,356369544,-1,1636700
67.207951,67.155110,96.089500,76,44,120,1.48305,10.03127,9506,96101846,356615846,-1,1674714
67.304630,67.255330,96.679120,77,44,121,1.48305,9.53012,4608,96537653,357026843,-1,1632262
67.398367,67.355570,93.737430,78,44,122,1.48305,9.02896,4648,93937270,357967867,-1,1556596
67.490464,67.439120,92.097150,78,44,122,1.48305,8.61120,3128,91743577,357964237,-1,1593498
67.582570,67.539380,92.105500,80,44,124,1.48305,8.10989,6288,92252154,358184197,-1,1593498
67.677469,67.622940,94.899690,80,44,124,1.48305,7.69208,6936,94203769,358570008,-1,1607182
67.769805,67.723200,92.335390,80,44,124,1.48305,7.19080,3208,92715962,359357119,-1,1645196
67.863872,67.806750,94.067120,80,44,124,1.48305,6.77305,3248,93888154,359321074,-1,1707916
67.962928,67.907000,99.056470,80,44,124,1.48305,6.27179,3288,99089808,359314430,-1,1707896
68.059182,68.007230,96.253300,80,44,124,1.48305,5.77064,4546,96428846,359317976,-1,1744778
68.157277,68.107510,98.095270,80,44,124,1.48305,5.26921,7168,97343153,359529059,-1,1757694
68.253536,68.207770,96.259420,80,44,124,1.48305,4.76791,7440,96866076,359455006,-1,1765862
68.351639,68.291310,98.102770,80,44,124,1.48305,4.35019,3328,97591116,358307070,-1,1752212
68.449317,68.391560,97.677570,80,44,124,1.48305,3.84893,3368,97958769,358278844,-1,1752198
68.545639,68.491850,96.322230,80,44,124,1.48305,3.34750,3328,95754961,358273684,-1,1752178
68.641525,68.592100,95.885730,80,44,124,1.48305,2.84625,3368,95843269,358778388,-1,1744796
68.734848,68.692370,93.323540,80,44,124,1.48305,2.34491,3832,93763038,358701146,-1,1682060
68.829411,68.775930,94.562970,80,44,124,1.48305,1.92710,7056,94165154,358397384,-1,1651462
68.923847,68.876190,94.435620,80,44,124,1.48305,1.42580,3368,94247654,358368581,-1,1630430
69.017889,68.959740,94.041920,80,44,124,1.48305,1.00805,3328,94184500,358843147,-1,1617480
69.110740,69.060040,92.850730,80,44,124,1.48305,0.50658,4546,92966731,359010620,-1,1635910
69.203944,69.160280,93.204270,80,44,124,1.48305,0.50658,3368,93781885,359020286,-1,1621146
69.297347,69.243800,93.403380,80,44,124,1.48305,0.50658,3448,93568192,359047241,-1,1639596
69.391521,69.344030,94.173650,80,44,124,1.48305,0.50658,3352,93912385,359046210,-1,1668044
69.484941,69.444290,93.420500,80,44,124,1.48305,0.50658,7072,93611499,359056793,-1,1688352
69.579271,69.527830,94.329890,80,44,124,1.48305,0.50658,3328,94128269,359047150,-1,1687608
69.673147,69.628100,93.875730,81,44,125,1.48305,0.50658,4848,93862615,359118593,-1,1687574
69.767518,69.711650,94.370850,81,44,125,1.48305,0.50658,3368,94289577,359122762,-1,1687574
69.861947,69.811900,94.429230,81,44,125,1.48305,0.50658,3448,94311269,359161808,-1,1700490
69.956786,69.912120,94.839000,80,45,125,1.48305,0.50658,7448,94526884,359199332,-1,1721556
70.051236,69.995670,94.450200,80,45,125,1.48305,0.50658,4506,94446577,359178279,-1,1726356
70.146338,70.095940,95.101620,80,45,125,1.48305,0.50658,4546,95185500,359156453,-1,1726342
70.242538,70.196210,96.200420,80,45,125,1.48305,0.50658,3368,95686961,359483421,-1,1739258
70.337605,70.279800,95.066770,80,45,125,1.48305,0.50658,3328,95401038,359819886,-1,1765070
70.434625,70.380030,97.020390,80,45,125,1.48305,0.50658,3448,97013538,359844296,-1,1800132
70.532369,70.480260,97.743970,79,46,125,1.48305,0.50658,7448,97338423,359876080,-1,1787984
70.629082,70.580470,96.712840,79,46,125,1.48305,0.50658,4506,96668615,359853724,-1,1807548
70.724761,70.680690,95.679270,79,46,125,1.48305,0.50658,3328,95533538,359826794,-1,1807534
70.822949,70.764230,98.187690,79,46,125,1.48305,0.50658,3288,98197116,359821611,-1,1807514
70.920264,70.864450,97.314770,79,46,125,1.48305,0.50658,3288,97236461,359825633,-1,1807514
71.017462,70.964710,97.198540,79,46,125,1.48305,0.50658,3448,97320346,359841907,-1,1820430
71.115246,71.064930,97.783620,78,47,125,1.48305,0.50658,12266,97279923,359890943,-1,1821198
71.214492,71.165160,99.245570,78,47,125,1.48305,0.50658,4506,99673692,359869043,-1,1820484
71.324240,71.265390,109.748600,78,47,125,1.48305,0.50658,3248,109361385,359837637,-1,1820470
71.480300,71.365620,156.059300,78,47,125,1.48305,0.50658,6968,156462307,359854324,-1,1833366
71.649100,71.532660,168.800700,78,47,125,1.48305,0.50658,7048,168522192,359892335,-1,1853684
71.801475,71.699710,152.374600,79,47,126,1.48305,0.50658,9016,152279039,359911199,-1,1841556
71.943837,71.850070,142.362200,79,47,126,1.48305,0.50658,3248,141993654,358587394,-1,1814976
72.043406,71.983730,99.568850,79,47,126,1.48305,0.50658,3288,99814923,358591309,-1,1827852
72.141950,72.083980,98.544430,79,47,126,1.48305,0.50658,8266,98558462,358606885,-1,1840768
72.242107,72.184270,100.156500,78,48,126,1.98449,0.50658,11472,99193462,358555813,-1,1854452
72.342888,72.284580,100.781100,78,48,126,2.48603,0.50658,4466,100270654,357409601,-1,1853718
72.444095,72.384830,101.207300,78,48,126,2.98729,0.50658,6968,101508423,357387842,-1,1866620
72.545927,72.485120,101.832300,78,48,126,3.48873,0.50658,3248,101754615,357386282,-1,1879536
72.650215,72.585370,104.287800,78,48,126,3.99004,0.50658,3408,104162538,357407280,-1,1853704
72.752609,72.702320,102.394200,78,48,126,4.57478,0.50658,11040,102177077,357332225,-1,1854472
72.854312,72.802590,101.702900,78,48,126,5.07612,0.50658,7372,100382039,356014878,-1,1827926
72.953162,72.902860,98.849960,78,48,126,5.57749,0.50658,3248,99595307,355989154,-1,1776248
73.051118,73.003130,97.956150,78,48,126,6.07883,0.50658,4506,98502077,355986362,-1,1750376
73.150561,73.103360,99.442850,78,48,126,6.58002,0.50658,3368,98888000,355996588,-1,1724544
73.248203,73.186910,97.641920,78,48,126,6.99777,0.50658,6976,97101346,356030760,-1,1699460
73.344550,73.287140,96.347190,78,48,126,7.49891,0.50658,3288,96541346,356010300,-1,1621230
73.439672,73.387370,95.121270,78,48,126,8.00008,0.50658,3248,95324923,355959989,-1,1569552
73.533588,73.487590,93.916690,78,48,126,8.50116,0.50658,3288,93019154,355954741,-1,1466184
73.624527,73.571170,90.938230,78,48,126,8.91901,0.50658,3248,91568461,355917414,-1,1388688
73.713821,73.671390,89.294230,78,48,126,9.42010,0.50658,3368,89459577,355963827,-1,1388668
73.802366,73.754970,88.544960,78,49,127,9.83798,0.50658,8888,88010616,356064985,-1,1311940
73.890387,73.838510,88.021160,78,49,127,10.25570,0.50658,4810,88181577,355938445,-1,1130382
73.973805,73.938750,83.417850,78,49,127,10.75690,0.50658,3208,82531308,354623574,-1,1078704
74.057412,74.022300,83.607000,78,49,127,11.17464,0.50658,4466,83556692,354595510,-1,975356
74.138380,74.105820,80.967850,78,49,127,11.59223,0.50658,3208,81930500,354556207,-1,846196
74.218026,74.189400,79.646120,78,49,127,12.01011,0.50658,3368,78768346,354572722,-1,768700
74.295274,74.256240,77.247850,78,49,127,12.34431,0.50658,3312,78202769,354578175,-1,717804
74.374017,74.339790,78.743800,78,49,127,12.76206,0.50658,6952,77729192,354603449,-1,691984
74.454267,74.423340,80.249080,78,49,127,13.17982,0.50658,3248,81251885,354579348,-1,587910
74.529422,74.506870,75.155880,78,49,127,13.59749,0.50658,3288,73917231,354568429,-1,587896
74.602408,74.573720,72.985120,78,49,127,13.93168,0.50658,3248,74102615,354549653,-1,510380
74.675246,74.640540,72.838460,78,49,127,14.26582,0.50658,3248,72533115,354548421,-1,381220
74.746509,74.724070,71.262850,78,49,127,14.68345,0.50658,3288,71387154,354551757,-1,355388
74.817623,74.790880,71.114070,78,49,127,15.01750,0.50658,3248,70785808,354551669,-1,303724
74.886907,74.857700,69.283690,78,49,127,15.35159,0.50658,3248,69619538,354545261,-1,252060
74.955867,74.924510,68.960080,78,49,127,15.68567,0.50658,3288,68681692,354544149,-1,226228
75.024408,75.008030,68.541380,78,49,127,16.10324,0.50658,4466,68488692,354543968,-1,200396
75.091854,75.074850,67.445660,78,49,127,16.10324,0.50658,3248,68149193,354539468,-1,174564
75.160058,75.141690,68.204460,78,49,127,16.10324,0.50658,3288,68163616,354543622,-1,174544
75.227228,75.208510,67.170070,78,49,127,16.10324,0.50658,3248,67204000,354547502,-1,200376
75.294803,75.275370,67.575070,78,49,127,16.10324,0.50658,3248,67471307,354546750,-1,200376
75.362728,75.342220,67.924730,78,49,127,16.10324,0.50658,3672,67890962,354450990,-1,200376
75.430698,75.409080,67.969690,78,49,127,16.10324,0.50658,3248,67690154,353949526,-1,200376
75.498584,75.475940,67.886310,78,49,127,16.10324,0.50658,3248,68027961,353953238,-1,200376
75.566741,75.542780,68.156730,78,49,127,16.10324,0.50658,3288,68107115,353957502,-1,200376
75.635364,75.609620,68.622770,78,49,127,16.10324,0.50658,3248,68571231,353962142,-1,226208
75.702951,75.676450,67.586960,78,49,127,16.10324,0.50658,3248,67511423,353967338,-1,277872
75.772736,75.743280,69.785730,78,49,127,16.10324,0.50658,3288,69707730,353972914,-1,277872
75.841323,75.810100,68.587070,79,49,128,16.10324,0.50658,4768,68523346,354241035,-1,329536
75.911376,75.893660,70.052500,79,49,128,16.10324,0.50658,3248,69990423,354579787,-1,309238
75.980410,75.960530,69.034190,79,49,128,16.10324,0.50658,3288,68924500,354583891,-1,342452
76.050081,76.027360,69.670920,79,49,128,16.10324,0.50658,4466,69677962,354588090,-1,342452
76.120105,76.094210,70.024380,79,49,128,16.10324,0.50658,3248,69876038,354592186,-1,342452
76.191029,76.161050,70.924120,79,49,128,16.10324,0.50658,3408,70954615,354617847,-1,342452
76.262287,76.244590,71.257500,79,49,128,16.10324,0.50658,3312,71060923,354627986,-1,369052
76.333253,76.311400,70.966380,79,49,128,16.10324,0.50658,3288,71042693,354611473,-1,394894
76.404260,76.378220,71.006650,79,49,128,16.10324,0.50658,3328,70866384,354611225,-1,446560
76.476382,76.445060,72.121690,79,49,128,16.10324,0.50658,7364,71839039,354644183,-1,446560
76.548409,76.528590,72.027580,79,49,128,16.10324,0.50658,3288,72199846,354648506,-1,445814
76.620773,76.595410,72.364110,79,49,128,16.10324,0.50658,3328,72236308,354652472,-1,445814
76.693503,76.662250,72.730040,79,49,128,16.10324,0.50658,3408,72786077,354659897,-1,471632
76.765979,76.745770,72.475810,79,49,128,16.10324,0.50658,3312,72296000,354670424,-1,498232
76.838583,76.812620,72.603460,79,49,128,16.10324,0.50658,3328,72687846,354657855,-1,549906
76.912453,76.879450,73.869890,78,50,128,16.10324,0.50658,7344,73691884,354691618,-1,575740
76.987081,76.963010,74.628810,78,50,128,16.10324,0.50658,4466,74696615,354695793,-1,574994
77.059369,77.029820,72.287310,78,50,128,16.10324,0.50658,4506,71822039,354694974,-1,600826
77.138960,77.096630,79.591230,78,50,128,16.10324,0.50658,3248,79752231,354681316,-1,574980
77.233726,77.180150,94.765770,78,50,128,16.10324,0.50658,3368,94686077,354697209,-1,626644
77.324965,77.280370,91.239500,78,50,128,16.10324,0.50658,3312,91248961,354707336,-1,627392
77.424359,77.363890,99.393420,77,51,128,16.10324,0.50658,7304,99369270,354725355,-1,653234
77.519568,77.464130,95.209230,77,51,128,16.10324,0.50658,4426,94665231,354746595,-1,704154
77.617034,77.564370,97.466540,77,51,128,16.10324,0.50658,3248,97684576,354705857,-1,729972
77.713920,77.664630,96.885770,77,51,128,16.10324,0.50658,3208,96828500,354700702,-1,729972
77.808096,77.764880,94.175930,77,51,128,16.10324,0.50658,3368,94223269,354731630,-1,781616
77.885616,77.848410,77.520310,78,51,129,16.10324,0.50658,4752,77410884,354859948,-1,859880
77.964644,77.931940,79.027730,78,51,129,16.10324,0.50658,6912,79094616,355048117,-1,885722
78.043190,78.015510,78.546230,78,51,129,16.10324,0.50658,4466,78342192,355352328,-1,921878
78.123523,78.082340,80.333110,78,51,129,16.10324,0.84074,3208,79179577,355376975,-1,936628
78.204877,78.165890,81.353270,78,51,129,16.10324,1.25849,3208,81092538,355360264,-1,936608
78.285613,78.249430,80.736730,78,51,129,16.10324,1.67617,3248,81128692,355364632,-1,962440
78.366590,78.332980,80.976540,78,51,129,16.10324,2.09393,3368,80860346,355380086,-1,988272
78.446850,78.416550,80.259800,77,52,129,16.10324,2.51177,7328,79800692,355425130,-1,989040
78.528582,78.483400,81.731810,77,52,129,16.10324,2.84601,4850,81348961,355308331,-1,962474
78.609661,78.566950,81.079500,77,52,129,16.10324,3.26376,3208,81568500,354801145,-1,962474
78.691140,78.650480,81.479160,77,52,129,16.10324,3.68142,6888,81335077,354786053,-1,988292
78.773276,78.734030,82.135930,77,52,129,16.10324,4.09919,3248,82035154,354787837,-1,988292
78.854960,78.817570,81.684110,77,52,129,16.10324,4.51685,3208,81736462,354790940,-1,1014124
78.936960,78.901080,81.999500,77,52,129,16.10324,4.93445,3328,81597616,354875905,-1,1039956
79.019482,78.984630,82.521730,77,52,129,16.10324,5.35218,11300,82276308,354765465,-1,1062864
79.102818,79.068180,83.336110,77,52,129,16.10324,5.76987,4426,83671347,354247455,-1,1084290
79.185818,79.151700,82.999920,77,52,129,16.10324,6.18751,3208,82240885,354239189,-1,1183912
79.270707,79.235250,84.889880,77,52,129,16.10324,6.60524,3248,84958884,354283168,-1,1206032
79.355521,79.318790,84.813460,77,52,129,16.10324,7.02295,3208,84652962,355082296,-1,1279836
79.440007,79.402310,84.486230,77,52,129,16.10324,7.44054,3328,84613462,356694311,-1,1401612
79.526809,79.485870,86.802080,77,52,129,16.10324,7.85831,6976,86250462,356728575,-1,1498304
79.614770,79.569400,87.960300,77,52,129,16.10324,8.27593,3208,88059615,356715912,-1,1497570
79.703621,79.652920,88.851690,77,52,129,16.10324,8.69356,3208,88806731,356714161,-1,1689444
79.792990,79.753170,89.368880,77,52,129,16.10324,9.19482,3248,89788615,356680498,-1,1726346
79.883685,79.836720,90.695000,77,52,129,16.10324,9.61254,3208,90225077,356682907,-1,1774278
79.974436,79.920240,90.751340,78,52,130,16.10324,10.03016,4848,91088346,356802456,-1,1833320
80.065765,80.020460,91.328080,78,52,130,16.10324,10.53124,8194,90905384,357641029,-1,1904200
80.157029,80.103990,91.264540,78,52,130,16.10324,10.94886,3592,91268884,358362182,-1,1914536
80.249335,80.204220,92.306230,78,52,130,16.10324,11.45003,3208,92257230,357037595,-1,1936662
80.341006,80.287770,91.670310,78,52,130,16.10324,11.86775,3248,91748577,358637019,-1,2047348
80.431232,80.388030,90.226580,78,52,130,16.10324,12.36904,3248,90219193,358640547,-1,2143292
80.527598,80.471570,96.366230,78,52,130,16.10324,12.78673,3368,96033230,358660661,-1,2202334
80.622754,80.571800,95.155650,78,52,130,16.10324,13.28788,7016,94855884,360247970,-1,2103466
80.713494,80.672030,90.740190,78,52,130,16.10324,13.78901,3248,90717808,361072814,-1,2087970
80.807193,80.755550,93.698810,78,52,130,16.10324,14.20660,3248,93654384,361839719,-1,2110096
80.901587,80.855820,94.394350,78,52,130,16.10324,14.70797,3288,93966923,363439539,-1,2121146
80.995000,80.939320,93.412800,78,52,130,16.10324,15.12548,3248,93472615,364236739,-1,2169118
81.086588,81.039570,91.588270,78,52,130,16.10324,15.62675,4586,91683038,365060592,-1,2117454
81.179015,81.123130,92.426770,78,52,130,16.10324,15.62675,3312,93041846,365071207,-1,2103460
81.269719,81.223340,90.703770,77,53,130,16.10324,15.62675,7304,90820807,365051220,-1,2081330
81.360882,81.306850,91.163080,77,53,130,16.10324,15.62675,4426,90660346,365078384,-1,2106418
81.451296,81.407070,90.413770,77,53,130,16.10324,15.62675,3248,91169384,365060599,-1,2217090
81.544739,81.490580,93.442770,77,53,130,16.10324,15.62675,3208,93136077,365064688,-1,2327796
81.643834,81.590810,99.095420,77,53,130,16.10324,15.62675,3208,98918616,365023577,-1,2279824
81.734878,81.691060,91.044310,77,53,130,16.10324,15.62675,3248,90897616,365083168,-1,2305656
81.827883,81.774570,93.004540,77,53,130,16.10324,15.62675,3208,93181962,365089336,-1,2320418
81.922170,81.874800,94.287310,77,53,130,16.10324,15.62675,3208,94316500,365090088,-1,2357320
82.018344,81.974990,96.173770,78,53,131,16.10324,15.62675,4888,95712115,365199096,-1,2394222
82.114261,82.058490,95.916920,78,53,131,16.10324,15.62675,4450,95666923,365545438,-1,2468774
82.211265,82.158710,97.004430,78,53,131,16.10324,15.62675,3208,96996923,365535053,-1,2446644
82.308567,82.258980,97.301350,77,54,131,16.10324,15.62675,7676,97157693,365576173,-1,2509378
82.407619,82.359210,99.052770,77,54,131,16.10324,15.62675,4386,98823230,365579733,-1,2619340
82.508132,82.459470,100.512800,77,54,131,16.10324,15.62675,3248,100490884,365569130,-1,2575046
82.609852,82.559710,101.719900,77,54,131,16.10324,15.62675,3328,101777269,365598977,-1,2504934
82.706954,82.659970,97.101960,77,54,131,16.10324,15.62675,3272,96838769,365603360,-1,2516772
82.805806,82.743550,98.852230,77,54,131,16.10324,15.62675,6912,98986731,365619040,-1,2516782
82.914021,82.843780,108.214300,77,54,131,16.10324,15.62675,3592,108612077,365524498,-1,2552940
83.029927,82.960770,115.906300,77,54,131,16.10324,15.62675,3248,115847538,364994738,-1,2648870
83.252357,83.077760,222.430300,77,54,131,16.10324,15.62675,4546,222413923,365021871,-1,2600878
83.437492,83.294940,185.134200,76,55,131,16.10324,15.62675,7328,184714192,365069945,-1,2579506
83.589255,83.478690,151.763200,76,55,131,16.10324,15.62675,4386,151818461,365028377,-1,2549240
83.735815,83.629070,146.559800,76,55,131,16.10324,15.62675,3328,145795731,365052775,-1,2563982
83.837806,83.779460,101.991100,76,55,131,16.10324,15.62675,6896,102189884,365099032,-1,2701288
83.943694,83.879750,105.888600,76,55,131,16.10324,15.62675,3592,105750384,364967801,-1,2630442
84.052267,83.980080,108.572500,77,55,132,16.10324,15.62675,4688,108296500,364723138,-1,2578744
84.154252,84.097070,101.985300,77,55,132,16.10324,15.62675,4426,102406423,365071721,-1,2648858
84.257497,84.197300,103.245300,77,55,132,15.60208,15.62675,3288,101914615,365104633,-1,2781708
84.374695,84.297580,117.197300,76,56,132,15.10068,15.62675,7288,117419654,365949324,-1,2736350
84.483919,84.414540,109.224000,76,56,132,14.51591,15.62675,8026,108712116,367076060,-1,2886916
84.600226,84.531480,116.307100,76,56,132,13.93118,15.62675,7148,116534770,368199019,-1,3038222
84.720786,84.648440,120.560300,76,56,132,13.34640,15.62675,3168,120448846,368875460,-1,3005012
84.836317,84.765370,115.531500,76,56,132,12.76171,15.62675,10784,114659192,369736447,-1,3032690
84.946492,84.882350,110.174100,76,56,132,12.17684,15.62675,10576,110387192,370561856,-1,3009512
85.059854,84.982600,113.362400,76,56,132,11.67557,15.62675,3592,113675731,370447599,-1,2946064
85.174003,85.099530,114.149300,76,56,132,11.09092,15.62675,8606,114007615,369939948,-1,2763386
85.282562,85.216510,108.559100,76,56,132,10.50601,15.62675,3208,108597231,369921192,-1,2702478
85.397691,85.333440,115.128300,76,56,132,9.92132,15.62675,6968,114773885,370754300,-1,2517948
85.498731,85.433670,101.040600,76,56,132,9.42016,15.62675,6936,101127270,370781899,-1,2444932
85.602223,85.550610,103.491600,76,56,132,8.83549,15.62675,3168,103359462,370745875,-1,2296590
85.703586,85.650830,101.363100,76,56,132,8.33434,15.62675,3208,101501038,370704644,-1,2209816
85.807878,85.751110,104.292200,76,56,132,7.83299,15.62675,3168,103769961,370699261,-1,2172874
85.901774,85.851340,93.896390,76,56,132,7.33184,15.62675,3328,93668154,370632706,-1,2071392
85.998400,85.951580,96.625890,76,56,132,6.83062,15.62675,7280,96891577,370562164,-1,1854420
86.092120,86.035150,93.719420,77,56,133,6.41280,15.62675,5906,93407731,369326136,-1,1754050
86.183160,86.135420,91.040610,77,56,133,5.91145,15.62675,3208,91207115,369288049,-1,1678366
86.273658,86.218970,90.497690,77,56,133,5.49371,15.62675,3168,90183885,369282054,-1,1615612
86.364195,86.319240,90.536690,77,56,133,4.99238,15.62675,3168,90762730,369277110,-1,1539962
86.452234,86.402780,88.039380,77,56,133,4.57465,15.62675,3328,88052847,369295229,-1,1429256
86.539211,86.503030,86.976580,77,56,133,4.07340,15.62675,3232,86529000,369629856,-1,1404192
86.624717,86.586550,85.506390,77,56,133,3.65580,15.62675,6912,85510692,369637587,-1,1315636
86.710114,86.670090,85.397190,77,56,133,3.23810,15.62675,3248,85389308,369952413,-1,1289060
86.793694,86.753600,83.579230,77,56,133,2.82055,15.62675,3208,82874846,369950954,-1,1226292
86.877352,86.837140,83.658690,77,56,133,2.40288,15.62675,3208,84096154,370727838,-1,1213376
86.959193,86.920660,81.840840,77,56,133,1.98526,15.62675,3248,81516538,371395526,-1,1200460
87.040864,87.004200,81.670430,77,56,133,1.56759,15.62675,4426,81679500,371397445,-1,1139572
87.122140,87.087750,81.276540,77,56,133,1.56759,15.62675,3208,82259270,371404117,-1,1089754
87.204019,87.171280,81.878650,77,56,133,1.56759,15.62675,3248,81676577,371399590,-1,1102670
87.285314,87.254830,81.294850,77,56,133,1.56759,15.62675,3208,81261654,371402726,-1,1115586
87.366916,87.338390,81.602040,77,56,133,1.56759,15.62675,3208,81523885,371388479,-1,1165404
87.448591,87.405220,81.675650,77,56,133,1.56759,15.62675,3248,81538577,371388400,-1,1165384
87.530539,87.488780,81.947920,77,56,133,1.56759,15.62675,3208,81870231,371388292,-1,1165384
87.613858,87.572310,83.318920,77,56,133,1.56759,15.62675,3208,83767192,371385765,-1,1165384
87.705495,87.655850,91.636730,77,56,133,1.56759,15.62675,3368,91400423,371414891,-1,1165384
87.792111,87.756100,86.615920,77,56,133,1.56759,15.62675,3232,85940269,371479535,-1,1179068
87.877265,87.839680,85.154500,77,56,133,1.56759,15.62675,3208,85244076,371410537,-1,1217826
87.961128,87.923250,83.862500,77,56,133,1.56759,15.62675,7324,83285962,371429368,-1,1230744
88.046161,88.006820,85.033690,77,56,133,1.56759,15.62675,4426,85747077,371431376,-1,1229998
88.130195,88.090380,84.033350,78,56,134,1.56759,15.62675,4728,83688539,371698973,-1,1242900
88.216591,88.173930,86.396310,78,56,134,1.56759,15.62675,3368,86297653,372038925,-1,1274266
88.301969,88.257470,85.377460,78,56,134,1.56759,15.62675,3232,85080692,372843823,-1,1295332
88.390621,88.341030,88.651960,77,57,134,1.56759,15.62675,7264,88779693,372856677,-1,1319328
88.476551,88.441270,85.930000,77,57,134,1.56759,15.62675,4426,85783000,372850040,-1,1357332
88.564774,88.524830,88.223380,77,57,134,1.56759,15.62675,3168,88084461,372833285,-1,1346248
88.646226,88.608380,81.452190,77,57,134,1.56759,15.62675,3208,81830385,372889747,-1,1359164
88.740646,88.691900,94.420040,77,57,134,1.56759,15.62675,3368,93427346,372849077,-1,1372080
88.825924,88.792140,85.278150,77,57,134,1.56759,15.62675,3232,85908231,372856157,-1,1385744
88.928569,88.875690,102.645100,76,58,134,1.56759,15.62675,7264,102898846,372871749,-1,1398670
89.056165,88.975930,127.595500,76,58,134,1.56759,15.62675,4426,126957346,372864637,-1,1397926
89.184845,89.092880,128.680400,76,58,134,1.56759,15.62675,4386,129179307,372840972,-1,1423744
89.313733,89.226520,128.887600,76,58,134,1.56759,15.62675,3328,128701962,372862001,-1,1436640
89.445809,89.360150,132.076500,75,59,134,1.56759,15.62675,7248,129041615,372903852,-1,1437408
89.563304,89.493770,117.494300,75,59,134,1.56759,15.62675,4386,119958808,372891047,-1,1475422
89.654357,89.610680,91.053040,75,59,134,1.56759,15.62675,3128,91231423,372862332,-1,1527072
89.743694,89.694210,89.336920,75,59,134,1.56759,15.62675,3168,89108000,372859374,-1,1565800
89.838926,89.794470,95.231850,75,59,134,1.56759,15.62675,3248,95252923,372883273,-1,1565800
89.930581,89.878030,91.655380,75,59,134,1.56759,15.62675,6856,91293000,372910080,-1,1592400
90.023566,89.978290,92.985150,75,59,134,1.56759,15.62675,3552,92989730,373132180,-1,1591666
90.115887,90.061830,92.321430,76,59,135,1.56759,15.62675,5866,91946693,372860517,-1,1530764
90.207813,90.162080,91.925040,77,59,136,1.56759,15.12549,4648,91250653,372968133,-1,1556576
90.301782,90.245590,93.969890,77,59,136,1.56759,14.70795,3168,92368539,373304362,-1,1582408
90.393382,90.345820,91.599340,77,59,136,1.56759,14.20681,10608,93166730,373356112,-1,1608240
90.486224,90.429340,92.842040,76,60,136,1.56759,13.78918,11244,92703846,373403102,-1,1609048
90.580688,90.529590,94.464540,76,60,136,1.56759,13.28794,4770,94385000,373281387,-1,1659998
90.674442,90.629780,93.753460,77,60,137,1.56759,12.78697,4688,93870230,372849480,-1,1634152
90.770527,90.713290,96.085620,77,60,137,1.56759,12.36941,6848,95943307,372865016,-1,1647048
90.865173,90.813510,94.645580,77,60,137,1.56759,11.86831,3208,94108423,372862530,-1,1698732
90.963904,90.913760,98.731460,77,60,137,1.56759,11.36708,6968,98998462,372899478,-1,1698732
91.059349,91.013990,95.444310,77,60,137,1.56759,10.86590,8538,95528807,372836398,-1,1712436
91.156068,91.097490,96.719690,77,60,137,1.56759,10.44841,3208,96125731,372304631,-1,1685870
91.251897,91.197720,95.828120,78,60,138,1.56759,9.94727,4728,96355154,372522630,-1,1737480
91.349567,91.297990,97.670730,78,60,138,1.56759,9.44590,3248,96988539,372858456,-1,1730058
91.444144,91.398220,94.577190,78,60,138,1.56759,8.94475,3208,95041885,372861046,-1,1763272
91.542792,91.481780,98.647800,78,60,138,1.56759,8.52693,3328,98425692,372879240,-1,1802020
91.639925,91.582060,97.132500,78,60,138,1.56759,8.02554,6976,97036808,372901454,-1,1802768
91.740149,91.682290,100.224700,78,60,138,1.56759,7.52439,3248,100105807,372878829,-1,1802034
91.837698,91.782530,97.548770,79,60,139,1.56759,7.02319,4808,97727538,373119560,-1,1814916
91.934709,91.882820,97.010770,79,60,139,1.56759,6.52176,3248,96946231,373450103,-1,1833346
92.034167,91.983080,99.458380,79,60,139,1.56759,6.02048,3408,99243615,373477056,-1,1840728
92.132042,92.083330,97.874150,78,61,139,1.56759,5.51922,8930,97822423,373417953,-1,1880244
92.232764,92.183580,100.722100,79,61,140,1.56759,5.01798,5986,100299423,373163279,-1,1866594
92.329301,92.283810,96.537120,80,61,141,1.56759,4.51684,4768,96993269,373223669,-1,1892412
92.429545,92.367360,100.244500,80,61,141,1.56759,4.09909,3248,100029308,373392966,-1,1879476
92.527178,92.467610,97.632690,80,61,141,1.56759,3.59781,3288,97575923,373393063,-1,1872094
92.625828,92.567830,98.649850,80,61,141,1.56759,3.09671,3368,98667423,373421223,-1,1877628
92.724897,92.668060,99.069190,80,61,141,1.56759,2.59557,3352,98967077,373425606,-1,1891312
92.824077,92.768300,99.179660,80,61,141,1.56759,2.09434,7032,99146269,373438231,-1,1885788
92.924106,92.868560,100.029300,81,61,142,1.56759,1.59307,4888,99976423,373693438,-1,1885044
93.022926,92.968800,98.820380,81,61,142,1.56759,1.09186,3328,98921192,374343746,-1,1903460
93.121510,93.069030,98.583810,81,61,142,1.56759,0.59071,4586,97774000,375147737,-1,1936674
93.221995,93.169300,100.484500,81,61,142,1.56759,0.59071,3328,101679192,375166105,-1,1973576
93.321377,93.269570,99.382610,81,61,142,1.56759,0.59071,3368,99008153,375175238,-1,1973576
93.422589,93.369800,101.211200,82,61,143,1.56759,0.59071,4888,101696000,375437494,-1,1973576
93.521513,93.470080,98.924270,82,61,143,1.56759,0.59071,3408,98561077,375757215,-1,1979110
93.620904,93.570340,99.391350,82,61,143,1.56759,0.59071,3368,99350154,375756968,-1,1986472
93.721280,93.670590,100.376200,82,61,143,1.56759,0.59071,3528,100250885,375777176,-1,1986472
93.820818,93.770830,99.537190,82,61,143,1.56759,0.59071,3776,99206231,375686321,-1,1987240
93.921745,93.871090,100.927000,83,61,144,1.56759,0.59071,4968,101375616,374968304,-1,1961418
94.021894,93.971330,100.149500,83,61,144,1.56759,0.59071,7484,100099231,375326315,-1,1987250
94.120991,94.071560,99.097040,83,61,144,1.56759,0.59071,4666,98751423,375327738,-1,2012338
94.223344,94.171810,102.353100,83,61,144,1.56759,0.59071,3528,102461308,375331775,-1,2012324
94.325532,94.272060,102.188100,84,61,145,1.56759,0.59071,4992,101512346,375435616,-1,2013092
94.426775,94.372310,101.242300,84,62,146,1.56759,0.59071,9024,101745461,375893535,-1,2031552
94.528102,94.472550,101.327200,84,62,146,1.56759,0.59071,4666,100864461,376226656,-1,2056640
94.633817,94.572790,105.715000,84,62,146,1.56759,0.59071,3408,105770423,376206203,-1,2108290
94.750366,94.673040,116.548900,84,62,146,1.56759,0.59071,3568,116917730,376220895,-1,2108290
94.903527,94.789990,153.160800,84,62,146,1.56759,0.59071,3472,152831769,376227797,-1,2109038
95.055558,94.957050,152.031800,85,62,147,1.56759,0.59071,8752,152256269,376342821,-1,2123812
95.211621,95.107390,156.063000,85,62,147,1.56759,0.59071,4706,155728192,377124358,-1,2159956
95.363335,95.257750,151.714000,85,62,147,1.56759,0.59071,3648,151505769,377131872,-1,2196838
95.496222,95.408100,132.886200,84,63,147,1.56759,0.59071,7568,132647885,377217039,-1,2184690
95.600699,95.541720,104.477600,85,63,148,1.56759,0.59071,6266,104379346,377458703,-1,2183956
95.703216,95.642010,102.517200,85,63,148,1.56759,0.59071,3488,102816385,377766548,-1,2176560
95.807957,95.742270,104.741200,85,63,148,1.56759,0.59071,3528,104536462,378560681,-1,2183922
95.912726,95.859210,104.768200,85,63,148,1.56759,0.59071,3608,104770808,378580671,-1,2220824
96.018359,95.959450,105.633700,84,64,148,1.56759,0.59071,7608,105301961,378620335,-1,2210522
96.122308,96.059690,103.948700,85,64,149,1.56759,0.59071,6610,104001038,378584285,-1,2209788
96.228368,96.159950,106.060300,85,64,149,2.06888,0.59071,3528,105249077,378570900,-1,2196838
96.333302,96.276890,104.933700,86,64,150,2.65359,0.59071,5008,104759961,378835867,-1,2222670
96.442148,96.377180,108.845900,86,64,150,3.15502,0.59071,3648,108476846,379190728,-1,2217134
96.547889,96.477430,105.741300,86,64,150,3.65627,0.59071,10896,105566077,380042202,-1,2238200
96.656642,96.594370,108.753200,87,64,151,4.24095,0.59071,5088,109104308,380127554,-1,2261472
96.765127,96.694630,108.484300,87,64,151,4.74228,0.59071,3528,108495461,380093715,-1,2259612
96.873494,96.811580,108.367100,87,64,151,5.32705,0.59071,7288,107120423,380101260,-1,2259592
96.980098,96.911860,106.604000,87,64,151,5.82843,0.59071,3688,107667539,380127475,-1,2220864
97.085987,97.028830,105.888700,87,64,151,6.41331,0.59071,8814,105144154,380158267,-1,2232702
97.191594,97.129100,105.607200,88,64,152,6.91469,0.59071,5512,105835730,380304340,-1,2141556
97.296229,97.229350,104.635000,88,64,152,7.41592,0.59071,3648,104888576,379466182,-1,1995776
97.397380,97.346280,101.151300,88,64,152,8.00055,0.59071,3608,100986577,379462189,-1,1951454
97.496774,97.446530,99.393880,88,64,152,8.50175,0.59071,3768,99180154,379479635,-1,1822294
97.593877,97.546800,97.103040,88,64,152,9.00311,0.59071,7336,97141269,379496931,-1,1719734
97.689319,97.630350,95.442270,89,64,153,9.42084,0.59071,5552,95226462,379454676,-1,1615652
97.784250,97.730620,94.931110,89,64,153,9.92220,0.59071,3688,94798116,378459730,-1,1589806
97.875873,97.830860,91.622660,89,64,153,10.42340,0.59071,3648,91135731,378792038,-1,1445862
97.965708,97.914380,89.834960,89,64,153,10.84101,0.59071,3648,89189077,378791742,-1,1383130
98.052708,98.014590,87.000000,89,64,153,11.34202,0.59071,5026,87889847,378815483,-1,1305634
98.138271,98.098120,85.562650,89,64,153,11.75967,0.59071,7416,85619115,378840182,-1,1151410
98.222794,98.181620,84.523690,90,64,154,12.17716,0.59071,5208,84400385,378917261,-1,1021516
98.304600,98.265110,81.805110,90,64,154,12.59465,0.59071,3728,81394577,378907886,-1,969838
98.386046,98.348650,81.446380,91,64,155,13.01231,0.59071,5208,82015269,378951545,-1,855420
98.464142,98.432160,78.096270,91,64,155,13.42986,0.59071,3688,77975693,378953761,-1,777924
98.541897,98.515660,77.754880,91,64,155,13.84733,0.59071,3848,77392154,378977705,-1,648764
98.617121,98.582440,75.223660,91,64,155,14.18128,0.59071,3712,75154961,378986734,-1,584952
98.690603,98.665950,73.481930,90,65,155,14.59880,0.59071,7784,73848769,379025541,-1,559132
98.763002,98.732770,72.398930,91,65,156,14.93291,0.59071,6466,72381423,379096829,-1,458750
98.834667,98.799590,71.665580,91,65,156,15.26703,0.59071,3728,71588884,379269759,-1,355422
98.905841,98.883130,71.173420,91,65,156,15.68471,0.59071,3728,70234961,379580168,-1,340644
98.974250,98.949970,68.409840,91,65,156,16.01890,0.59071,3768,69330884,379584100,-1,277892
99.043909,99.016780,69.658460,91,65,156,16.35299,0.59071,5066,69571539,379608629,-1,252060
99.112291,99.083620,68.381690,91,65,156,16.35299,0.59071,7456,68989730,379651881,-1,201164
99.180946,99.150460,68.655690,91,65,156,16.35299,0.59071,3808,68536538,379654985,-1,200432
99.249280,99.234020,68.333850,92,65,157,16.35299,0.59071,5288,68291847,379786699,-1,226262
99.318065,99.300870,68.785040,92,65,157,16.35299,0.59071,3768,68850461,379937176,-1,252080
99.386439,99.367710,68.374080,92,65,157,16.35299,0.59071,3808,68316192,380276104,-1,237316
99.455412,99.434580,68.972380,92,65,157,16.35299,0.59071,3768,68848038,380271160,-1,252080
99.524896,99.501460,69.484850,92,65,157,16.35299,0.59071,3768,69484577,380275788,-1,277892
99.594258,99.568310,69.361890,92,65,157,16.35299,0.59071,3928,69107462,380307368,-1,303724
99.663603,99.635150,69.345080,91,66,157,16.35299,0.59071,7888,69471154,380342510,-1,304492
99.733432,99.701990,69.829040,91,66,157,16.35299,0.59071,4986,69543999,380346620,-1,329592
99.803466,99.785550,70.033310,92,66,158,16.35299,0.59071,5328,70144230,381109374,-1,329590
99.873432,99.852360,69.966500,92,66,158,16.35299,0.59071,3768,69958923,381080820,-1,329576
99.943517,99.919200,70.084770,92,66,158,16.35299,0.59071,3768,70024308,381085084,-1,329556
100.014833,99.986030,71.315650,92,66,158,16.35299,0.59071,3808,71269423,381087472,-1,355388
100.085076,100.052900,70.243000,92,66,158,16.35299,0.59071,4986,70159347,381096163,-1,432884
100.157552,100.136400,72.476200,92,66,158,16.35299,0.59071,3888,72399692,381122739,-1,432884
100.229356,100.203200,71.803700,92,66,158,16.35299,0.59071,3872,71763615,381132809,-1,485316
100.301119,100.270100,71.763000,92,66,158,16.35299,0.59071,4192,71560885,381036977,-1,511160
100.374066,100.353600,72.947620,94,66,160,16.35299,0.59071,10552,73020538,380745101,-1,511160
100.446659,100.420400,72.593270,94,66,160,16.35299,0.59071,3848,72598731,380740537,-1,536246
100.518298,100.487200,71.638230,94,66,160,16.35299,0.59071,3808,71680769,380745571,-1,613722
100.614502,100.570700,96.204380,94,66,160,16.35299,0.59071,3808,95849153,380735924,-1,613708
100.705553,100.654300,91.050540,94,66,160,16.35299,0.59071,3968,90965769,380761164,-1,613708
100.817862,100.754500,112.309800,94,66,160,16.35299,0.59071,3832,112281885,380771139,-1,640308
100.915698,100.871400,97.835230,94,67,161,16.35299,0.59071,9504,97842885,381055381,-1,691982
101.018863,100.954900,103.165500,94,67,161,16.35299,0.59071,5066,102824154,381384790,-1,748436
101.116228,101.071900,97.365350,94,67,161,16.35299,0.59071,5106,97322076,381361858,-1,781636
101.219891,101.155400,103.663000,94,67,161,16.35299,0.59071,3968,103902923,381388035,-1,807448
101.311992,101.272400,92.100190,94,67,161,16.35299,0.59071,4296,91715615,381333546,-1,859880
101.392068,101.355900,80.076580,94,67,161,16.35299,0.59071,7592,80028423,380820841,-1,885722
101.472638,101.439500,80.569850,95,67,162,16.35299,0.59071,5408,80558346,381128954,-1,910810
101.552759,101.523100,80.121420,95,67,162,16.35299,0.59071,3928,79628769,381467499,-1,942162
101.633385,101.589900,80.625150,95,67,162,16.35299,0.59071,3888,80388962,381447627,-1,949544
101.716401,101.673500,83.016080,95,67,162,16.35299,0.59071,4008,83457846,381473347,-1,975356
101.797040,101.757000,80.639080,95,67,162,16.35299,0.59071,3952,80481615,381489706,-1,1027788
101.881783,101.840600,84.743230,94,68,162,16.35299,0.59071,7944,84601462,381512380,-1,1053630
101.964045,101.924100,82.262000,94,68,162,16.35299,0.59071,5106,82017269,381509797,-1,1104550
102.049957,102.007600,85.911890,95,68,163,16.35299,0.59071,6666,85678231,381816403,-1,1130368
102.134733,102.091200,84.775850,95,68,163,16.35299,1.00845,3888,83789577,382136816,-1,1135902
102.220230,102.174700,85.497040,95,68,163,16.35299,1.42614,4008,85355577,382121546,-1,1194928
102.306494,102.258300,86.264270,95,68,163,16.35299,1.84398,7656,85263230,382158349,-1,1195696
102.393130,102.341900,86.636150,95,68,163,16.35299,2.26181,3888,87320577,382185004,-1,1220794
102.480402,102.442100,87.271770,96,68,164,16.35299,2.76312,5408,87592423,382454685,-1,1268752
102.566256,102.525700,85.854000,97,68,165,16.35299,3.18084,9552,85717462,382788608,-1,1252146
102.654966,102.609200,88.710430,97,68,165,16.35299,3.59846,3928,87562846,382284583,-1,1207884
102.739333,102.692700,84.367000,97,68,165,16.35299,4.01609,4048,85266346,382310629,-1,1355472
102.826646,102.776300,87.313040,97,68,165,16.35299,4.43378,11376,86978846,382366649,-1,1356240
102.917619,102.876500,90.972460,97,68,165,16.35299,4.93491,3968,89996153,383150530,-1,1381358
103.002867,102.960000,85.248150,97,68,165,16.35299,5.35266,3968,86519269,383131223,-1,1429316
103.096059,103.043600,93.192340,98,68,166,16.35299,5.77036,10562,92569961,383409263,-1,1477288
103.185737,103.143800,89.678040,98,68,166,16.35299,6.27158,4008,89168846,383749943,-1,1578766
103.279873,103.227400,94.135420,98,68,166,16.35299,6.68935,4128,94047269,383777177,-1,1600910
103.369836,103.327600,89.963540,98,68,166,16.35299,7.19047,7776,90429116,383812674,-1,1771426
103.466798,103.411200,96.961230,98,68,166,16.35299,7.60837,4008,97063000,383799771,-1,1892448
103.560458,103.511400,93.660460,98,68,166,16.35299,8.10958,4432,93716500,383663957,-1,1988378
103.658970,103.611700,98.511570,99,68,167,16.35299,8.61081,5608,98325270,384062618,-1,2021548
103.753340,103.695200,94.370160,99,68,167,16.35299,9.02858,4048,94602461,384065642,-1,2091660
103.853358,103.795500,100.018500,99,68,167,16.35299,9.52986,4168,99187115,384082788,-1,2176534
103.949145,103.895700,95.787080,99,68,167,16.35299,10.03103,7816,95784615,384449768,-1,2199422
104.044202,103.996000,95.056580,99,68,167,16.35299,10.53226,4048,95561884,384432617,-1,2394268
104.142541,104.096200,98.339460,99,68,167,16.35299,11.03345,5346,98394654,384750549,-1,2427464
104.249329,104.179800,106.787100,100,68,168,16.35299,11.45136,5608,106013423,384898789,-1,2597192
104.342334,104.296700,93.005350,100,68,168,16.35299,12.03612,4248,93124193,384525358,-1,2608262
104.447104,104.380300,104.769800,99,69,168,16.35299,12.45389,8168,104748500,384560088,-1,2642240
104.546929,104.497200,99.825000,100,69,169,16.35299,13.03868,6826,99677308,384632344,-1,2711618
104.647559,104.597500,100.630300,100,69,169,16.35299,13.53998,4048,100400193,386186101,-1,2746660
104.746404,104.697700,98.845270,100,69,169,16.35299,14.04115,4128,98852500,386983526,-1,2621172
104.846594,104.798000,100.189700,100,69,169,16.35299,14.54242,4088,100196000,387777746,-1,2669144
104.946224,104.898300,99.629840,100,69,169,16.35299,15.04378,4128,99205846,387778026,-1,2643312
105.046096,104.981800,99.872500,100,69,169,16.35299,15.46130,4128,99686115,390958990,-1,2543676
105.139543,105.082000,93.446390,100,69,169,16.35299,15.96244,5346,94193423,391754173,-1,2661760
105.239404,105.182200,99.861340,100,69,169,16.35299,15.96244,4168,100532769,391752114,-1,2635928
105.338112,105.282400,98.707850,100,69,169,16.35299,15.96244,4128,98604999,391754068,-1,2735544
105.438448,105.382700,100.336200,100,69,169,16.35299,15.96244,4168,100523384,391750092,-1,2783516
105.540216,105.482900,101.767700,100,69,169,16.35299,15.96244,4128,101396192,392550396,-1,2772446
105.639796,105.583200,99.579690,100,69,169,16.35299,15.96244,4288,99766154,392574484,-1,2776138
105.739179,105.683400,99.382920,100,69,169,16.35299,15.96244,4152,99301154,392581203,-1,2850710
105.843572,105.783600,104.393700,100,69,169,16.35299,15.96244,4168,103991461,392568984,-1,2876552
105.946080,105.883800,102.507300,100,69,169,16.35299,15.96244,8204,102475577,392592888,-1,2987258
106.049870,105.984000,103.790300,100,69,169,16.35299,15.96244,4168,103869539,392595305,-1,2975444
106.154100,106.101000,104.230400,100,69,169,16.35299,15.96244,5850,103977846,392501960,-1,3012332
106.257351,106.201200,103.250900,100,69,169,16.35299,15.96244,4192,103017654,391210048,-1,2990960
106.357372,106.301400,100.020600,99,70,169,16.35299,15.96244,8184,100591077,391228594,-1,2968830
106.485553,106.401600,128.181300,99,70,169,16.35299,15.96244,5346,128103115,391221763,-1,3004988
106.664324,106.535300,178.771000,100,70,170,16.35299,15.96244,5608,178744231,391471558,-1,3067708
106.836978,106.702300,172.654200,100,70,170,16.35299,15.96244,4248,172375039,392292303,-1,3147046
107.007206,106.886100,170.227700,100,70,170,16.35299,15.96244,7816,169946154,392319782,-1,3293560
107.168995,107.053200,161.789400,100,70,170,16.35299,15.96244,5346,161958653,392277593,-1,3148896
107.278092,107.220300,109.097200,100,70,170,16.35299,15.96244,4248,108760923,392302987,-1,3211610
107.383400,107.320600,105.307200,99,71,170,16.35299,15.96244,8248,105430154,392341980,-1,3337846
107.495146,107.420900,111.746500,100,71,171,16.35299,15.96244,6826,111864923,392422348,-1,3399846
107.614674,107.537800,119.527300,100,71,171,16.35299,15.96244,4128,119509769,392391633,-1,3340790
107.725045,107.654800,110.371700,100,71,171,16.35299,15.96244,4088,110102730,392392745,-1,3403504
107.841360,107.771800,116.314900,100,71,171,16.35299,15.96244,4248,116292384,392416178,-1,3403504
107.953341,107.888800,111.981200,100,71,171,16.35299,15.96244,7816,111824846,392449396,-1,3407964
108.065813,108.005800,112.471800,100,71,171,16.35299,15.96244,5770,112159500,392334036,-1,3348188
108.182286,108.106000,116.473100,100,71,171,15.85171,15.96244,4128,115398077,392614428,-1,3215328
108.289240,108.223000,106.954100,100,71,171,15.26673,15.96244,4168,107429346,392959529,-1,3576950
108.415293,108.340000,126.053200,100,71,171,14.68188,15.96244,7928,125513692,395447824,-1,3813124
108.545177,108.457000,129.883000,100,71,171,14.09698,15.96244,11836,129984576,396571117,-1,3891408
108.678906,108.590700,133.729800,100,71,171,13.42860,15.96244,4128,133554500,399005019,-1,3981106
108.837775,108.724300,158.869100,100,71,171,12.76017,15.96244,7848,159406192,399263067,-1,4030890
108.995499,108.874700,157.723000,100,71,171,12.00825,15.96244,4248,157101923,400878937,-1,3910980
109.122285,109.041800,126.787000,99,72,171,11.17288,15.96244,9946,126745346,401139867,-1,3839790
109.245452,109.158800,123.166800,100,72,172,10.58798,15.96244,6826,123075692,400687511,-1,3595470
109.364745,109.292400,119.292500,100,72,172,9.91980,15.96244,4128,119463808,401450960,-1,3398004
109.481862,109.409400,117.117700,100,72,172,9.33513,15.96244,4208,117082308,401455072,-1,3248550
109.596250,109.526300,114.387300,99,73,172,8.75038,15.96244,8208,113975615,401820575,-1,3040802
109.706790,109.643200,110.540300,99,73,172,8.16578,15.96244,5306,110626500,401798911,-1,2844488
109.814514,109.743400,107.723700,100,73,173,7.66489,15.96244,5648,107838846,401851928,-1,2748530
109.919917,109.860400,105.403600,100,73,173,7.08018,15.96244,4088,105278769,401844873,-1,2549238
110.022803,109.960500,102.885500,100,73,173,6.57920,15.96244,4248,103009385,401861656,-1,2377644
110.123176,110.060800,100.373100,100,73,173,6.07808,15.96244,9034,99361116,401884162,-1,2291692
110.221836,110.161000,98.659770,100,73,173,5.57709,15.96244,4128,98388539,402193787,-1,2106448
110.316459,110.261200,94.623310,100,73,173,5.07604,15.96244,4128,95750231,402157409,-1,1969896
110.410026,110.361400,93.566650,100,73,173,4.57479,15.96244,4168,93393538,402482569,-1,1896072
110.503143,110.461600,93.117460,100,73,173,4.07378,15.96244,4248,92685692,403173368,-1,1746618
110.593748,110.545200,90.604920,100,73,173,3.65611,15.96244,4152,90395346,403512335,-1,1699414
110.682465,110.645400,88.717310,99,74,173,3.15503,15.96244,8224,89217231,404199245,-1,1662522
110.770993,110.728900,88.528000,99,74,173,2.73729,15.96244,5690,88377154,404084711,-1,1551072
110.860194,110.812500,89.200650,99,74,173,2.31968,15.96244,4088,88714269,404053844,-1,1475408
110.946675,110.896000,86.481310,99,74,173,1.90207,15.96244,4128,86900615,404051893,-1,1412654
111.035173,110.996200,88.497310,99,74,173,1.40093,15.96244,4208,87739115,404743736,-1,1399738
111.120294,111.079800,85.121890,99,74,173,0.98319,15.96244,5330,85359846,404749630,-1,1389436
111.204878,111.163300,84.583960,99,74,173,0.98319,15.96244,8216,85325423,404662205,-1,1389446
111.290671,111.246900,85.792230,99,74,173,0.98319,15.96244,4088,86056424,404154592,-1,1375786
111.377512,111.330400,86.841230,99,74,173,0.98319,15.96244,4088,86281923,404154513,-1,1375772
111.462740,111.430700,85.227620,99,74,173,0.98319,15.96244,4128,85599808,404123849,-1,1375772
111.549096,111.514200,86.356540,99,74,173,0.98319,15.96244,4208,86211231,404145368,-1,1388668
111.635368,111.597800,86.271540,98,75,173,0.98319,15.96244,8168,85990577,404183471,-1,1389436
111.720984,111.681300,85.616880,98,75,173,0.98319,15.96244,5306,85897615,404161039,-1,1401618
111.807138,111.764900,86.153420,98,75,173,0.98319,15.96244,4048,85969000,404154960,-1,1401604
111.893594,111.848400,86.456540,98,75,173,0.98319,15.96244,4048,86498384,404137153,-1,1401604
111.980283,111.931900,86.688190,98,75,173,0.98319,15.96244,4088,86537846,404129109,-1,1401604
112.067269,112.032200,86.986660,98,75,173,0.98319,15.96244,5386,86917654,404156779,-1,1414500
112.154129,112.115700,86.859610,98,75,173,0.98319,15.96244,4072,87029846,404165280,-1,1428184
112.243859,112.199300,89.730080,98,75,173,0.98319,15.96244,4088,89240115,404148614,-1,1441110
112.374879,112.282800,131.019700,98,75,173,0.98319,15.96244,8136,131402693,404077021,-1,1502000
112.492855,112.416400,117.976200,98,75,173,0.98319,15.96244,4088,117755346,403738407,-1,1501254
112.643146,112.533300,150.291000,98,75,173,0.98319,15.96244,4168,150379499,403743181,-1,1539968
112.786830,112.683700,143.684300,98,76,174,0.98319,15.96244,9688,143440192,404043735,-1,1553652
112.913787,112.834100,126.956500,98,76,174,0.98319,15.96244,5226,126908731,404356851,-1,1571368
113.031592,112.951000,117.805200,98,76,174,0.98319,15.96244,4048,117855653,404337656,-1,1602722
113.121608,113.084700,90.015770,98,76,174,0.98319,15.96244,5346,89912576,404352617,-1,1641470
113.212887,113.168200,91.279340,98,76,174,0.98319,15.96244,4112,91083846,404363208,-1,1668050
113.304454,113.251800,91.567380,98,76,174,0.98319,15.96244,8136,91351000,404271543,-1,1706808
113.395852,113.352100,91.397650,98,76,174,0.98319,15.96244,4048,91469807,403923505,-1,1741120
113.486679,113.435600,90.827230,98,76,174,0.98319,15.96244,4088,90831000,403908826,-1,1754002
113.578551,113.535900,91.871230,98,76,174,0.98319,15.96244,4048,91862038,403908826,-1,1779834
113.671316,113.619500,92.765270,98,76,174,0.98319,15.96244,4168,92672347,403933359,-1,1779834
113.763888,113.719700,92.572270,97,77,174,0.98319,15.96244,8168,92276192,403975852,-1,1806434
113.857406,113.803300,93.518190,97,77,174,0.98319,15.96244,5226,93372346,403962380,-1,1818616
113.950253,113.903600,92.846620,97,77,174,0.98319,15.96244,4008,93057539,403941645,-1,1857350
114.047143,114.003900,96.890580,97,77,174,0.98319,15.96244,5266,96865731,403935224,-1,1883182
114.143136,114.087400,95.992230,97,77,174,0.98319,15.54457,4008,94764538,403940408,-1,1932980
114.242234,114.187700,99.098150,97,77,174,0.98319,15.04315,4128,98913000,403971122,-1,1837036
114.337643,114.288000,95.409390,97,77,174,0.98319,14.54193,7776,94611538,403995412,-1,1876552
114.433081,114.388200,95.437580,97,77,174,0.98319,14.04080,4392,95634577,403878565,-1,1866594
114.527932,114.471700,94.850810,97,77,174,0.98319,13.62320,7688,94773038,403537905,-1,1853664
114.624323,114.571900,96.390960,97,77,174,0.98319,13.12208,4048,96898346,403534776,-1,1905328
114.721727,114.672200,97.404230,97,77,174,0.98319,12.62078,4008,96039000,403536164,-1,1918244
114.821099,114.772400,99.372000,98,77,175,0.98319,12.11960,5688,100171347,403657315,-1,1931160
114.919616,114.872700,98.517500,97,78,175,0.98319,11.61843,11768,98846923,404047014,-1,1970676
115.020190,114.956200,100.573600,97,78,175,0.98319,11.20079,5186,99909500,404026511,-1,2008710
115.119530,115.056400,99.340000,97,78,175,0.98319,10.69965,8906,99965808,404020087,-1,2021612
115.222285,115.156600,102.755400,97,78,175,0.98319,10.19850,3968,102215461,404032083,-1,2047444
115.322167,115.273600,99.882030,97,78,175,0.98319,9.61373,4168,100130385,404050306,-1,2112024
115.428364,115.373800,106.196200,97,78,175,0.98319,9.11247,8120,105790615,403988677,-1,2125688
115.529402,115.474100,101.038500,97,78,175,0.98319,8.61116,4048,100785269,402845463,-1,2112038
115.631568,115.574300,102.166000,97,78,175,0.98319,8.11001,4008,102552923,402811277,-1,2124940
115.733061,115.674600,101.493300,97,78,175,0.98319,7.60883,4048,101252577,402819321,-1,2163648
115.838438,115.774800,105.376700,97,78,175,0.98319,7.10774,4128,104636307,402834834,-1,2163648
115.940495,115.875000,102.056600,97,78,175,0.98319,6.60646,7776,102635193,402875559,-1,2164396
116.043675,115.992000,103.180300,97,78,175,0.98319,6.02189,4008,103413346,402866076,-1,2215326
116.146981,116.092200,103.305900,97,78,175,0.98319,5.52079,5266,103508038,402839732,-1,2241144
116.254412,116.192400,107.430800,97,78,175,0.98319,5.01954,4008,107382731,402845264,-1,2266956
116.358259,116.292700,103.847400,97,78,175,0.98319,4.51840,4168,103789769,402875230,-1,2279872
116.465369,116.409600,107.109800,97,78,175,0.98319,3.93373,7736,105588000,402910855,-1,2280640
116.568535,116.509800,103.166200,97,78,175,0.98319,3.43253,4432,103908038,402799455,-1,2292822
116.673527,116.610100,104.991500,97,78,175,0.98319,2.93134,4008,105306500,401640592,-1,2279892
116.777242,116.710300,103.715500,97,78,175,0.98319,2.43004,4048,103693885,401646032,-1,2279872
116.881164,116.827300,103.921700,98,78,176,0.98319,1.84534,5648,104016923,401766513,-1,2292788
116.986937,116.927600,105.773600,98,78,176,0.98319,1.34391,4072,105152962,402572867,-1,2306472
117.092198,117.027800,105.260700,97,79,176,0.98319,0.84274,9282,105622192,402602826,-1,2330468
117.196651,117.144800,104.452700,97,79,176,0.98319,0.84274,5226,105083730,402593147,-1,2368472
117.304200,117.245000,107.549800,97,79,176,0.98319,0.84274,3968,107625384,402581041,-1,2381354
117.408774,117.345200,104.573600,97,79,176,0.98319,0.84274,4048,104351538,402577584,-1,2394270
117.516461,117.445500,107.687400,97,79,176,0.98319,0.84274,4008,107188461,402592942,-1,2394270
117.621721,117.562400,105.259700,97,79,176,0.98319,0.84274,4048,105572346,402596230,-1,2394270
117.728410,117.662700,106.688600,97,79,176,0.98319,0.84274,4008,106745961,402599440,-1,2407186
117.835541,117.779600,107.131000,97,79,176,0.98319,0.84274,4168,107052500,402618334,-1,2420102
117.944482,117.879800,108.941300,97,79,176,0.98319,0.84274,4032,108689462,402630198,-1,2420850
118.055031,117.996700,110.549300,97,79,176,0.98319,0.84274,8124,110716116,402641464,-1,2433776
118.160164,118.097000,105.132200,97,79,176,0.98319,0.84274,5226,105018846,402638824,-1,2433032
118.320705,118.197200,160.541900,97,79,176,0.98319,0.84274,4048,160597999,402629437,-1,2420102
118.482058,118.364300,161.353000,97,79,176,0.98319,0.84274,4128,161250885,402661893,-1,2420102
118.643570,118.531300,161.512000,96,80,176,0.98319,0.84274,8128,160956769,402697882,-1,2433786
118.805715,118.681700,162.144700,96,80,176,0.98319,0.84274,5186,162329230,402670272,-1,2445954
118.949026,118.848700,143.310900,97,80,177,0.98319,0.84274,5912,143453346,402651313,-1,2445934
119.057584,118.999000,108.557500,97,80,177,0.98319,0.84274,4088,108532654,401543398,-1,2457004
119.165249,119.099300,107.665300,97,80,177,0.98319,0.84274,5250,107421385,401559045,-1,2457772
119.274252,119.216200,109.003600,97,80,177,0.98319,0.84274,7672,109105192,401570479,-1,2470698
119.383309,119.316500,109.057000,97,80,177,0.98319,0.84274,4048,108081654,401569929,-1,2495766
119.497238,119.433400,113.928400,97,80,177,0.98319,0.84274,4008,110552461,401560442,-1,2495752
119.602358,119.533600,105.119800,97,80,177,0.98319,0.84274,4168,109263961,401587412,-1,2495752
119.711875,119.650500,109.517500,96,81,177,0.98319,0.84274,8088,108962115,401636892,-1,2496520
119.821227,119.750700,109.351600,96,81,177,0.98319,0.84274,5226,109603999,401615515,-1,2495786
119.929865,119.867700,108.638700,96,81,177,0.98319,0.84274,3968,108772384,401594078,-1,2495772
120.040150,119.967900,110.284300,96,81,177,0.98319,0.84274,4008,110099346,401585387,-1,2482856
120.150076,120.084800,109.926000,97,81,178,0.98319,0.84274,6826,109978731,401706860,-1,2469920
120.261695,120.201700,111.619000,96,82,178,1.56761,0.84274,8472,110526576,401999008,-1,2483604
120.371693,120.301900,109.998800,96,82,178,2.06885,0.84274,5146,109658731,400851585,-1,2547450
120.484122,120.418800,112.428200,96,82,178,2.65356,0.84274,7648,112152269,400839497,-1,2560352
120.598639,120.535800,114.517200,96,82,178,3.23819,0.84274,7608,114590039,400862534,-1,2586184
120.713459,120.636000,114.820500,97,82,179,3.73922,0.84274,5648,114349577,400985101,-1,2599120
120.830346,120.752900,116.886200,97,82,179,4.32403,0.84274,15412,117407538,401388340,-1,2599888
120.944271,120.869900,113.925000,98,82,180,4.90864,0.84274,5528,113606847,401468321,-1,2551222
121.056823,120.986800,112.552100,98,82,180,5.49351,0.84274,3968,112362076,401433386,-1,2447880
121.167139,121.103800,110.316500,98,82,180,6.07814,0.84274,5226,110729730,401420814,-1,2370364
121.277010,121.204000,109.871200,99,82,181,6.57938,0.84274,5648,109772769,401705336,-1,2267016
121.383600,121.321000,106.590000,99,82,181,7.16415,0.84274,8200,106282807,401952016,-1,2221654
121.489047,121.421200,105.446200,99,82,181,7.66548,0.84274,4048,105496846,401604497,-1,2021626
121.590374,121.538200,101.327200,99,82,181,8.25031,0.84274,4088,101301962,401543827,-1,1968102
121.691890,121.638500,101.515900,99,82,181,8.75170,0.84274,4048,101063500,401539539,-1,1864714
121.790531,121.738800,98.641770,100,82,182,9.25315,0.84274,5768,98063500,401800100,-1,1735554
121.885134,121.839000,94.602270,99,83,182,9.75445,0.84274,8552,94723462,402074995,-1,1612696
121.977940,121.922600,92.806080,99,83,182,10.17220,0.84274,5266,92996539,401739433,-1,1541848
122.068334,122.022900,90.394070,99,83,182,10.67362,0.84274,5306,90547884,401693303,-1,1384996
122.157717,122.106400,89.382920,99,83,182,11.09137,0.84274,4048,88534269,401689416,-1,1307480
122.243433,122.206700,85.716580,99,83,182,11.59277,0.84274,4088,86502923,401688457,-1,1167250
122.329542,122.290200,86.108920,100,83,183,12.01038,0.84274,5768,85852692,401971449,-1,1089754
122.412951,122.373800,83.408880,100,83,183,12.42819,0.84274,4112,82649577,402274849,-1,966896
122.493554,122.457300,80.603040,100,83,183,12.84593,0.84274,7792,81059461,403086047,-1,845128
122.571318,122.540800,77.763660,100,83,183,13.26355,0.84274,4128,78104616,403073353,-1,816706
122.649279,122.607700,77.960920,100,83,183,13.59760,0.84274,4088,77311846,403077146,-1,739176
122.723659,122.691200,74.379840,100,83,183,14.01526,0.84274,4088,75111807,403062014,-1,584184
122.798379,122.774700,74.720150,100,83,183,14.43284,0.84274,4168,74295730,403064634,-1,558352
122.871147,122.841500,72.768270,100,83,183,14.76698,0.84274,4248,73055500,403094446,-1,506688
122.942463,122.908300,71.315570,100,83,183,15.10096,0.84274,4152,71303077,403101119,-1,404128
123.013714,122.991800,71.251660,100,83,183,15.51836,0.84274,4168,70591077,403103559,-1,352476
123.085081,123.058600,71.366620,99,84,183,15.85225,0.84274,9402,71293731,403125092,-1,300812
123.153697,123.125400,68.615770,99,84,183,15.85225,0.84274,5306,69965269,403130004,-1,248388
123.220641,123.192200,66.943890,99,84,183,15.85225,0.84274,4128,66693539,402750013,-1,274220
123.289154,123.259000,68.513190,99,84,183,15.85225,0.84274,4088,68530577,402730238,-1,274200
123.358874,123.342500,69.720080,100,84,184,15.85225,0.84274,5608,69697154,402822222,-1,300032
123.427856,123.409300,68.982540,100,84,184,15.85225,0.84274,4128,68856923,402822726,-1,325864
123.497998,123.476100,70.142070,100,84,184,15.85225,0.84274,4472,70133231,402728125,-1,325864
123.567364,123.543000,69.365390,100,84,184,15.85225,0.84274,4088,69318346,401429649,-1,351696
123.636368,123.609800,69.004580,100,84,184,15.85225,0.84274,4248,68887538,401444699,-1,325864
123.707071,123.676600,70.702800,100,84,184,15.85225,0.84274,4112,70681038,401451608,-1,326632
123.777529,123.760100,70.457770,100,84,184,15.85225,0.84274,4128,70284962,401452048,-1,352476
123.848081,123.827000,70.551730,100,84,184,15.85225,0.84274,4168,70295693,401420082,-1,404140
123.919082,123.893800,71.001110,100,84,184,15.85225,0.84274,8204,71237116,401457790,-1,466854
123.997177,123.960600,78.095340,100,84,184,15.85225,0.84274,4128,78079769,401458381,-1,517772
124.086969,124.044200,89.792080,100,84,184,15.85225,0.84274,5386,89536346,401457726,-1,543604
124.176435,124.127700,89.465880,100,84,184,15.85225,0.84274,4248,89375731,401461607,-1,517758
124.266393,124.228000,89.957530,100,84,184,15.85225,0.84274,4152,90166116,401467659,-1,570190
124.359155,124.311400,92.762700,99,85,184,15.85225,0.84274,8224,92659038,401482130,-1,596032
124.453172,124.411600,94.017150,100,85,185,15.85225,0.84274,6826,93747038,401567996,-1,646952
124.546823,124.495100,93.650230,100,85,185,15.85225,0.84274,4088,93672346,401911798,-1,735504
124.642201,124.595300,95.378150,100,85,185,15.85225,0.84274,4128,95285000,401885584,-1,813000
124.733684,124.695400,91.482650,100,85,185,15.85225,0.84274,4592,91462385,401806011,-1,838832
124.811128,124.778900,77.444730,100,85,185,15.85225,0.84274,4112,77190538,400507834,-1,865412
124.888853,124.862400,77.724300,100,85,185,15.85225,0.84274,7872,77313346,400514861,-1,865422
124.968131,124.929300,79.278080,100,85,185,15.85225,0.84274,4128,79602500,400515485,-1,916342
125.047299,125.012800,79.168340,100,85,185,15.85225,0.84274,5346,78984077,400511054,-1,916342
125.126393,125.096300,79.093930,100,85,185,15.85225,0.84274,4168,78967000,400517215,-1,942160
125.206832,125.163200,80.439420,100,85,185,15.85225,0.84274,4128,80446539,400518872,-1,967972
125.287685,125.246700,80.853110,100,85,185,15.85225,0.84274,4248,80652077,400543050,-1,1019636
125.370187,125.330300,82.501660,100,85,185,15.85225,0.84274,4192,82517346,400548905,-1,1072068
125.451235,125.413800,81.048270,99,86,185,15.85225,0.84274,8184,80762461,400567652,-1,1123742
125.534406,125.497300,83.170310,100,86,186,15.85225,0.84274,6826,83060346,400649878,-1,1097166
125.618850,125.580900,84.444310,100,86,186,15.85225,0.84274,4128,84245808,400810962,-1,1148816
125.702226,125.664500,83.375770,100,86,186,15.85225,0.84274,4088,83379346,401131585,-1,1159864
125.786780,125.748100,84.554080,100,86,186,15.85225,0.84274,4208,84489885,401152727,-1,1226292
125.872359,125.831600,85.579610,100,86,186,15.85225,0.84274,4152,85085269,401161606,-1,1252892
125.956879,125.915200,84.519770,99,87,186,15.85225,0.84274,8528,84329807,401110901,-1,1330398
126.044355,125.998700,87.476230,100,87,187,15.85225,0.84274,6826,87673000,400664304,-1,1277990
126.131346,126.082200,86.990840,100,87,187,15.85225,0.84274,5346,86870654,400664112,-1,1355472
126.219153,126.182400,87.806850,100,87,187,15.85225,1.34386,4088,86749461,400678626,-1,1381304
126.306279,126.265900,87.125380,100,87,187,15.85225,1.76128,4208,87332192,400699565,-1,1381284
126.395894,126.349400,89.615460,100,87,187,15.85225,2.17888,11536,88908269,400748104,-1,1382052
126.484588,126.432900,88.694420,100,87,187,15.85225,2.59643,4128,89044539,400722584,-1,1433002
126.574323,126.533100,89.734310,100,87,187,15.85225,3.09758,8068,89439539,400729833,-1,1407156
126.664354,126.616600,90.031730,100,87,187,15.85225,3.51504,4168,89814616,400716873,-1,1433008
126.753216,126.700100,88.861080,100,87,187,15.85225,3.93249,4128,88754885,400707728,-1,1484672
126.841946,126.800400,88.730080,100,87,187,15.85225,4.43369,7928,88727654,400736150,-1,1484652
126.931389,126.883900,89.443700,100,87,187,15.85225,4.85136,7992,89465385,400772446,-1,1422706
127.024365,126.967400,92.975310,100,87,187,15.85225,5.26901,7808,92278384,400768867,-1,1447804
127.113072,127.067600,88.707150,100,87,187,15.85225,5.77009,5730,88783347,400649487,-1,1595418
127.202609,127.151200,89.537190,100,87,187,15.85225,6.18777,7848,90069461,400141619,-1,1706084
127.294514,127.251400,91.904660,100,87,187,15.85225,6.68894,4128,92476538,400130395,-1,1754076
127.389176,127.334900,94.662040,100,87,187,15.85225,7.10664,4248,94205269,400153017,-1,1824168
127.483342,127.435200,94.166110,99,88,187,15.85225,7.60783,8248,94103308,400195696,-1,2042656
127.578815,127.535400,95.473390,99,88,187,15.85225,8.10891,5690,95612923,400061633,-1,2115726
127.676297,127.618900,97.481880,100,88,188,15.85225,8.52652,5608,97474769,398823734,-1,2185804
127.774570,127.719100,98.272610,100,88,188,15.85225,9.02766,4128,97647076,399784503,-1,2174714
127.871601,127.819400,97.031190,100,88,188,15.85225,9.52897,4088,97207000,400120439,-1,2488356
127.972077,127.919600,100.475700,100,88,188,15.85225,10.02998,4248,100440115,400933655,-1,2647036
128.074142,128.019800,102.065700,100,88,188,15.85225,10.53108,9034,101184539,400955396,-1,2706826
128.176026,128.120000,101.884300,100,88,188,15.85225,11.03207,7848,102267038,400950060,-1,2728232
128.276677,128.220200,100.650700,100,88,188,15.85225,11.53299,4128,100886308,400919304,-1,2857392
128.383065,128.320400,106.387800,100,88,188,15.85225,12.03389,4168,105936462,401705352,-1,2842610
128.487139,128.420700,104.074400,100,88,188,15.85225,12.53518,4248,104643308,401726840,-1,2923792
128.593481,128.537600,106.341500,100,88,188,15.85225,13.11995,7896,105656923,401761462,-1,2994672
128.699376,128.637800,105.895000,100,88,188,15.85225,13.62089,4128,106259615,401736804,-1,3100952
128.807427,128.738000,108.050700,100,88,188,15.85225,14.12200,4168,107636269,401698570,-1,3001302
128.913130,128.855000,105.703400,100,88,188,15.85225,14.70675,4128,105971770,401684878,-1,3034492
129.020292,128.955300,107.161700,100,88,188,15.85225,15.20818,4288,106567538,401704516,-1,2849962
129.120588,129.072200,100.295700,99,89,188,15.85225,15.79310,9810,100391231,401634918,-1,2909772
129.221785,129.172500,101.197600,100,89,189,15.85225,15.79310,6866,102434423,400414775,-1,2698696
129.320623,129.272700,98.838150,100,89,189,15.85225,15.79310,4088,98814654,400384529,-1,2772486
129.422189,129.373000,101.565700,100,89,189,15.85225,15.79310,4128,101226461,400384522,-1,2846270
129.522880,129.473200,100.691100,100,89,189,15.85225,15.79310,4208,100890384,400407600,-1,2982808
129.625993,129.573400,103.113200,100,89,189,15.85225,15.79310,4152,102616116,400416471,-1,3057380
129.736851,129.673600,110.857800,99,90,189,15.85225,15.79310,8184,111068116,400431742,-1,3072152
129.836523,129.773800,99.671390,99,90,189,15.85225,15.79310,5346,99618231,400412650,-1,3108310
130.014410,129.874000,177.887300,99,90,189,15.85225,15.79310,4088,178009154,400396849,-1,3218982
130.192431,130.057700,178.020800,99,90,189,15.85225,15.79310,5466,177457616,400429623,-1,3255884
130.364411,130.241400,171.980800,100,90,190,15.85225,15.79310,9336,171902153,400556097,-1,3249274
130.535005,130.408400,170.594100,100,90,190,15.85225,15.79310,4128,170893116,400852017,-1,3237456
130.654288,130.575400,119.282500,100,90,190,15.85225,15.79310,4208,119291154,400875315,-1,3484680
130.768795,130.692200,114.506600,99,91,190,15.85225,15.79310,8248,113930154,400913212,-1,3341532
130.876889,130.809100,108.094800,100,91,191,15.85225,15.79310,7210,108392308,401066207,-1,3418294
130.986618,130.926000,109.728300,100,91,191,15.85225,15.79310,4128,109585154,400869652,-1,3497618
131.099129,131.026200,112.511300,100,91,191,15.85225,15.79310,5306,112725462,401669908,-1,3530812
131.210884,131.143000,111.754900,100,91,191,15.85225,15.79310,4248,111447577,401693790,-1,3580630
131.326482,131.259900,115.598300,100,91,191,15.85225,15.79310,7816,115654885,401725614,-1,3524202
131.438725,131.376900,112.242900,100,91,191,15.85225,15.79310,4552,112136269,401601229,-1,3512398
131.552756,131.477100,114.031000,100,91,191,15.85225,15.79310,4128,114040192,401246420,-1,3597238
131.665200,131.594100,112.444200,100,91,191,15.85225,15.79310,4168,112490346,401251356,-1,3479154
131.778333,131.711000,113.132500,100,91,191,15.85225,15.79310,4248,113081962,401273414,-1,3615692
131.891371,131.827900,113.038100,99,92,191,15.85225,15.79310,8248,112804961,401312441,-1,3642292
132.013220,131.944900,121.849100,100,92,192,15.85225,15.79310,6826,121119423,401548929,-1,3519782
132.125471,132.061800,112.250800,100,92,192,15.85225,15.79310,5346,112928423,401860951,-1,3517904
132.243386,132.178700,117.915700,100,92,192,15.26758,15.79310,4088,116388846,401884984,-1,3525286
132.355812,132.279000,112.425400,100,92,192,14.76631,15.79310,4248,112945385,401910313,-1,3827886
132.487844,132.396000,132.032300,100,92,192,14.18141,15.79310,11920,131391538,402664823,-1,3891388
132.608710,132.529600,120.865400,100,92,192,13.51308,15.79310,4168,121294654,402137702,-1,3971862
132.737971,132.646600,129.261400,100,92,192,12.92828,15.79310,11488,129080923,402143438,-1,4008730
132.865316,132.780200,127.345400,100,92,192,12.26017,15.79310,4288,126927538,402497523,-1,3794742
132.991343,132.913900,126.027000,100,92,192,11.59194,15.79310,7856,125666423,403654835,-1,3734622
133.113718,133.030800,122.374400,100,92,192,11.00725,15.79310,9066,123300000,403653320,-1,3696986
133.235363,133.164500,121.645000,100,92,192,10.33892,15.79310,4128,121511615,405267171,-1,3577062
133.357304,133.281500,121.940700,100,92,192,9.75390,15.79310,7968,121504346,405292899,-1,3453400
133.475993,133.398400,118.689700,100,92,192,9.16923,15.79310,7856,118971461,405224939,-1,3258608
133.590144,133.515300,114.151200,100,92,192,8.58467,15.79310,4552,114497269,405105080,-1,3010590
133.769845,133.632200,179.700500,100,92,192,8.00004,15.79310,7808,179359346,404738474,-1,2838982
133.883919,133.816000,114.074300,100,92,192,7.08130,15.79310,4288,112853923,405077931,-1,2578822
133.999058,133.933000,115.138400,100,92,192,6.49655,15.79310,7856,116151423,405101311,-1,2323102
134.100236,134.049900,101.178000,100,92,192,5.91187,15.79310,5386,100422961,405065404,-1,2246718
134.199956,134.150100,99.720340,100,92,192,5.41061,15.79310,4128,100114038,405026443,-1,2110146
134.296756,134.250400,96.800310,100,92,192,4.90948,15.79310,4168,96955423,405020072,-1,1938532
134.391709,134.333900,94.952730,100,92,192,4.49182,15.79310,4248,94553000,405360769,-1,1849966
134.485321,134.434100,93.611890,99,93,192,3.99071,15.79310,8208,93486077,405391649,-1,1775064
134.578139,134.534400,92.817730,99,93,192,3.48951,15.79310,5346,92374346,405699949,-1,1687610
134.667427,134.617900,89.288310,99,93,192,3.07194,15.79310,4088,89541307,405665407,-1,1528918
134.756516,134.718100,89.089110,100,93,193,2.57089,15.79310,5608,89002730,405751445,-1,1515982
134.843968,134.801600,87.451730,100,93,193,2.15335,15.79310,4128,87148846,405752101,-1,1464318
134.929993,134.885100,86.025230,100,93,193,1.73583,15.79310,4088,86518615,405758933,-1,1438486
135.016906,134.968600,86.912800,100,93,193,1.31833,15.79310,4088,86396885,405761741,-1,1425570
135.103933,135.068800,87.027500,100,93,193,0.81709,15.79310,5346,86825000,406095539,-1,1373906
135.188075,135.152400,84.142040,100,93,193,0.81709,15.79310,4128,85509846,406093552,-1,1349920
135.274046,135.235900,85.970610,100,93,193,0.81709,15.79310,4128,85889884,406166119,-1,1349900
135.359427,135.319400,85.380810,100,93,193,0.81709,15.79310,4168,85228153,406101586,-1,1349900
135.444395,135.402900,84.968120,100,93,193,0.81709,15.79310,4128,84687577,406106666,-1,1349900
135.529228,135.486400,84.833380,100,93,193,0.81709,15.79310,4128,85212769,406110170,-1,1386802
135.615560,135.569900,86.331540,100,93,193,0.81709,15.79310,4168,85961962,406115714,-1,1386802
135.700590,135.653400,85.029880,100,93,193,0.81709,15.79310,4128,85086539,406121534,-1,1399718
135.803478,135.753600,102.888300,100,93,193,0.81709,15.79310,4128,103188000,406128610,-1,1412634
135.954069,135.853700,150.591500,100,93,193,0.81709,15.79310,4288,150563153,406158279,-1,1438466
136.082105,136.004000,128.036000,100,93,193,0.81709,15.79310,5370,127888346,406172813,-1,1439234
136.211178,136.120900,129.072300,100,93,193,0.81709,15.79310,8628,129077846,406096127,-1,1439244
136.337299,136.254500,126.120800,100,93,193,0.81709,15.79310,4128,125702731,405766207,-1,1451416
136.450695,136.388000,113.396200,100,93,193,0.81709,15.79310,4288,113110731,405774485,-1,1490150
136.539429,136.488100,88.734080,100,93,193,0.81709,15.79310,4152,89005962,405793716,-1,1503834
136.626631,136.588300,87.202000,99,94,193,0.81709,15.79310,8224,87273269,405810852,-1,1542592
136.715389,136.671800,88.758350,99,94,193,0.81709,15.79310,5306,88582692,405805517,-1,1541848
136.804502,136.755300,89.113000,100,94,194,0.81709,15.79310,5608,88940769,405889865,-1,1554750
136.893597,136.855600,89.095120,100,94,194,0.81709,15.79310,4128,89214808,405887465,-1,1567666
136.982605,136.939100,89.007690,100,94,194,0.81709,15.79310,4208,88932269,405922674,-1,1617464
137.072652,137.022600,90.047070,100,94,194,0.81709,15.79310,5330,89773461,405934568,-1,1631148
137.162645,137.122900,89.992970,99,95,194,0.81709,15.79310,8184,90044269,405953708,-1,1644074
137.253261,137.206500,90.616070,99,95,194,0.81709,15.79310,5306,90492000,405948658,-1,1669162
137.346519,137.290000,93.258380,100,95,195,0.81709,15.79310,5608,93317231,406025493,-1,1682064
137.437838,137.390300,91.318810,100,95,195,0.81709,15.79310,4128,91315308,406038466,-1,1707876
137.530145,137.490600,92.306850,100,95,195,0.81709,15.79310,4208,91840692,406070503,-1,1746624
137.623254,137.574200,93.108540,100,95,195,0.81709,15.79310,4112,92933770,406077790,-1,1760308
137.715306,137.674400,92.052040,99,96,195,0.81709,15.79310,8184,92407461,406109112,-1,1786150
137.808828,137.758000,93.522460,99,96,195,0.81709,15.79310,5306,93313577,406111393,-1,1798322
137.902996,137.858200,94.168230,100,96,196,0.81709,15.79310,5608,94395692,406186861,-1,1824140
137.997511,137.941700,94.515110,100,96,196,0.81709,15.79310,4128,94440115,406195566,-1,1824120
138.093119,138.041900,95.607190,100,96,196,0.81709,15.79310,5426,95217077,406222650,-1,1862868
138.190048,138.142000,96.928920,100,96,196,0.81709,15.29216,7856,95437115,406266843,-1,1876552
138.288250,138.225500,98.201970,100,96,196,0.81709,14.87479,4472,98562346,406154489,-1,1914566
138.382489,138.325700,94.239000,100,96,196,0.81709,14.37369,4128,94089692,405809054,-1,1853664
138.477923,138.426000,95.434960,100,96,196,0.81709,13.87255,11788,95535384,405832272,-1,1892412
138.575694,138.526200,97.770200,100,96,196,0.81709,13.37158,4128,97313461,405839387,-1,1931180
138.673698,138.626300,98.004500,100,96,196,0.81709,12.87071,4288,97505038,406206964,-1,1957012
138.769807,138.709800,96.108920,100,96,196,0.81709,12.45335,7856,96529500,406244841,-1,1983612
138.869098,138.810000,99.290460,100,96,196,0.81709,11.95256,8288,99317423,406149526,-1,2021626
138.967181,138.910100,98.083500,100,96,196,0.81709,11.45191,4168,98383230,405792851,-1,2021632
139.066516,139.010300,99.335230,100,96,196,0.81709,10.95088,5346,99219039,405795043,-1,2034528
139.166480,139.110500,99.964040,100,96,196,0.81709,10.45001,4168,99857500,405800279,-1,2060360
139.267356,139.210600,100.875800,100,96,196,0.81709,9.94918,7928,100694000,405828788,-1,2073276
139.368061,139.310800,100.705200,100,96,196,0.81709,9.44839,8280,100442500,405770704,-1,2099856
139.469255,139.411000,101.193300,100,96,196,0.81709,8.94735,4128,101032769,405426993,-1,2099122
139.571992,139.511200,102.737500,100,96,196,0.81709,8.44635,7848,102721539,405412574,-1,2124940
139.674080,139.611400,102.088200,100,96,196,0.81709,7.94525,4128,101909577,405418046,-1,2176584
139.780169,139.711600,106.089000,100,96,196,0.81709,7.44416,4288,106151384,405445407,-1,2189500
139.883131,139.828600,102.961400,99,97,196,0.81709,6.85967,8208,102865423,405501351,-1,2203184
139.987063,139.928700,103.932100,99,97,196,0.81709,6.35874,5346,104055846,405475112,-1,2228282
140.090562,140.028900,103.499000,100,97,197,0.81709,5.85793,6826,103562000,405551943,-1,2241164
140.197524,140.129100,106.961900,100,97,197,0.81709,5.35703,4128,106285923,405557528,-1,2254060
140.301606,140.245900,104.082000,100,97,197,0.81709,4.77268,4208,104419423,406441339,-1,2266976
140.407290,140.346100,105.684300,100,97,197,0.81709,4.27175,4152,105854308,406382354,-1,2317542
140.512163,140.446400,104.872700,100,97,197,0.81709,3.77056,7792,104553923,406400870,-1,2317552
140.620092,140.563200,107.929000,100,97,197,0.81709,3.18615,4168,107488269,406731707,-1,2342640
140.725423,140.663500,105.331500,100,97,197,0.81709,2.68513,4128,104790192,406721384,-1,2381354
140.834499,140.763600,109.076300,100,97,197,0.81709,2.18418,4288,110044077,406750505,-1,2431172
140.940090,140.880500,105.590500,100,97,197,0.81709,1.59976,4152,105378230,406763295,-1,2444856
141.054977,140.980700,114.887100,99,98,197,0.81709,1.09901,8224,114520731,406784476,-1,2470698
141.155535,141.097600,100.557700,100,98,198,0.81709,0.51441,6826,100812270,406713333,-1,2469954
141.263451,141.197800,107.916100,100,98,198,0.81709,0.51441,4128,108888731,407022950,-1,2488390
141.370842,141.314600,107.390900,100,98,198,0.81709,0.51441,4088,107332500,407025533,-1,2495752
141.480348,141.414800,109.505700,100,98,198,0.81709,0.51441,4128,109339192,407023837,-1,2495752
141.588407,141.514900,108.059300,100,98,198,0.81709,0.51441,4472,108043577,406916101,-1,2482836
141.734862,141.631800,146.454800,100,98,198,0.81709,0.51441,4288,146486538,405808274,-1,2457004
141.896442,141.782000,161.580600,100,98,198,0.81709,0.51441,4152,161562500,406140798,-1,2457772
142.060246,141.949000,163.803500,100,98,198,0.81709,0.51441,8244,163680423,406157441,-1,2422706
142.221044,142.099200,160.798400,100,98,198,0.81709,0.51441,5346,160746269,406153592,-1,2434864
142.366498,142.266200,145.454400,100,98,198,0.81709,0.51441,4288,145379538,406160747,-1,2447780
142.474294,142.416400,107.795500,100,98,198,0.81709,0.51441,4152,107607077,406162961,-1,2448548
142.582066,142.516500,107.772400,99,99,198,0.81709,0.51441,8224,107838500,406176743,-1,2448558
142.689820,142.633500,107.753300,99,99,198,0.81709,0.51441,5690,107581808,406059923,-1,2447814
142.798501,142.733700,108.681700,99,99,198,0.81709,0.51441,4128,108368884,405242076,-1,2421948
142.905788,142.850600,107.286900,100,99,199,0.81709,0.51441,5728,107594269,405358432,-1,2447780
143.015262,142.950800,109.473200,100,99,199,0.81709,0.51441,4152,109102116,405365663,-1,2435632
143.123182,143.067700,107.920800,100,99,199,0.81709,0.51441,9010,108136423,405374521,-1,2435642
143.231600,143.167900,108.418100,100,99,199,0.81709,0.51441,4128,108255616,405370175,-1,2447814
143.341345,143.284800,109.744100,100,99,199,0.81709,0.51441,4088,109701385,405344144,-1,2460716
143.451200,143.385000,109.855500,100,99,199,0.81709,0.51441,4288,109874885,405367133,-1,2473612
143.561294,143.501900,110.093700,99,100,199,0.81709,0.51441,8208,109831000,405407858,-1,2487296
143.672200,143.602100,110.906300,99,100,199,0.81709,0.51441,5350,110762346,405387962,-1,2486562
143.781875,143.718900,109.675100,99,100,199,0.81709,0.51441,4088,109840038,405364039,-1,2499466
143.893667,143.819100,111.792300,99,100,199,0.81709,0.51441,4128,111511885,405354024,-1,2499466
144.005051,143.936000,111.383300,100,100,200,0.81709,0.51441,5728,111341192,405640323,-1,2499446
144.116071,144.052900,111.019800,100,100,200,0.81709,0.51441,9078,110655615,406342489,-1,2505748
144.227563,144.153000,111.492200,100,100,200,1.31806,0.51441,4472,110671346,406231782,-1,2538228
144.339721,144.269900,112.158300,100,100,200,1.90242,0.51441,4128,111921923,405070884,-1,2525298
144.450642,144.386800,110.921200,100,100,200,2.48675,0.51441,4088,111323846,405065788,-1,2551110
144.565749,144.487000,115.106600,100,100,200,2.98759,0.51441,7968,114986923,405097528,-1,2538194
144.679196,144.603800,113.447300,100,100,200,3.57195,0.51441,7856,113057385,405131113,-1,2538982
144.793463,144.720700,114.267300,100,100,200,4.15649,0.51441,8108,113992615,405123889,-1,2551164
144.906940,144.837600,113.476300,100,100,200,4.74108,0.51441,4128,113176193,405087382,-1,2525338
145.019040,144.954500,112.100400,100,100,200,5.32555,0.51441,7848,112409962,405094958,-1,2473654
145.130634,145.054700,111.594200,100,100,200,5.82653,0.51441,5470,111862308,405110531,-1,2409094
145.240601,145.171700,109.966900,100,100,200,6.41126,0.51441,8376,109639193,405034972,-1,2319450
145.348055,145.288600,107.453800,100,100,200,6.99588,0.51441,4128,107237885,403858043,-1,2163724
145.453158,145.388800,105.102500,100,100,200,7.49703,0.51441,4168,104960539,403828638,-1,2060342
145.556064,145.489100,102.906600,100,100,200,7.99812,0.51441,4128,103143076,403808216,-1,1957014
145.657427,145.606000,101.363200,100,100,200,8.58271,0.51441,4288,101077808,403794971,-1,1827834
145.755472,145.706200,98.044960,99,101,200,9.08379,0.51441,8208,97740308,403844346,-1,1673610
145.849278,145.806400,93.805850,99,101,200,9.58489,0.51441,5350,93363962,403790591,-1,1595360
145.946284,145.889900,97.006200,99,101,200,10.00250,0.51441,4088,96987462,403748309,-1,1517850
146.036403,145.990100,90.118770,99,101,200,10.50356,0.51441,4088,90653500,403745166,-1,1362838
146.125190,146.073600,88.786960,99,101,200,10.92099,0.51441,5350,88406231,403741268,-1,1259510
146.212579,146.173800,87.389420,100,101,201,11.42191,0.51441,5728,86774731,403855021,-1,1182014
146.297494,146.257300,84.914660,100,101,201,11.83948,0.51441,4112,85523154,403848325,-1,1053622
146.379712,146.340800,82.218080,100,101,201,12.25702,0.51441,7832,82337308,403811712,-1,950304
146.460188,146.424300,80.475460,100,101,201,12.67453,0.51441,4088,80323116,403800126,-1,897896
146.538626,146.507800,78.438270,100,101,201,13.09192,0.51441,4088,78618731,403793519,-1,768702
146.615443,146.574600,76.817150,100,101,201,13.42600,0.51441,4168,76710000,403774999,-1,717038
146.690799,146.658200,75.355690,100,101,201,13.84361,0.51441,4128,75312115,403774603,-1,639542
146.764820,146.741700,74.021420,100,101,201,14.26108,0.51441,4248,74017808,403793587,-1,510382
146.837695,146.808400,72.875040,100,101,201,14.59493,0.51441,4192,72779808,403794624,-1,407822
146.909128,146.875200,71.432730,100,101,201,14.92875,0.51441,4128,71378115,403794204,-1,356170
146.978912,146.958700,69.784160,99,102,201,15.34611,0.51441,8184,69632000,403804633,-1,278674
147.048124,147.025400,69.212200,99,102,201,15.67997,0.51441,5350,69227153,403798252,-1,252096
147.115085,147.092200,66.960880,99,102,201,15.67997,0.51441,4088,67777654,403793314,-1,226264
147.183273,147.159000,68.188310,99,102,201,15.67997,0.51441,4088,68227538,403775420,-1,226230
147.252234,147.225800,68.960460,99,102,201,15.67997,0.51441,4128,68826923,403775588,-1,226230
147.321341,147.292600,69.106930,100,102,202,15.67997,0.51441,5992,69118193,403939532,-1,252062
147.387270,147.359400,65.928730,100,102,202,15.67997,0.51441,4088,66094769,402640564,-1,231764
147.457839,147.426100,70.569470,100,102,202,15.67997,0.51441,4128,70365154,402970772,-1,231764
147.540585,147.509600,82.746350,100,102,202,15.67997,0.51441,4088,82664116,402970628,-1,290810
147.629628,147.593100,89.042540,100,102,202,15.67997,0.51441,4088,88731423,402971372,-1,316642
147.712596,147.676600,82.967610,100,102,202,15.67997,0.51441,4128,82602000,402962856,-1,342474
147.793758,147.760000,81.162190,100,102,202,15.67997,0.51441,4128,81517077,402963241,-1,394118
147.881363,147.843500,87.604770,100,102,202,15.67997,0.51441,4128,87434577,402964265,-1,394118
147.968235,147.927000,86.872660,100,102,202,15.67997,0.51441,4168,86713654,402963497,-1,445782
148.055086,148.010400,86.850730,100,102,202,15.67997,0.51441,5350,86538230,402963776,-1,445782
148.143927,148.093900,88.840610,100,102,202,15.67997,0.51441,4128,89082769,402963928,-1,445782
148.216182,148.194100,72.255920,100,102,202,15.67997,0.51441,4288,72255115,402985871,-1,497446
148.288146,148.260900,71.963230,100,102,202,15.67997,0.51441,4152,71885076,402992836,-1,575710
148.361795,148.327700,73.649810,100,102,202,15.67997,0.51441,4128,73520346,402993396,-1,575722
148.435630,148.411200,73.834420,100,102,202,15.67997,0.51441,4168,73933230,402970757,-1,601554
148.509828,148.478000,74.197690,100,102,202,15.67997,0.51441,8204,74101000,402995262,-1,627386
148.584847,148.561500,75.019390,100,102,202,15.67997,0.51441,4512,74943846,402894965,-1,652472
148.659351,148.628300,74.504430,100,102,202,15.67997,0.51441,4168,74347653,401597287,-1,704136
148.735455,148.711800,76.104080,100,102,202,15.67997,0.51441,4248,76188192,401601758,-1,729954
148.812493,148.778600,77.037120,100,102,202,15.67997,0.51441,4152,76847539,401638138,-1,756554
148.889365,148.862100,76.872660,99,103,202,15.67997,0.51441,8224,76791423,401640340,-1,808230
148.966723,148.928900,77.358190,100,103,203,15.67997,0.51441,6830,77392000,401708248,-1,833316
149.045223,149.012400,78.500000,100,103,203,15.67997,0.51441,5310,78314346,401907632,-1,859148
149.123096,149.095900,77.872120,100,103,203,15.67997,0.51441,4128,77586192,402191587,-1,844370
149.202244,149.162700,79.148570,100,103,203,15.67997,0.51441,4088,79367616,402191668,-1,859134
149.282431,149.246200,80.186460,100,103,203,15.67997,0.51441,4208,80142270,402244154,-1,910798
149.361678,149.329700,79.247460,100,103,203,15.67997,0.51441,4152,78737577,402241665,-1,963210
149.442920,149.413200,81.241690,100,103,203,15.67997,0.51441,7832,81499461,402254828,-1,937388
149.526973,149.480000,84.052770,100,103,203,15.67997,0.51441,4128,81166846,402257964,-1,988308
149.605843,149.563400,78.870350,100,103,203,15.67997,0.51441,4168,81384115,402261589,-1,1039972
149.688575,149.646900,82.731850,100,103,203,15.67997,0.51441,4128,82546269,402232150,-1,1091622
149.771709,149.730400,83.134080,100,103,203,15.67997,0.51441,4128,83090577,402233942,-1,1091602
149.855226,149.813900,83.516920,100,103,203,15.67997,0.51441,4288,83346077,402257422,-1,1169098
149.938570,149.897300,83.344000,99,104,203,15.67997,0.51441,8208,82983731,402291252,-1,1195698
150.024329,149.980800,85.759190,100,104,204,15.67997,0.51441,6830,85824500,402365597,-1,1194964
150.109981,150.064300,85.652500,100,104,204,15.67997,0.51441,5350,85438654,402360789,-1,1220782
150.195920,150.147800,85.938880,100,104,204,15.67997,0.93191,4088,84627577,402372743,-1,1246614
150.283151,150.231400,87.231190,100,104,204,15.67997,1.34955,4088,87199577,402374448,-1,1246594
150.370409,150.331500,87.257730,100,104,204,15.67997,1.85037,7928,87605307,402408965,-1,1272426
150.456853,150.415000,86.444040,99,105,204,15.67997,2.26775,12108,85973654,402454480,-1,1324878
150.545048,150.498500,88.194810,99,105,204,15.67997,2.68513,5694,88098731,402332505,-1,1298332
150.633856,150.582000,88.807850,100,105,205,15.67997,3.10254,5648,88685730,401296386,-1,1298318
150.721354,150.682200,87.497660,100,105,205,15.67997,3.60363,7864,87656193,401619306,-1,1303852
150.807482,150.765700,86.128690,100,105,205,15.67997,4.02118,4088,85511039,401619474,-1,1362898
150.894367,150.849200,86.884650,100,105,205,15.67997,4.43854,7928,87683961,401664810,-1,1362898
150.986212,150.932700,91.845080,99,106,205,15.67997,4.85607,8168,91121730,402501380,-1,1359994
151.075504,151.032900,89.291890,99,106,205,15.67997,5.35716,8990,88777077,402483461,-1,1506868
151.166150,151.116400,90.646000,100,106,206,15.67997,5.77473,5648,90790307,402731082,-1,1606490
151.257690,151.216600,91.540420,100,106,206,15.67997,6.27563,4088,91307077,403048058,-1,1733800
151.349689,151.300100,91.999000,100,106,206,15.67997,6.69310,4088,92298462,403047826,-1,1837086
151.444211,151.400300,94.521230,100,106,206,15.67997,7.19408,4248,94629692,403068098,-1,1837086
151.538650,151.483800,94.439810,100,106,206,15.67997,7.61173,7816,94557077,403096877,-1,2033414
151.635935,151.584000,97.284390,100,106,206,15.67997,8.11282,4512,96897308,402970831,-1,2128624
151.733298,151.684200,97.363730,100,106,206,15.67997,8.61388,4168,97400577,401645197,-1,2346310
151.831965,151.784500,98.666310,100,106,206,15.67997,9.11499,4128,98882577,401630321,-1,2394262
151.933985,151.868000,102.019900,100,106,206,15.67997,9.53260,4128,100474077,401634289,-1,2490186
152.032777,151.984900,98.792770,100,106,206,15.67997,10.11712,4288,99630230,401651065,-1,2770640
152.135529,152.068400,102.751800,100,106,206,15.67997,10.53463,9462,102825230,401577362,-1,2815688
152.240045,152.185300,104.515500,100,106,206,15.67997,11.11904,4168,104197616,400254515,-1,2763290
152.342652,152.285500,102.607500,100,106,206,15.67997,11.62002,4128,102354615,400220521,-1,2781724
152.445624,152.385600,102.971500,100,106,206,15.67997,12.12092,4168,102959346,400213921,-1,2781704
152.547259,152.485800,101.635200,100,106,206,15.67997,12.62172,4248,102374384,400231577,-1,2800152
152.650320,152.586000,103.060800,99,107,206,15.67997,13.12274,8632,103002115,400170973,-1,2823060
152.754089,152.702900,103.769500,100,107,207,15.67997,13.70712,6830,102999231,399739114,-1,2807564
152.854547,152.803100,100.457900,100,107,207,15.67997,14.20801,4128,101431077,399701351,-1,2962536
152.962511,152.903200,107.964200,100,107,207,15.67997,14.70886,4088,106344154,400496720,-1,2851810
153.062719,153.003400,100.208000,100,107,207,15.67997,15.20976,5350,101458000,401286359,-1,3006796
153.166404,153.103600,103.685100,100,107,207,15.67997,15.20976,4088,104188462,401307575,-1,2905314
153.269134,153.203800,102.730000,100,107,207,15.67997,15.20976,4168,103145384,401308360,-1,3052922
153.393334,153.320700,124.199800,100,107,207,15.67997,15.20976,4128,123811653,401301101,-1,3078754
153.561890,153.437500,168.555500,100,107,207,15.67997,15.20976,4288,168737923,401328532,-1,3141468
153.723814,153.604500,161.924400,100,107,207,15.67997,15.20976,4152,161779423,401344195,-1,3120096
153.890738,153.771400,166.923500,100,107,207,15.67997,15.20976,8244,167062884,401371628,-1,3112728
154.056440,153.938400,165.701900,100,107,207,15.67997,15.20976,4248,165304884,401390886,-1,3311242
154.161318,154.105300,104.878800,99,108,207,15.67997,15.20976,9470,104905962,401421487,-1,3312010
154.270850,154.205500,109.531400,99,108,207,15.67997,15.20976,5694,109469461,401301638,-1,3386912
154.378881,154.322400,108.031100,100,108,208,15.67997,15.20976,5648,108148962,400885775,-1,3348164
154.486738,154.422500,107.857700,100,108,208,15.67997,15.20976,4088,107514154,400880364,-1,3340786
154.596494,154.539400,109.756000,100,108,208,15.67997,15.20976,4248,109401385,400907956,-1,3303864
154.702545,154.639700,106.050200,100,108,208,15.67997,15.20976,4112,106253884,400921547,-1,3297254
154.811176,154.739900,108.630900,99,109,208,15.67997,15.20976,8184,108785615,400937841,-1,3323096
154.919982,154.856800,108.806100,100,109,209,15.67997,15.20976,6830,108517730,401036866,-1,3421968
155.030936,154.957000,110.954700,100,109,209,15.67997,15.20976,4128,110711500,401362434,-1,3495758
155.145181,155.073900,114.244500,100,109,209,15.67997,15.20976,5430,114532462,401392434,-1,3547422
155.259092,155.190800,113.911000,100,109,209,15.67997,15.20976,4152,113304730,401408255,-1,3562952
155.375632,155.307700,116.540500,99,110,209,15.67997,15.20976,8144,116957846,401429076,-1,3579570
155.487148,155.424700,111.516000,100,110,210,15.67997,15.20976,6870,111057731,401530901,-1,3482882
155.600272,155.524900,113.123800,100,110,210,15.67997,15.20976,4088,113349539,401507346,-1,3630476
155.714254,155.641800,113.981600,100,110,210,15.67997,15.20976,4248,114038731,401532571,-1,3582484
155.831122,155.758700,116.868400,100,110,210,15.67997,15.20976,8200,116471846,401471257,-1,3487308
155.944549,155.875600,113.427100,100,110,210,15.67997,15.20976,4128,113224423,401127746,-1,3523476
156.057673,155.992500,113.124200,100,110,210,15.67997,15.20976,4128,113537115,401100535,-1,3442280
156.170832,156.109400,113.158100,100,110,210,15.67997,15.20976,5390,113180846,401113102,-1,3431190
156.288142,156.209600,117.310400,100,110,210,15.17902,15.20976,4248,115871538,401151782,-1,3519756
156.401817,156.326400,113.675500,99,111,210,14.59455,15.20976,11928,113708730,401559584,-1,3745628
156.531891,156.443300,130.073500,99,111,210,14.01021,15.20976,9634,129834000,402250579,-1,3896214
156.657319,156.576800,125.428300,100,111,211,13.34256,15.20976,5648,124545462,402165597,-1,3951556
156.783676,156.693700,126.356700,100,111,211,12.75840,15.20976,7768,127502692,402182893,-1,4017982
156.913330,156.827200,129.653700,100,111,211,12.09065,15.20976,8024,128950307,402556839,-1,3944198
157.038085,156.960800,124.755700,100,111,211,11.42274,15.20976,11880,125420346,402505382,-1,3801070
157.163479,157.077700,125.393300,100,111,211,10.83842,15.20976,5390,124839576,401967659,-1,3665664
157.285958,157.211200,122.479000,100,111,211,10.17058,15.20976,4128,122920923,402731452,-1,3591806
157.405898,157.328100,119.940700,100,111,211,9.58627,15.20976,4288,119769539,402750673,-1,3370374
157.522277,157.445000,116.378600,100,111,211,9.00202,15.20976,7856,116524039,402771158,-1,3142352
157.640076,157.561900,117.799500,100,111,211,8.41746,15.20976,4168,116311576,402740212,-1,2966312
157.750322,157.678700,110.246000,100,111,211,7.83316,15.20976,4128,111428846,402694499,-1,2757782
157.859458,157.795600,109.136100,100,111,211,7.24872,15.20976,4168,109012539,402688567,-1,2597218
157.966604,157.895800,107.145600,100,111,211,6.74777,15.20976,4248,106697307,403045536,-1,2423778
158.069546,158.012700,102.941800,100,111,211,6.16344,15.20976,9502,102791808,402982571,-1,2315686
158.169820,158.112900,100.273800,100,111,211,5.66239,15.20976,4128,100729846,401829052,-1,2226386
158.269871,158.213100,100.051700,100,111,211,5.16145,15.20976,4168,99988192,401793851,-1,2076918
158.367190,158.313300,97.318500,100,111,211,4.66048,15.20976,4128,96957654,401793471,-1,1929290
158.461978,158.413500,94.788460,100,111,211,4.15958,15.20976,4288,94837730,401809480,-1,1890542
158.556815,158.513600,94.836460,100,111,211,3.65858,15.20976,7856,94829039,402177268,-1,1789828
158.649857,158.597200,93.042190,100,111,211,3.24102,15.20976,4128,92177269,402494441,-1,1678388
158.739712,158.697400,89.854690,100,111,211,2.73996,15.20976,4168,90826154,402464023,-1,1567668
158.828595,158.780900,88.883960,100,111,211,2.32240,15.20976,4128,88683808,402461627,-1,1554732
158.917719,158.881100,89.123120,100,111,211,1.82126,15.20976,4128,89327039,402461195,-1,1503068
159.005202,158.964600,87.483770,100,111,211,1.40374,15.20976,4288,87456923,402489452,-1,1464320
159.092660,159.048100,87.458080,100,111,211,0.98621,15.20976,9078,87005731,402532539,-1,1452172
159.206522,159.131600,113.862000,100,111,211,0.98621,15.20976,4128,114916270,402524280,-1,1425606
159.343375,159.248500,136.852300,100,111,211,0.98621,15.20976,4168,136895462,402512773,-1,1425592
159.452731,159.365400,109.356500,100,111,211,0.98621,15.20976,4128,109184500,402499295,-1,1425572
159.584551,159.499000,131.820300,100,111,211,0.98621,15.20976,4288,131904731,402530468,-1,1464320
159.712884,159.632600,128.333000,99,112,211,0.98621,15.20976,8208,127806500,402290224,-1,1478004
159.839965,159.766100,127.081000,100,112,212,0.98621,15.20976,6870,127177769,402525092,-1,1490186
159.957293,159.883000,117.327500,100,112,212,0.98621,15.20976,4088,117417230,402837539,-1,1521518
160.045813,159.999800,88.520500,100,112,212,0.98621,15.20976,4248,88416423,402860501,-1,1541816
160.134516,160.083300,88.702610,100,112,212,0.98621,15.20976,5334,88521038,402867995,-1,1555500
160.222990,160.183400,88.473500,99,113,212,0.98621,15.20976,8184,88577424,402882801,-1,1568426
160.312549,160.266900,89.559540,99,113,212,0.98621,15.20976,5350,89250423,402874955,-1,1580598
160.402171,160.350400,89.621930,99,113,212,0.98621,15.20976,4088,89780308,402849207,-1,1606416
160.493160,160.450600,90.989000,100,113,213,0.98621,15.20976,5608,90911500,403391308,-1,1619312
160.583247,160.534200,90.086500,100,113,213,0.98621,15.20976,4248,90006923,403750039,-1,1674664
160.674454,160.634400,91.207340,100,113,213,0.98621,15.20976,4112,91062885,403758722,-1,1695730
160.766778,160.718000,92.324040,100,113,213,0.98621,15.20976,7792,92122346,403772889,-1,1721572
160.858293,160.818300,91.514960,100,113,213,0.98621,15.20976,4128,91647461,403769759,-1,1746660
160.950562,160.901800,92.268960,100,113,213,0.98621,15.20976,4128,92309923,403739703,-1,1772478
161.045893,161.002100,95.331310,100,113,213,0.98621,15.20976,5350,95304154,403741334,-1,1785374
161.140299,161.085700,94.406110,100,113,213,0.98621,15.20976,4288,94191154,403767335,-1,1798290
161.235054,161.186000,94.754880,99,114,213,0.98621,15.20976,8208,94626423,403808281,-1,1799058
161.329277,161.286300,94.222730,99,114,213,0.98621,15.20976,5734,94188731,403686253,-1,1837072
161.424619,161.369800,95.342610,99,114,213,0.98621,15.20976,4088,95443654,403332046,-1,1811226
161.519315,161.470100,94.695810,99,114,213,0.98621,15.20976,4088,94594654,403324083,-1,1837058
161.615166,161.570300,95.850540,100,114,214,0.98621,15.20976,5648,95840077,403422971,-1,1849954
161.712092,161.653800,96.926350,100,114,214,0.98621,15.20976,4208,96592731,403787758,-1,1875786
161.810720,161.754000,98.628190,100,114,214,0.98621,15.20976,7816,98421808,403815085,-1,1915302
161.908223,161.854200,97.502500,100,114,214,0.98621,15.20976,4512,97431577,403703957,-1,1940400
162.006938,161.954400,98.715500,100,114,214,0.98621,15.20976,4088,99057808,403344694,-1,1940386
162.104749,162.054600,97.810810,100,114,214,0.98621,15.20976,5390,97760231,403339769,-1,1953282
162.204997,162.154800,100.247600,100,114,214,0.98621,14.70864,7928,99175231,403388133,-1,1953282
162.304332,162.255100,99.335110,99,115,214,0.98621,14.20740,11928,98582769,403771561,-1,2018650
162.406934,162.355300,102.602600,99,115,214,0.98621,13.70613,5310,102737308,403748958,-1,1982880
162.506388,162.455600,99.453190,99,115,214,0.98621,13.20491,7808,99813385,403737185,-1,2021614
162.608007,162.555800,101.619800,99,115,214,0.98621,12.70358,7768,101374962,403753949,-1,2047446
162.707481,162.656100,99.473810,100,115,215,0.98621,12.20226,5768,99687308,403870397,-1,2099130
162.811676,162.756300,104.194700,100,115,215,0.98621,11.70108,7816,103485693,403902096,-1,2112814
162.913089,162.856600,101.412700,100,115,215,0.98621,11.19992,8192,101193538,403795085,-1,2124996
163.016049,162.956800,102.960200,100,115,215,0.98621,10.69868,7768,103547731,403434029,-1,2112066
163.117704,163.057100,101.655100,100,115,215,0.98621,10.19733,5350,101634730,403440185,-1,2150794
163.220525,163.157300,102.820900,100,115,215,0.98621,9.69604,4248,102834923,403453714,-1,2202458
163.324092,163.257600,103.567100,100,115,215,0.98621,9.19484,7896,103062500,403473872,-1,2216122
163.431232,163.374500,107.140500,100,115,215,0.98621,8.61007,4128,106896077,403464593,-1,2215368
163.534174,163.474800,102.941100,100,115,215,0.98621,8.10882,4168,103378500,403434559,-1,2279934
163.641460,163.575000,107.286300,100,115,215,0.98621,7.60753,4128,107170308,403422788,-1,2305746
163.746229,163.692000,104.768900,100,115,215,0.98621,7.02272,4288,104657000,403438065,-1,2292810
163.852192,163.792200,105.963000,100,115,215,0.98621,6.52151,7856,105596961,403474354,-1,2319390
163.957844,163.892500,105.651800,100,115,215,0.98621,6.02039,4552,105102423,403362522,-1,2331572
164.065551,164.009400,107.707500,100,115,215,0.98621,5.43552,5350,108432384,402997617,-1,2331558
164.170647,164.109700,105.095700,100,115,215,0.98621,4.93418,4168,105074115,402999405,-1,2344454
164.279289,164.210000,108.642300,100,115,215,0.98621,4.43291,4248,108317192,403023475,-1,2357370
164.386531,164.326900,107.242300,99,116,215,0.98621,3.84814,8248,106942692,403058155,-1,2383970
164.492101,164.427200,105.569300,99,116,215,0.98621,3.34676,5310,105790192,403038991,-1,2370320
164.599916,164.544200,107.815800,99,116,215,0.98621,2.76187,4128,107714307,403174118,-1,2396138
164.705460,164.644500,105.544000,99,116,215,0.98621,2.26039,4088,105419731,403173451,-1,2375820
164.812561,164.744700,107.100400,100,116,216,0.98621,1.75910,5648,107035193,403267372,-1,2375820
164.919358,164.861700,106.796800,100,116,216,0.98621,1.17439,4088,106943346,403610728,-1,2388736
165.025715,164.962000,106.357800,100,116,216,0.98621,0.67292,4128,106500808,403465959,-1,2427484
165.147261,165.062200,121.545600,100,116,216,0.98621,0.17182,5310,121784577,403596175,-1,2440400
165.315231,165.195800,167.970200,100,116,216,0.98621,0.17182,4128,168567039,403600034,-1,2440380
165.476932,165.362800,161.700500,100,116,216,0.98621,0.17182,4128,161647653,403602381,-1,2453296
165.643106,165.529800,166.174300,100,116,216,0.98621,0.17182,4168,166140692,403599125,-1,2453296
165.810735,165.696800,167.629000,100,116,216,0.98621,0.17182,4128,167365923,403596131,-1,2466212
165.995897,165.863800,185.162100,100,116,216,0.98621,0.17182,4168,185034385,403597699,-1,2466212
166.106601,166.047600,110.704100,100,116,216,0.98621,0.17182,5734,110803692,403496518,-1,2479128
166.214047,166.147900,107.446000,100,116,216,0.98621,0.17182,4288,107171961,402390598,-1,2453296
166.321595,166.264800,107.548300,100,116,216,0.98621,0.17182,4152,107509615,402395752,-1,2454064
166.430541,166.365100,108.945300,100,116,216,0.98621,0.17182,4168,109026346,402378821,-1,2459608
166.538870,166.482100,108.329600,100,116,216,0.98621,0.17182,8204,108393269,402398458,-1,2459608
166.647391,166.582300,108.520700,100,116,216,0.98621,0.17182,4168,108333923,402396970,-1,2473628
166.755927,166.699300,108.535500,100,116,216,0.98621,0.17182,4248,108490692,402404549,-1,2460698
166.865353,166.799500,109.426500,100,116,216,0.98621,0.17182,4192,109151654,402412092,-1,2474382
166.974031,166.916400,108.678100,99,117,216,0.98621,0.17182,8184,108895807,402427813,-1,2487308
167.084131,167.016600,110.099900,99,117,216,0.98621,0.17182,5350,109725884,402418517,-1,2486564
167.193246,167.133500,109.115000,99,117,216,0.98621,0.17182,4088,109039885,402400916,-1,2486550
167.302509,167.233700,109.262500,99,117,216,0.98621,0.17182,4248,109396077,402412809,-1,2486550
167.412999,167.350600,110.490700,99,117,216,0.98621,0.17182,7816,109840653,402444741,-1,2487298
167.522319,167.450700,109.319700,100,117,217,0.98621,0.17182,5648,109493154,402860203,-1,2499480
167.631116,167.567500,108.796600,100,117,217,0.98621,0.17182,4088,108952962,403171254,-1,2525298
167.742989,167.684400,111.873700,100,117,217,0.98621,0.17182,4128,111988961,403161173,-1,2538214
167.853900,167.784500,110.911100,100,117,217,0.98621,0.17182,4208,110807423,403185618,-1,2538194
167.964727,167.901300,110.826200,99,118,217,0.98621,0.17182,8208,110539038,403221079,-1,2564794
168.075888,168.001400,111.161300,100,118,218,0.98621,0.17182,6830,111156884,403294331,-1,2551144
168.190190,168.118300,114.301700,100,118,218,1.57040,0.17182,4128,112768038,403273683,-1,2551130
168.301790,168.235200,111.600500,100,118,218,2.15491,0.17182,4088,111218384,403275172,-1,2615690
168.416897,168.352000,115.107300,100,118,218,2.73921,0.17182,4248,115667500,403292757,-1,2615690
168.531022,168.468900,114.124600,99,119,218,3.32358,0.17182,11848,114162346,403345113,-1,2629374
168.649096,168.569100,118.073800,100,119,219,3.82455,0.17182,7254,117640192,403486377,-1,2628660
168.763433,168.686000,114.336900,100,119,219,4.40911,0.17182,8028,114682269,402669418,-1,2608348
168.877435,168.802900,114.001900,100,119,219,4.99379,0.17182,4128,113638654,402666710,-1,2564066
168.990780,168.919900,113.345700,100,119,219,5.57860,0.17182,4208,113206000,402680056,-1,2538234
169.103948,169.036800,113.167800,99,120,219,6.16325,0.17182,13206,113037154,402727638,-1,2435674
169.214354,169.153800,110.406300,100,120,220,6.74809,0.17182,6830,110581385,402778050,-1,2331632
169.324010,169.254100,109.655900,100,120,220,7.24936,0.17182,4128,109511808,403081963,-1,2254082
169.428810,169.371000,104.799800,100,120,220,7.83421,0.17182,4088,104426077,403061606,-1,2176586
169.533255,169.471300,104.445000,100,120,220,8.33577,0.17182,4248,103608461,403071468,-1,1995742
169.632540,169.571600,99.284920,100,120,220,8.83713,0.17182,8200,100287269,402994332,-1,1867350
169.729897,169.671900,97.356690,100,120,220,9.33865,0.17182,4168,97653076,401836973,-1,1763288
169.826213,169.772200,96.316040,100,120,220,9.84014,0.17182,4128,96018847,401765030,-1,1634114
169.918579,169.872500,92.365920,100,120,220,10.34155,0.17182,4168,92262962,401756063,-1,1530746
170.009696,169.956100,91.116880,100,120,220,10.75932,0.17182,4128,90616769,401745679,-1,1362838
170.097609,170.056300,87.913500,100,120,220,11.26064,0.17182,5470,87024577,401762908,-1,1285342
170.182921,170.139900,85.311920,100,120,220,11.67856,0.17182,4576,86147192,401657703,-1,1105286
170.266652,170.223400,83.731190,100,120,220,12.09626,0.17182,7832,83867038,400364675,-1,1027800
170.348080,170.307000,81.427420,100,120,220,12.51405,0.17182,4128,80835077,400347368,-1,949560
170.429133,170.390500,81.053700,100,120,220,12.93176,0.17182,4168,81543308,400304010,-1,820366
170.506812,170.474100,77.678810,100,120,220,13.34944,0.17182,4128,78053615,400284152,-1,717038
170.582447,170.557600,75.635190,100,120,220,13.76727,0.17182,4248,75566692,400304614,-1,665374
170.657084,170.624500,74.636690,100,120,220,14.10141,0.17182,4576,74569462,400209675,-1,562814
170.730609,170.708000,73.524890,100,120,220,14.51906,0.17182,4128,73070423,398909923,-1,433666
170.801377,170.774800,70.767880,100,120,220,14.85315,0.17182,7832,71144346,398909184,-1,382002
170.871311,170.841600,69.933810,100,120,220,15.18716,0.17182,4168,69861154,398907536,-1,329592
170.941518,170.908400,70.207890,100,120,220,15.52125,0.17182,4128,69775654,398907386,-1,303760
171.011229,170.991900,69.710080,100,120,220,15.93875,0.17182,4128,69683346,398878684,-1,226250
171.080274,171.058700,69.045730,100,120,220,16.27269,0.17182,5510,69010846,398899245,-1,174566
171.148004,171.125500,67.730000,100,120,220,16.27269,0.17182,4152,68390269,398910738,-1,175334
171.223107,171.192300,75.103030,100,120,220,16.27269,0.17182,7832,75018077,398935852,-1,175346
171.300365,171.275800,77.257500,100,120,220,16.27269,0.17182,4168,77294153,399709777,-1,174600
171.381792,171.342600,81.427350,100,120,220,16.27269,0.17182,4128,81307230,399704031,-1,222572
171.466427,171.426100,84.634350,100,120,220,16.27269,0.17182,4128,84863923,399686956,-1,174586
171.549710,171.509600,83.283500,100,120,220,16.27269,0.17182,4168,83055384,399676359,-1,200418
171.630313,171.593000,80.602690,100,120,220,16.27269,0.17182,4248,80471808,399703929,-1,252062
171.709926,171.676500,79.613540,99,121,220,16.27269,0.17182,8208,79247692,399743569,-1,252830
171.791249,171.760000,81.322920,99,121,220,16.27269,0.17182,5350,81447500,399724901,-1,303760
171.869292,171.843400,78.042380,100,121,221,16.27269,0.17182,5608,78184115,399823126,-1,303746
171.939069,171.910200,69.777420,100,121,221,16.27269,0.17182,4088,69756731,399798115,-1,303746
172.010228,171.977000,71.159190,100,121,221,16.27269,0.17182,4128,71053500,399789015,-1,303746
172.079456,172.060500,69.227960,100,121,221,16.27269,0.17182,5310,69205846,399788998,-1,381222
172.150359,172.127300,70.902810,100,121,221,16.27269,0.17182,4208,70857923,399810122,-1,355390
172.221488,172.194200,71.129390,100,121,221,16.27269,0.17182,4152,71044038,399815876,-1,381990
172.293012,172.261000,71.523270,100,121,221,16.27269,0.17182,4128,71319846,399816128,-1,382002
172.364392,172.344500,71.380770,100,121,221,16.27269,0.17182,7832,71405500,399818137,-1,433666
172.436737,172.411300,72.344190,100,121,221,16.27269,0.17182,4168,72082731,399809593,-1,458752
172.508191,172.478200,71.454190,100,121,221,16.27269,0.17182,4128,71378500,399810155,-1,536228
172.580871,172.561700,72.680380,100,121,221,16.27269,0.17182,4128,72837962,399792700,-1,562046
172.654066,172.628600,73.195300,100,121,221,16.27269,0.17182,4288,73144385,399818420,-1,562046
172.728173,172.695400,74.106350,100,121,221,16.27269,0.17182,4152,73944885,399824401,-1,588646
172.802479,172.778900,74.306040,99,122,221,16.27269,0.17182,8184,74188154,399855652,-1,614490
172.877181,172.845700,74.702230,100,122,222,16.27269,0.17182,6870,74756808,399923748,-1,665408
172.952477,172.929200,75.295770,100,122,222,16.27269,0.17182,4088,75066846,399948069,-1,665408
173.027036,172.996000,74.559650,100,122,222,16.27269,0.17182,4088,74658692,399906608,-1,691226
173.103547,173.079500,76.510770,100,122,222,16.27269,0.17182,5350,76480846,399897494,-1,691226
173.180417,173.146400,76.869580,100,122,222,16.27269,0.17182,4208,76715538,399922824,-1,742870
173.257203,173.229900,76.786230,100,122,222,16.27269,0.17182,4112,76676692,399932384,-1,743638
173.334830,173.296700,77.626580,99,123,222,16.27269,0.17182,8608,77669039,399853632,-1,769480
173.413751,173.380200,78.921230,100,123,223,16.27269,0.17182,6830,78880539,398858622,-1,768736
173.491338,173.463800,77.587150,100,123,223,16.27269,0.17182,4088,77181193,399194672,-1,851766
173.569641,173.530600,78.303120,100,123,223,16.27269,0.17182,4128,78571192,399175518,-1,884966
173.649389,173.614200,79.747540,100,123,223,16.27269,0.17182,4088,79680462,399181118,-1,936610
173.729370,173.697700,79.981460,100,123,223,16.27269,0.17182,4208,79767269,399212658,-1,988274
173.810361,173.781200,80.991350,100,123,223,16.27269,0.17182,4152,80891077,399219601,-1,989042
173.890954,173.848100,80.592730,99,124,223,16.27269,0.17182,8184,80423115,399247631,-1,1040716
173.973542,173.931600,82.588230,100,124,224,16.27269,0.17182,6830,82519577,399352070,-1,1065804
174.055184,174.015100,81.641690,100,124,224,16.27269,0.17182,5350,81262885,399344591,-1,1117468
174.140085,174.098500,84.900500,100,124,224,16.27269,0.58923,4088,83288923,399321517,-1,1117454
174.222999,174.182000,82.914540,100,124,224,16.27269,1.00674,4088,83477154,399361172,-1,1143266
174.306294,174.265500,83.295070,100,124,224,16.27269,1.42427,4248,82959962,399390206,-1,1143266
174.390983,174.349000,84.688310,100,124,224,16.27269,1.84173,7816,84786923,399423526,-1,1144034
174.474578,174.432500,83.595770,100,124,224,16.27269,2.25906,8192,83564192,399326030,-1,1194964
174.559505,174.516000,84.926960,100,124,224,16.27269,2.67643,4168,83817615,398823158,-1,1194970
174.644282,174.599500,84.776700,100,124,224,16.27269,3.09389,7808,85517885,398818118,-1,1194970
174.729582,174.682900,85.300270,100,124,224,16.27269,3.51125,4128,85016423,398822646,-1,1246634
174.815288,174.766400,85.705460,100,124,224,16.27269,3.92872,4288,85306923,398846110,-1,1246634
174.900959,174.866600,85.671230,100,124,224,16.27269,4.42964,7856,85858731,398886457,-1,1221570
174.988512,174.950100,87.552960,100,124,224,16.27269,4.84713,8192,87203885,398797706,-1,1294640
175.075923,175.033600,87.411310,100,124,224,16.27269,5.26471,5390,87715539,397483571,-1,1342618
175.161270,175.117100,85.347270,100,124,224,16.27269,5.68225,4128,85187769,397475539,-1,1442254
175.249538,175.200700,88.267690,100,124,224,16.27269,6.09981,4128,87421577,397469827,-1,1486514
175.338870,175.300900,89.331500,100,124,224,16.27269,6.60100,4288,89727115,397496139,-1,1534466
175.427655,175.384400,88.785500,100,124,224,16.27269,7.01862,7856,89086846,397527162,-1,1657010
175.519527,175.468000,91.872310,100,124,224,16.27269,7.43633,4512,91681730,397414137,-1,1730060
175.610921,175.568200,91.393190,100,124,224,16.27269,7.93764,4168,91102885,396109201,-1,1803850
175.702212,175.651700,91.291690,100,124,224,16.27269,8.35520,4128,92098154,396092929,-1,2047382
175.797651,175.752000,95.438230,100,124,224,16.27269,8.85628,4128,93995000,396088141,-1,1995718
175.893364,175.835500,95.713070,100,124,224,16.27269,9.27387,4288,96590385,396118823,-1,2224488
175.988841,175.935700,95.477730,100,124,224,16.27269,9.77492,7856,95373731,396151691,-1,2383934
176.087008,176.035800,98.166920,100,124,224,16.27269,10.27576,5390,98421307,396140027,-1,2442242
176.185421,176.136000,98.412350,100,124,224,16.27269,10.77666,4128,97916962,396904252,-1,2611976
176.285984,176.236200,100.563600,100,124,224,16.27269,11.27756,4168,100796077,396907149,-1,2645166
176.386146,176.336400,100.161600,100,124,224,16.27269,11.77839,4248,99255577,396932051,-1,2704208
176.485822,176.436600,99.676460,100,124,224,16.27269,12.27943,4192,99775615,396936450,-1,2712354
176.586139,176.536800,100.316800,99,125,224,16.27269,12.78030,8184,100221884,397753054,-1,2660700
176.685812,176.636900,99.673120,99,125,224,16.27269,13.28123,5350,98943616,397737943,-1,2718998
176.785373,176.737100,99.560500,99,125,224,16.27269,13.78217,4088,99759653,397722788,-1,2741104
176.883665,176.820600,98.292690,99,125,224,16.27269,14.19973,4088,98916192,397726125,-1,2789076
176.981342,176.920900,97.676850,99,125,224,16.27269,14.70083,4128,98475462,399329237,-1,2785384
177.099888,177.021100,118.546000,99,125,224,16.27269,15.20193,5310,118331231,399333884,-1,2770622
177.275462,177.138000,175.573700,100,125,225,16.27269,15.20193,5648,176281000,399945924,-1,2696818
177.466617,177.321600,191.154900,100,125,225,16.27269,15.20193,4088,190902346,400277438,-1,2838890
177.622940,177.505300,156.323400,100,125,225,16.27269,15.20193,4128,156172846,400283183,-1,2872084
177.763492,177.672400,140.552200,100,125,225,16.27269,15.20193,4088,140139923,400293367,-1,3104566
177.868275,177.806000,104.782900,100,125,225,16.27269,15.20193,4288,104976115,400324399,-1,3193132
177.981060,177.906300,112.785100,100,125,225,16.27269,15.20193,4152,112085000,400344861,-1,3293536
178.086051,178.023300,104.990900,100,125,225,16.27269,15.20193,9466,105651923,400353906,-1,3420860
178.195663,178.123500,109.611700,100,125,225,16.27269,15.20193,4128,109031731,401152691,-1,3383214
178.305659,178.240400,109.995700,100,125,225,16.27269,15.20193,4552,110366231,401044532,-1,3420102
178.415395,178.357400,109.736300,100,125,225,16.27269,15.20193,4248,109361577,399942178,-1,3276186
178.521376,178.457600,105.980800,100,125,225,16.27269,15.20193,4192,105711346,399952785,-1,3387660
178.630440,178.557900,109.064000,99,126,225,16.27269,15.20193,8184,109177693,399975700,-1,3302796
178.738570,178.674800,108.130100,99,126,225,16.27269,15.20193,5350,107851154,399972013,-1,3379548
178.849524,178.775000,110.953900,100,126,226,16.27269,15.20193,5608,111235885,400057864,-1,3346324
178.957044,178.892000,107.520300,100,126,226,16.27269,15.20193,4248,107323500,400890025,-1,3383206
179.073209,179.009000,116.164800,100,126,226,16.27269,15.20193,9038,115655115,400943346,-1,3568484
179.181900,179.109300,108.691500,100,126,226,16.27269,15.20193,4176,108772462,399526839,-1,3682148
179.297625,179.226300,115.724800,100,126,226,16.27269,15.20193,4088,116070077,399505625,-1,3682134
179.418493,179.343200,120.867500,100,126,226,16.27269,15.20193,4168,118407616,399497356,-1,3685826
179.533716,179.460200,115.223200,100,126,226,16.27269,15.20193,4248,113922846,399506606,-1,3493918
179.642111,179.577100,108.395500,99,127,226,16.27269,15.20193,8248,111843038,399553986,-1,3509448
179.754767,179.694100,112.656000,99,127,226,16.27269,15.20193,5310,112619846,399520062,-1,3545616
179.869204,179.794400,114.436100,99,127,226,16.27269,15.20193,4128,114273116,399499398,-1,3619386
179.985328,179.911400,116.124200,100,127,227,16.27269,15.20193,5608,115774962,400033193,-1,3549274
