wall_seconds,game_seconds,frame_ms,active_enemies,kills,spawned,player_x,player_z,gc_bytes,main_thread_ns,total_used_memory_bytes,draw_calls,triangles
0.342016,0.000000,342.015900,0,0,0,0.49006,0.00050,48204,0,282437157,-1,45442
0.425181,0.333328,83.165150,2,0,2,2.15673,0.00050,5918,82064269,284122322,-1,45354
0.434288,0.416550,9.106500,2,0,2,2.57281,0.00050,128,9545193,284178469,-1,82270
0.545783,0.433258,111.495200,2,0,2,2.65633,0.00050,128,111610038,284014335,-1,82270
0.613036,0.550186,67.253150,2,0,2,3.24097,0.00050,248,67243000,274027667,-1,82270
0.675561,0.617035,62.525230,2,0,2,3.57519,0.00050,208,62520808,274022987,-1,82270
0.739960,0.667114,64.399230,2,0,2,3.82556,0.00050,208,64315884,274021259,-1,82270
0.803772,0.733902,63.811230,2,0,2,4.15952,0.00050,208,63456577,274023171,-1,82270
0.884516,0.800705,80.744270,2,0,2,4.49353,0.00050,248,79903077,274020883,-1,82270
0.955138,0.884186,70.622500,3,0,3,4.91097,0.00050,1728,71347000,274931352,-1,82270
1.027653,0.950989,72.514460,3,0,3,5.24497,0.00050,208,72283654,274924685,-1,156074
1.105885,1.017792,78.232150,3,0,3,5.57895,0.00050,1470,78132615,275056948,-1,156074
1.185527,1.101288,79.641850,3,0,3,5.99642,0.00050,208,79871538,275056420,-1,156074
1.259643,1.184799,74.116350,3,0,3,6.41395,0.00050,208,74140500,274925113,-1,156074
1.338174,1.251587,78.531390,3,0,3,6.74791,0.00050,248,77745038,274925657,-1,156074
1.413344,1.335098,75.169300,3,0,3,7.16544,0.00050,248,74783462,274925981,-1,156074
1.491279,1.401886,77.935120,4,0,4,7.49940,0.00050,1768,78334769,275855335,-1,156074
1.562879,1.485306,71.599730,4,0,4,7.91652,0.00050,288,71188654,275856375,-1,192976
1.636281,1.552109,73.402230,4,0,4,8.25055,0.00050,248,73562808,275857067,-1,192976
1.710753,1.635620,74.472380,4,0,4,8.66807,0.00050,248,74654038,275856891,-1,192976
1.774934,1.702423,64.180460,4,0,4,9.00209,0.00050,288,64231538,275860987,-1,192976
1.839403,1.769272,64.469000,4,0,4,9.33633,0.00050,248,64341654,275860575,-1,192976
1.903802,1.836105,64.399420,4,0,4,9.67047,0.00050,288,64161077,275860767,-1,156074
1.968331,1.902969,64.528470,5,0,5,10.00476,0.00050,1944,64540961,276750821,-1,156074
2.031724,1.969803,63.392960,5,0,5,10.33894,0.00050,288,63136269,276749093,-1,192976
2.095869,2.036667,64.145270,5,0,5,10.67329,0.00050,1510,64332423,276888624,-1,192976
2.158875,2.086792,63.005920,5,0,5,10.92388,0.00050,288,63010577,276888484,-1,119172
2.222858,2.153595,63.983580,5,0,5,11.25793,0.00050,328,63809231,276757309,-1,119172
2.286596,2.220398,63.737540,5,0,5,11.59194,0.00050,288,63731038,276757309,-1,119172
2.350282,2.287216,63.686610,5,0,5,11.92601,0.00050,288,63372538,276756057,-1,119172
2.413678,2.354050,63.395040,6,0,6,12.26018,0.00050,1888,63342654,277696363,-1,119172
2.477017,2.404144,63.339960,7,0,7,12.51068,0.00050,1848,63110270,278619533,-1,192976
2.540447,2.470932,63.429040,7,0,7,12.84465,0.00050,328,63745885,278618137,-1,266780
2.609001,2.537750,68.554380,7,0,7,13.17876,0.00050,328,68348000,278619041,-1,266780
2.677948,2.604538,68.947230,7,0,7,13.51266,0.00050,368,68505039,278619073,-1,266780
2.742276,2.671341,64.327610,7,0,7,13.84669,0.00050,328,64703000,278619213,-1,266780
2.807442,2.738129,65.165850,7,0,7,14.18061,0.00050,328,64960231,278618885,-1,266780
2.870837,2.804932,63.395610,7,0,7,14.51466,0.00050,408,63786000,278618237,-1,266780
2.935299,2.871735,64.461690,7,0,7,14.84864,0.00050,408,64613500,278619561,-1,266780
3.000620,2.938522,65.320690,8,0,8,15.18260,0.00050,1928,64977846,278722979,-1,266780
3.066767,3.005356,66.147080,8,0,8,15.51678,0.00050,1670,65961423,278854154,-1,266780
3.130604,3.055481,63.837230,8,0,8,15.51678,0.00050,408,64532654,278859426,-1,266780
3.196362,3.122314,65.758230,8,0,8,15.51678,0.00050,408,65559654,278728383,-1,266780
3.259843,3.189117,63.481310,8,0,8,15.51678,0.00050,408,63476731,278728383,-1,266780
3.325051,3.255920,65.207700,8,0,8,15.51678,0.00050,448,65323423,278723403,-1,266780
3.391056,3.322754,66.004770,8,0,8,15.51678,0.00050,408,66045692,278723667,-1,266780
3.456859,3.389557,65.802610,8,0,8,15.51678,0.00050,448,65731616,278723815,-1,266780
3.519896,3.456360,63.037690,9,0,9,15.51678,0.00050,2168,62878153,278822645,-1,266780
3.586144,3.523239,66.247500,9,0,9,15.51678,0.00050,448,66269962,278822101,-1,266780
3.651767,3.590073,65.623540,9,0,9,15.51678,0.00050,448,65405077,278821689,-1,266780
3.715939,3.656906,64.172000,9,0,9,15.51678,0.00050,488,64175385,278822925,-1,266780
3.782283,3.707001,66.343460,9,0,9,15.51678,0.00050,448,66228923,278822645,-1,266780
3.847065,3.773819,64.782000,9,0,9,15.51678,0.00050,448,64513653,278823057,-1,266780
3.912153,3.840637,65.088620,9,0,9,15.51678,0.00050,448,65224038,278823905,-1,266780
3.978825,3.907425,66.672160,9,0,9,15.51678,0.00050,798,66706154,279118636,-1,266780
4.044396,3.974228,65.570660,10,0,10,15.51678,0.00050,2032,65553192,279292424,-1,304450
4.109276,4.041046,64.879390,10,0,10,15.51678,0.00050,1710,64530692,279291834,-1,304462
4.177861,4.107803,68.585730,10,0,10,15.51678,0.00050,14080,68852461,279522245,-1,341364
4.250026,4.174576,72.164270,10,0,10,15.51678,0.00050,488,72141500,279521321,-1,303716
4.315513,4.241348,65.487080,10,0,10,15.51678,0.00050,488,65372115,279394492,-1,340618
4.381945,4.308167,66.431920,10,0,10,15.51678,0.00050,528,66400384,279379467,-1,340604
4.451530,4.375000,69.585730,11,0,11,15.51678,0.00050,2008,69547654,279475977,-1,340604
4.516555,4.441849,65.025150,11,0,11,15.51678,0.00050,648,65046423,279499023,-1,340604
4.581777,4.508652,65.221850,12,0,12,15.51678,0.00050,2112,64947615,280386058,-1,341372
4.657270,4.575439,75.492770,12,0,12,15.51678,0.00050,528,75515154,280381842,-1,378286
4.715771,4.658936,58.500610,11,1,12,15.51678,0.00050,4848,58125538,280405634,-1,378286
4.781729,4.709030,65.958470,11,1,12,15.51678,0.00050,1750,66061961,280401705,-1,340638
4.849134,4.775833,67.405300,11,1,12,15.51678,0.00050,528,67114077,280406851,-1,377540
4.915093,4.842697,65.959080,11,1,12,15.51678,0.00050,528,66100500,280379926,-1,377526
4.981294,4.909500,66.200350,11,1,12,15.51678,0.00050,568,66019808,280379682,-1,377506
5.047605,4.976334,66.311000,11,1,12,15.51678,0.00050,688,66338116,280400640,-1,377506
5.115188,5.043152,67.583580,12,1,13,15.51678,0.00050,3334,67323961,281343298,-1,378274
5.180683,5.109970,65.494420,12,1,13,15.51678,0.00050,608,65272846,281341326,-1,415188
5.248768,5.176788,68.084920,12,1,13,15.51678,0.00050,4272,68333846,281342176,-1,415188
5.315916,5.243607,67.148310,12,1,13,15.51678,0.00050,568,67114192,281344012,-1,377540
5.382715,5.310425,66.798920,12,1,13,15.51678,0.00050,608,66606962,281347846,-1,414442
5.450015,5.377243,67.299610,12,1,13,15.51678,0.00050,568,67288039,281321176,-1,414428
5.516562,5.444061,66.547310,12,1,13,15.51678,0.00050,568,66547923,281322824,-1,414408
5.583895,5.510864,67.332850,12,1,13,15.51678,0.00050,768,67284346,281346578,-1,414408
5.652230,5.577667,68.335110,13,1,14,15.51678,0.00050,2152,67920500,282238501,-1,415176
5.718421,5.644485,66.190770,12,2,14,15.51678,0.00050,4664,66063039,282299353,-1,452090
5.787898,5.711334,69.477420,12,2,14,15.51678,0.00050,1830,69823423,282281677,-1,414442
5.855006,5.778137,67.108000,12,2,14,15.51678,0.00050,568,66887539,282271987,-1,451344
5.922698,5.844940,67.691960,12,2,14,15.51678,0.00050,568,67766307,282254691,-1,451330
5.990335,5.911728,67.637120,12,2,14,15.51678,0.00050,608,67560615,282244842,-1,451330
6.058000,5.995255,67.665340,12,2,14,15.51678,0.00050,568,67595808,282244842,-1,451310
6.125544,6.062057,67.543230,12,2,14,15.51678,0.00050,1830,67235962,282376913,-1,451310
6.193950,6.128906,68.405960,13,2,15,15.51678,0.33471,2168,67468500,282473555,-1,451310
6.260819,6.195709,66.869800,13,2,15,15.51678,0.66869,608,67205462,282348538,-1,451310
6.328837,6.262543,68.018000,13,2,15,15.51678,1.00288,1160,67917731,284351622,-1,451310
6.396940,6.329376,68.102230,13,2,15,15.51678,1.33702,648,68040116,283549866,-1,377506
6.463191,6.396179,66.251390,14,2,16,15.51678,1.67102,2128,66527192,284630188,-1,377506
6.527840,6.462982,64.649080,14,2,16,15.51678,2.00502,608,64700692,284628293,-1,414388
6.595880,6.529816,68.039920,14,2,16,15.51678,2.33916,648,67522500,284629369,-1,414388
6.663963,6.596649,68.082730,14,2,16,15.51678,2.67336,648,68194038,284628937,-1,414388
6.734642,6.663437,70.679000,15,2,17,15.51678,3.00733,2168,70667462,284733079,-1,414388
6.808755,6.730255,74.113340,15,2,17,15.51678,3.34142,688,73806115,284721927,-1,414388
6.891188,6.813751,82.432850,15,2,17,15.51678,3.75892,648,82417961,284721779,-1,414388
6.995352,6.880554,104.163900,15,2,17,15.51678,4.09291,688,103997885,284726835,-1,414388
7.075650,6.997467,80.297650,15,2,17,15.51678,4.67748,848,80233961,284746897,-1,414388
7.156765,7.064285,81.115810,15,2,17,15.51678,5.01155,1934,80961269,284883161,-1,378254
7.237250,7.147812,80.484340,15,2,17,15.51678,5.42920,728,80420885,284884317,-1,378266
7.319303,7.231339,82.053340,16,2,18,15.51678,5.84680,6364,82114346,286768524,-1,378266
7.399204,7.314865,79.901040,16,2,18,15.51678,6.26440,1112,79863962,286683627,-1,377520
7.479985,7.398392,80.780730,16,2,18,15.51678,6.68205,728,80410500,285887344,-1,340604
7.562990,7.481934,83.005070,16,2,18,15.51678,7.09975,768,83560538,285878883,-1,340604
7.630200,7.565475,67.209690,16,2,18,15.51678,7.51744,848,66883346,285896044,-1,340604
7.696280,7.632324,66.080730,16,2,18,15.51678,7.85167,752,66020539,285896433,-1,341372
7.762609,7.699188,66.328270,15,3,18,15.51678,8.18602,4864,65990039,285930413,-1,341384
7.829086,7.766037,66.477500,16,3,19,15.51678,8.52023,3470,66754384,286798835,-1,266834
7.894268,7.832870,65.182080,16,3,19,15.51678,8.85441,728,64531000,288884885,-1,340638
7.960275,7.882996,66.006500,16,3,19,15.51678,9.10500,728,66069846,288867809,-1,340624
8.026612,7.949829,66.336850,16,3,19,15.51678,9.43920,768,65947499,288858268,-1,340624
8.091728,8.016647,65.116200,16,3,19,15.51678,9.77331,1950,65900385,288862427,-1,340604
8.157923,8.083481,66.194850,16,3,19,15.51678,10.10747,728,65851038,288862115,-1,340604
8.224105,8.150284,66.181960,16,3,19,15.51678,10.44152,768,66380346,288866196,-1,340604
8.291057,8.217102,66.952080,16,3,19,15.51678,10.77562,768,66651653,288871588,-1,340604
8.359387,8.283905,68.330850,17,3,20,15.51678,11.10964,2576,67777423,290554270,-1,414408
8.424574,8.350723,65.186920,17,3,20,15.51678,11.44374,808,65100077,290557314,-1,525114
8.497950,8.417542,73.375850,18,3,21,15.51678,11.77786,2288,73617923,291455325,-1,451310
8.565294,8.501068,67.343850,18,3,21,15.51678,12.19550,768,67282769,291433924,-1,562016
8.635651,8.567902,70.356850,18,3,21,15.51678,12.52969,808,70202154,291433685,-1,561996
8.705901,8.634735,70.249690,18,3,21,15.51678,12.86382,768,70512116,291434541,-1,561996
8.774562,8.701553,68.661730,18,3,21,15.51678,13.19791,808,68092808,291433713,-1,561996
8.842069,8.768356,67.506810,18,3,21,15.51678,13.53195,848,67878615,291373740,-1,561996
8.910394,8.835159,68.325270,19,3,22,15.51678,13.86593,2368,68059961,291515058,-1,561996
8.978303,8.901993,67.908880,19,3,22,15.51678,14.20006,848,67946154,291512001,-1,561996
9.047239,8.968811,68.935310,19,3,22,15.51678,14.53415,888,67803192,291511899,-1,561996
9.113995,9.035629,66.756390,19,3,22,15.51678,14.86825,2070,67617615,291515866,-1,561996
9.181236,9.102463,67.240960,19,3,22,15.51678,14.86825,848,67774385,291520970,-1,561996
9.248704,9.185989,67.467610,19,3,22,15.51678,14.86825,888,67703615,291520615,-1,561996
9.317031,9.252808,68.326970,19,3,22,15.51678,14.86825,848,68213346,291520479,-1,561996
9.384932,9.319641,67.901080,19,3,22,15.51678,14.86825,1272,67737923,291427333,-1,561996
9.453702,9.386475,68.770310,20,3,23,15.51678,14.86825,2448,68772308,290720967,-1,525094
9.521408,9.453293,67.705890,20,3,23,15.51678,14.86825,888,67517846,290720971,-1,525094
9.589038,9.520126,67.629810,20,3,23,15.51678,14.86825,888,67618615,290720967,-1,525094
9.655585,9.586929,66.547000,20,3,23,15.51678,14.86825,928,66581038,290720967,-1,488192
9.723069,9.653732,67.483960,20,3,23,15.51678,14.86825,888,67386346,290725175,-1,525094
9.790606,9.720551,67.537080,20,3,23,15.51678,14.86825,888,67503616,290724923,-1,525094
9.859861,9.787369,69.255350,20,3,23,15.51678,14.86825,928,69180538,291522931,-1,525094
9.926212,9.854202,66.351500,20,3,23,15.51678,14.86825,928,66258307,291522195,-1,598898
9.994617,9.921036,68.404430,20,3,23,15.51678,14.86825,928,68138461,291522475,-1,598898
10.063607,9.987885,68.990190,20,3,23,15.51678,14.86825,968,69066731,291526679,-1,598898
10.131957,10.054690,68.349540,20,3,23,15.51678,14.86825,2150,68175000,291526450,-1,598898
10.201131,10.121490,69.174310,20,3,23,15.51678,14.86825,928,68735116,291530754,-1,598898
10.269781,10.205000,68.649930,20,3,23,15.51678,14.86825,1088,68895923,291552521,-1,598898
10.339140,10.271840,69.359500,20,3,23,15.51678,14.86825,952,69367346,291562470,-1,599666
10.407761,10.338650,68.620420,20,3,23,15.51678,14.86825,928,68211846,291562930,-1,599678
10.477238,10.405470,69.477310,20,3,23,15.51678,14.86825,968,69416154,291540871,-1,599678
10.547440,10.472310,70.201690,21,3,24,15.51678,14.86825,6524,70436923,292469444,-1,599678
10.615519,10.539110,68.079420,21,3,24,15.51678,14.86825,928,67861423,292457527,-1,598932
10.684475,10.605930,68.956190,21,3,24,15.51678,14.86825,968,68792462,292456965,-1,635834
10.755645,10.689440,71.170040,21,3,24,15.51678,14.86825,928,71128308,292439576,-1,635820
10.825979,10.756290,70.333660,21,3,24,15.51678,14.86825,1048,70030769,292466242,-1,635820
10.895757,10.823100,69.777540,21,3,24,15.51678,14.86825,992,69907346,292470735,-1,636588
10.965468,10.889920,69.711350,21,3,24,15.51678,14.86825,968,69367000,292471195,-1,636600
11.035033,10.956730,69.564960,20,4,24,15.51678,14.86825,5024,69556769,292500760,-1,636600
11.105155,11.040240,70.122420,20,4,24,15.51678,14.86825,2190,70023115,292631603,-1,598952
11.174960,11.107090,69.805080,20,4,24,15.51678,14.86825,928,69666423,292626597,-1,635854
11.245173,11.173920,70.212430,20,4,24,15.51678,14.86825,928,69848615,292478641,-1,635840
11.314587,11.240750,69.413850,20,4,24,15.51678,14.86825,968,69717538,292468840,-1,635840
11.384865,11.307590,70.278580,20,4,24,15.51678,14.86825,1048,70217692,292493518,-1,635820
11.454959,11.374400,70.094000,20,4,24,15.51678,14.86825,952,69936385,292499843,-1,636588
11.525175,11.457930,70.215880,20,4,24,15.51678,14.86825,968,69932154,292499611,-1,636600
11.595046,11.524750,69.870690,20,4,24,15.51678,14.86825,4632,70139346,292500752,-1,636600
11.665491,11.591540,70.444770,20,4,24,15.51678,14.86825,928,70468846,292509356,-1,598952
11.734494,11.658360,69.003460,20,4,24,15.51678,14.86825,968,68586308,292508794,-1,635854
11.805345,11.725160,70.850430,20,4,24,15.51678,14.86825,928,71112500,292482316,-1,635840
11.875640,11.808690,70.295620,20,4,24,15.51678,14.86825,1048,70075923,292506398,-1,672722
11.945703,11.875520,70.062690,20,4,24,15.51678,14.86825,992,69833846,292519247,-1,673490
12.017928,11.942320,72.225460,19,5,24,15.51678,14.86825,4984,72206846,292552667,-1,673502
12.089123,12.009120,71.194310,19,5,24,15.51678,14.86825,2110,71266307,292661923,-1,635854
12.160389,12.092610,71.266000,19,5,24,15.09935,14.86825,928,70310308,292662325,-1,709658
12.233014,12.159410,72.624920,19,5,24,14.76532,14.86825,888,72983538,294115421,-1,709644
12.303596,12.226200,70.582730,19,5,24,14.43135,14.86825,888,69094346,294115165,-1,857252
12.379107,12.292980,75.510500,19,5,24,14.09739,14.86825,928,76333346,294100776,-1,857252
12.458146,12.376480,79.039270,19,5,24,13.67994,14.86825,1008,79141231,296522974,-1,857232
12.528251,12.459960,70.104730,19,5,24,13.26251,14.86825,912,69585846,296526329,-1,1042510
12.609632,12.526780,81.380960,20,5,25,12.92845,14.86825,6152,81818807,297583922,-1,1005618
12.690103,12.610290,80.470810,20,5,25,12.51091,14.86825,1272,80458384,297493020,-1,1004874
12.779983,12.693820,89.880620,20,5,25,12.09324,14.86825,888,89738846,298296814,-1,1004874
12.880025,12.777330,100.041400,20,5,25,11.67569,14.86825,928,100056154,298265588,-1,1115546
12.985751,12.877530,105.726700,20,5,25,11.17464,14.86825,1008,105861923,298286438,-1,1115546
13.104813,12.977740,119.062200,20,5,25,10.67358,14.86825,952,118626077,298296845,-1,1116314
13.210688,13.094650,105.874500,19,6,25,10.08901,14.86825,6206,105737807,298457895,-1,1116324
13.316076,13.211550,105.387500,19,6,25,9.50452,14.86825,2150,105261346,298449988,-1,1078678
13.421526,13.311750,105.450300,19,6,25,9.00350,14.86825,888,105709577,298292275,-1,1115566
13.519077,13.411970,97.551310,19,6,25,8.50240,14.86825,4728,97248077,298459638,-1,1115546
13.596372,13.512190,77.294690,19,6,25,8.00130,14.86825,6038,77092384,298498636,-1,1116334
13.672401,13.595750,76.028770,19,6,25,7.58353,14.86825,1272,75855962,298266402,-1,1041812
13.750208,13.662570,77.807040,19,6,25,7.24944,14.86825,928,78030039,297457209,-1,1004896
13.828653,13.746120,78.445340,19,6,25,6.83167,14.86825,888,78461461,297457297,-1,1004896
13.907010,13.829650,78.356730,19,6,25,6.41402,14.86825,888,78214308,297446965,-1,1004878
13.983500,13.896510,76.490190,19,6,25,6.07970,14.86825,928,74902269,297451806,-1,1004858
14.056748,13.980040,73.248500,19,6,25,5.66210,14.86825,1008,74487577,297476464,-1,1004858
14.130909,14.046860,74.160460,18,7,25,5.32798,14.86825,6186,74049423,297511102,-1,968724
14.203988,14.130420,73.079080,18,7,25,4.91023,14.86825,2106,73274385,297510064,-1,931090
14.277513,14.197250,73.525000,18,7,25,4.57607,14.86825,848,73272153,297487911,-1,931068
14.351126,14.280790,73.613000,18,7,25,4.15834,14.86825,848,72833154,297456274,-1,931054
14.422685,14.347640,71.558620,18,7,25,3.82410,14.86825,888,72610038,297456402,-1,894132
14.495633,14.414460,72.948270,18,7,25,3.48999,14.86825,848,72618154,297455990,-1,894132
14.568363,14.497990,72.730610,18,7,25,3.07236,14.86825,848,72739769,297459546,-1,894132
14.641256,14.564820,72.892880,19,7,26,2.73818,14.86825,2408,72812462,298347520,-1,820328
14.712603,14.631640,71.346530,19,7,26,2.40411,14.86825,848,71254961,298352304,-1,857230
14.784905,14.715160,72.301960,19,7,26,1.98651,14.86825,1232,72294692,298263322,-1,857230
14.858026,14.781980,73.120960,19,7,26,1.65242,14.86825,888,72654923,297451998,-1,820328
14.930104,14.848790,72.078730,19,7,26,1.31839,14.86825,848,72440846,297454719,-1,820308
15.002288,14.932270,72.183270,19,7,26,0.90097,14.86825,848,71662693,297455411,-1,820308
15.074305,14.999100,72.017350,19,7,26,0.56681,14.86825,928,72178731,297455543,-1,783406
15.146019,15.065890,71.713810,19,7,26,0.23287,14.86825,2106,71704115,297459138,-1,783406
15.216465,15.149370,70.446080,19,7,26,0.23287,14.86825,888,71238885,297468030,-1,783406
15.287649,15.216220,71.184270,19,7,26,0.23287,14.86825,928,71118846,297468315,-1,783406
15.359458,15.283020,71.808350,19,7,26,0.23287,14.86825,888,71542231,297468315,-1,783406
15.430784,15.349850,71.326840,19,7,26,0.23287,14.86825,888,71452616,297463467,-1,783406
15.503201,15.433330,72.416080,19,7,26,0.23287,14.86825,928,72401000,297464423,-1,783406
15.570565,15.500140,67.364810,19,7,26,0.23287,14.86825,888,67346500,297467019,-1,783406
15.645511,15.566930,74.945960,19,7,26,0.23287,14.86825,888,74688154,297466979,-1,783406
15.717686,15.650410,72.174460,19,7,26,0.23287,14.86825,1312,71904038,297379025,-1,820308
15.790146,15.717190,72.460580,19,7,26,0.23287,14.86825,888,72408461,296583649,-1,783406
15.861897,15.783970,71.750690,19,7,26,0.23287,14.86825,888,71501769,296586705,-1,783406
15.933147,15.867480,71.250270,19,7,26,0.23287,14.86825,928,71127961,296587249,-1,783406
16.004584,15.934300,71.436880,19,7,26,0.23287,14.86825,888,71452539,296586837,-1,783406
16.075996,16.001130,71.412080,19,7,26,0.23287,14.86825,2106,71338462,296590988,-1,783406
16.146964,16.067930,70.967540,19,7,26,0.23287,14.86825,928,70891769,296595124,-1,783406
16.218677,16.151430,71.713070,19,7,26,0.23287,14.86825,888,71669807,296595937,-1,783406
16.289737,16.218230,71.059840,19,7,26,0.23287,14.86825,888,70998615,296595981,-1,783406
16.361474,16.285050,71.737150,19,7,26,0.23287,14.86825,928,71265577,296595489,-1,783406
16.432712,16.351850,71.238500,19,7,26,0.23287,14.86825,888,71657462,296595277,-1,783406
16.504680,16.435350,71.967310,19,7,26,0.23287,14.86825,888,71775077,296599997,-1,783406
16.575942,16.502180,71.262270,19,7,26,0.23287,14.86825,928,71253462,296599173,-1,783406
16.648141,16.568980,72.198810,20,7,27,0.23287,14.86825,2408,72113116,297483279,-1,820308
16.719110,16.652510,70.969540,20,7,27,0.23287,14.86825,888,71024616,297482987,-1,857210
16.791277,16.719330,72.167110,20,7,27,0.23287,14.86825,928,72117923,297487495,-1,857210
16.863532,16.786160,72.254460,20,7,27,0.23287,14.86825,888,72119808,297486671,-1,857210
16.935460,16.852970,71.928040,20,7,27,0.23287,14.86825,888,71899231,297487083,-1,857210
17.007407,16.936490,71.947500,20,7,27,0.23287,14.86825,928,71906577,297487083,-1,894112
17.079562,17.003310,72.154150,20,7,27,0.23287,14.86825,2146,72082461,297487162,-1,894112
17.151856,17.070110,72.293960,20,7,27,0.23287,14.86825,928,72229692,297491258,-1,894112
17.224327,17.153630,72.471340,20,7,27,0.23287,14.86825,1088,72422269,297512413,-1,894112
17.297264,17.220430,72.937500,20,7,27,0.23287,14.86825,952,72715923,297518558,-1,894880
17.370182,17.287250,72.917230,20,7,27,0.23287,14.86825,928,72371961,297518194,-1,894892
17.441537,17.370760,71.355840,20,7,27,0.23287,14.86825,968,71840808,297500475,-1,894892
17.514271,17.437590,72.733230,20,7,27,0.23287,14.86825,5004,72627231,297524946,-1,894892
17.586962,17.504430,72.691000,20,7,27,0.23287,14.86825,928,72705884,297524737,-1,857244
17.659668,17.587940,72.706080,20,7,27,0.23287,14.86825,968,72557269,297532651,-1,894146
17.733071,17.654770,73.403340,20,7,27,0.23287,14.86825,1048,73273077,297535976,-1,894132
17.806346,17.738280,73.274650,20,7,27,0.23287,14.86825,952,73140962,297542223,-1,894900
17.879449,17.805130,73.102880,20,7,27,0.23287,14.86825,968,73271846,297525590,-1,931812
17.953121,17.871930,73.672070,19,8,27,0.23287,14.86825,4984,73385962,297558354,-1,968716
18.026091,17.955440,72.970380,19,8,27,0.23287,14.86825,2106,73126231,297558697,-1,931068
18.099263,18.022250,73.171960,19,8,27,0.23287,14.86825,2146,72871423,297557586,-1,1004872
18.173557,18.089080,74.293920,19,8,27,0.23287,14.53408,888,73591885,297545018,-1,1004858
18.247679,18.172590,74.122230,19,8,27,0.23287,14.11651,1008,74107116,297560344,-1,1004858
18.321471,18.239400,73.791890,19,8,27,0.23287,13.78246,952,73527731,297566325,-1,1005606
18.395583,18.322910,74.111810,19,8,27,0.23287,13.36491,4592,73662577,297585249,-1,1005618
18.468587,18.389760,73.004390,19,8,27,0.23287,13.03064,888,73299154,297562706,-1,967970
18.545937,18.456570,77.349270,19,8,27,0.23287,12.69652,928,76524193,297567196,-1,1004872
18.628762,18.540100,82.825230,19,8,27,0.23287,12.27886,888,83817731,297548771,-1,1004858
18.731058,18.623600,102.296600,20,8,28,0.23287,11.86139,2408,102070346,298423764,-1,1004858
18.829719,18.723820,98.660580,20,8,28,0.23287,11.36033,1048,99250153,298449310,-1,1078642
18.938802,18.824020,109.083400,19,9,28,0.23287,10.85928,4968,108539461,298484113,-1,1079410
19.042359,18.940920,103.556800,19,9,28,0.23287,10.27481,2106,103272577,298462265,-1,1041774
19.144319,19.041120,101.959600,19,9,28,0.23287,9.77376,2066,102205653,298435722,-1,1078662
19.246273,19.141340,101.954500,19,9,28,0.23287,9.27268,928,101791846,298430671,-1,1078642
19.349611,19.241550,103.337400,19,9,28,0.23287,8.77167,1008,102606038,298454482,-1,1078642
19.426233,19.341740,76.621800,19,9,28,0.23287,8.27070,952,76046039,298464517,-1,1079410
19.500747,19.425280,74.514110,19,9,28,0.23287,7.85302,4592,75520808,298480368,-1,1116322
19.577196,19.492100,76.449580,19,9,28,0.23287,7.51896,1272,75559923,298385586,-1,1078676
19.650973,19.575620,73.776540,19,9,28,0.23287,7.10132,928,74381731,297583483,-1,1041774
19.726731,19.642470,75.757800,19,9,28,0.23287,6.76707,888,74614039,297566570,-1,1041740
19.799910,19.725980,73.179850,19,9,28,0.23287,6.34953,888,74390385,297566438,-1,1041740
19.875465,19.792800,75.554890,19,9,28,0.23287,6.01546,1048,74684500,297586260,-1,1041740
19.949419,19.876300,73.953310,19,9,28,0.23287,5.59796,912,74282654,297592827,-1,1042508
20.023803,19.943150,74.384850,19,9,28,0.23287,5.26372,888,74611038,297580290,-1,1042518
20.098533,20.026670,74.729770,18,10,28,0.23287,4.84611,6202,74408039,297608345,-1,1042520
20.173550,20.093510,75.016620,18,10,28,0.23287,4.51195,2070,74908923,297608428,-1,1004872
20.248029,20.177020,74.478880,18,10,28,0.23287,4.09439,848,73845385,297598738,-1,1041776
20.322248,20.243870,74.219350,18,10,28,0.23287,3.76011,888,74654000,297585514,-1,1041742
20.396597,20.310670,74.349000,18,10,28,0.23287,3.42609,848,74717154,297584466,-1,1078644
20.471993,20.394180,75.396310,18,10,28,0.23287,3.00851,848,74239961,297590502,-1,1078644
20.545731,20.460980,73.737190,18,10,28,0.23287,2.67448,1272,74536577,297495352,-1,1078644
20.619627,20.544540,73.896460,18,10,28,0.23287,2.25668,848,73728307,296703340,-1,1004840
20.693541,20.611360,73.913810,18,10,28,0.23287,1.92256,848,73993038,296703484,-1,1041742
20.767638,20.694870,74.097340,19,10,29,0.23287,1.50501,2408,74094423,297592138,-1,1041742
20.840881,20.761700,73.242650,19,10,29,0.23287,1.17085,848,73179115,297581934,-1,1078644
20.915306,20.845230,74.425040,19,10,29,0.23287,0.75319,848,74716884,297581503,-1,1115526
20.991868,20.912060,76.561690,19,10,29,0.23287,0.41905,888,76360807,297584775,-1,1115526
21.069147,20.995570,77.279500,19,10,29,0.23287,0.00150,848,76851654,297585771,-1,1115526
21.144393,21.062410,75.245610,19,10,29,0.23287,-0.33269,2070,75461385,297585382,-1,1115526
21.218285,21.145940,73.892350,19,10,29,0.23287,-0.33269,928,74696847,297590514,-1,1115526
21.293815,21.212750,75.530190,19,10,29,0.23287,-0.33269,888,75302193,297589743,-1,1152428
21.370395,21.296260,76.579700,19,10,29,0.23287,-0.33269,888,76601269,297594771,-1,1152428
21.447679,21.363070,77.284000,19,10,29,0.23287,-0.33269,928,77214000,297589683,-1,1189330
21.526288,21.446580,78.609080,19,10,29,0.23287,-0.33269,888,78306615,297589403,-1,1189330
21.606472,21.530110,80.183880,19,10,29,0.23287,-0.33269,888,80391076,297589683,-1,1189330
21.682660,21.596940,76.188310,19,10,29,0.23287,-0.33269,928,76077192,297593911,-1,1189330
21.758274,21.680440,75.613920,19,10,29,0.23287,-0.33269,1272,75538115,297505509,-1,1189330
21.834378,21.747240,76.103580,19,10,29,0.23287,-0.33269,888,75928461,296709021,-1,1115526
21.909657,21.830730,75.279390,19,10,29,0.23287,-0.33269,1048,74930193,296729759,-1,1115526
21.984385,21.914230,74.727840,19,10,29,0.23287,-0.33269,912,74778577,296739654,-1,1116294
22.059719,21.981000,75.334110,19,10,29,0.23287,-0.33269,888,75194577,296722457,-1,1116304
22.134087,22.064500,74.368350,19,10,29,0.23287,-0.33269,6226,74674923,296742091,-1,1116306
22.210042,22.131330,75.955000,19,10,29,0.23287,-0.33269,888,75644077,296742270,-1,1078658
22.285109,22.214830,75.066960,19,10,29,0.23287,-0.33269,888,74917807,296746029,-1,1115560
22.361398,22.281680,76.289120,19,10,29,0.23287,-0.33269,928,76130961,296732988,-1,1115546
22.436553,22.365190,75.154150,19,10,29,0.23287,-0.33269,1008,75271884,296753446,-1,1115546
22.512069,22.432020,75.516580,19,10,29,0.23287,-0.33269,912,75358192,296759975,-1,1116314
22.588033,22.515520,75.964110,19,10,29,0.23287,-0.33269,928,75500731,296763987,-1,1116326
22.664306,22.582350,76.272350,18,11,29,0.23287,-0.33269,4944,76570346,296782632,-1,1116326
22.739108,22.665860,74.802040,18,11,29,0.23287,-0.33269,2070,74900538,296788119,-1,1078678
22.814660,22.732700,75.552690,19,11,30,0.23287,-0.33269,2408,75364577,296869215,-1,1115580
22.890193,22.816210,75.532270,19,11,30,0.23287,-0.33269,848,75603808,296846794,-1,1115566
22.966362,22.883010,76.169500,19,11,30,0.23287,-0.33269,968,76005923,296867296,-1,1115546
23.042009,22.966520,75.647230,19,11,30,0.23287,-0.33269,912,75460846,296873259,-1,1116314
23.117679,23.033340,75.669960,19,11,30,0.23287,-0.33269,2070,75589769,296864709,-1,1116324
23.193640,23.116880,75.960620,19,11,30,0.23287,-0.33269,4552,75797923,296882765,-1,1116326
23.269727,23.183670,76.086650,19,11,30,0.23287,-0.33269,928,76015346,296886798,-1,1078678
23.344373,23.267180,74.646460,19,11,30,0.23287,-0.33269,888,74589231,296886632,-1,1152482
23.419579,23.334000,75.205810,19,11,30,0.23287,-0.33269,888,75515270,296859962,-1,1152468
23.495877,23.417480,76.298030,19,11,30,0.23287,-0.33269,1048,76152731,296880640,-1,1189350
23.575801,23.500960,79.923880,19,11,30,0.23287,-0.33269,912,79833807,296890591,-1,1190118
23.654690,23.567750,78.889420,18,12,30,0.23287,-0.33269,4944,78667654,296904234,-1,1190128
23.730578,23.651250,75.887340,18,12,30,0.23287,-0.33269,2110,76080000,296898273,-1,1152482
23.806963,23.734740,76.385120,18,12,30,0.23287,-0.33269,848,75973346,296893387,-1,1189384
23.882689,23.801560,75.726460,18,12,30,0.23287,-0.33269,848,76086808,296884131,-1,1189370
23.959227,23.885070,76.537930,18,12,30,0.23287,-0.33269,888,76426231,296874282,-1,1189370
24.036080,23.951930,76.852540,18,12,30,0.23287,-0.33269,968,76745423,296895396,-1,1189350
24.113177,24.035450,77.097420,18,12,30,0.23287,-0.33269,2094,76643192,296901090,-1,1190118
24.191539,24.102280,78.362000,18,12,30,0.56704,-0.33269,4592,76500230,296921629,-1,1190128
24.267446,24.185780,75.906620,18,12,30,0.98455,-0.33269,1232,76996730,296826388,-1,1152482
24.341859,24.269300,74.413810,18,12,30,1.40220,-0.33269,848,74463961,296028366,-1,1189384
24.421031,24.336120,79.171730,18,12,30,1.73630,-0.33269,888,79181346,295995540,-1,1189370
24.518435,24.419630,97.403500,18,12,30,2.15385,-0.33269,848,97671115,295997148,-1,1263154
24.628592,24.519850,110.157300,18,12,30,2.65491,-0.33269,4648,109931923,296038202,-1,1300056
24.748255,24.620070,119.663200,17,13,30,3.15600,-0.33269,6190,119698500,296078240,-1,1337746
24.863809,24.737000,115.553600,18,13,31,3.74064,-0.33269,3550,115352616,296944550,-1,1300128
24.976216,24.853910,112.407200,18,13,31,4.32520,-0.33269,848,112376192,296922160,-1,1410820
25.095902,24.970840,119.685700,18,13,31,4.90986,-0.33269,808,119621116,296917625,-1,1336978
25.206816,25.087780,110.914200,18,13,31,5.49454,-0.33269,2190,110886461,296936607,-1,1336978
25.308493,25.204700,101.676900,18,13,31,6.07909,-0.33269,4960,101193192,296886088,-1,1337746
25.387859,25.304920,79.366070,18,13,31,6.58020,-0.33269,888,79172885,296067618,-1,1226306
25.465315,25.388440,77.456000,18,13,31,6.99786,-0.33269,848,77772769,296035004,-1,1263174
25.544695,25.455310,79.380230,18,13,31,7.33218,-0.33269,848,78960077,296034628,-1,1263154
25.621746,25.538830,77.050350,18,13,31,7.74979,-0.33269,888,77168116,296034660,-1,1189350
25.699105,25.622360,77.359150,18,13,31,8.16740,-0.33269,968,77424577,296054550,-1,1189350
25.773973,25.689240,74.868230,18,13,31,8.50182,-0.33269,872,74501539,296064491,-1,1190118
25.851420,25.772770,77.446850,18,13,31,8.91945,-0.33269,4592,77752115,296088703,-1,1190130
25.927996,25.839600,76.576500,18,13,31,9.25360,-0.33269,848,76230231,296067212,-1,1004874
26.002960,25.923130,74.963650,18,13,31,9.67121,-0.33269,848,73706038,296056949,-1,967972
26.075674,25.989940,72.714200,18,13,31,10.00532,-0.33269,888,73647230,296042540,-1,820330
26.147555,26.073470,71.881040,18,13,31,10.42295,-0.33269,2070,71748962,296042579,-1,857232
26.219978,26.140270,72.422390,18,13,31,10.75696,-0.33269,968,72396346,296062769,-1,857232
26.292712,26.223790,72.734460,18,13,31,11.17450,-0.33269,1296,72610038,295979183,-1,710392
26.363966,26.290600,71.253620,17,14,31,11.50858,-0.33269,4904,71774654,295208270,-1,710402
26.435776,26.357410,71.810620,17,14,31,11.84255,-0.33269,2030,70930116,295202833,-1,672756
26.506821,26.424210,71.044350,17,14,31,12.17657,-0.33269,848,70566692,295197915,-1,709658
26.576148,26.507710,69.327310,17,14,31,12.59408,-0.33269,808,70392192,295170966,-1,709644
26.646497,26.574540,70.348660,17,14,31,12.92822,-0.33269,808,70140116,295171098,-1,709624
26.716385,26.641340,69.888500,17,14,31,13.26221,-0.33269,968,69862462,295195400,-1,709624
26.786764,26.708130,70.379000,17,14,31,13.59611,-0.33269,832,70152539,295200617,-1,562784
26.854837,26.791630,68.073230,18,14,32,14.01359,-0.33269,2328,67812846,296091443,-1,488992
26.922060,26.858440,67.222960,18,14,32,14.34769,-0.33269,848,67477461,296069068,-1,525894
26.989242,26.925280,67.181620,18,14,32,14.68184,-0.33269,4512,67079769,296101444,-1,525894
27.056475,26.992080,67.233420,18,14,32,15.01584,-0.33269,808,67300731,296101400,-1,414442
27.122701,27.058930,66.225620,18,14,32,15.35008,-0.33269,2070,65994807,296091784,-1,377540
27.187847,27.125810,65.145690,18,14,32,15.35008,-0.33269,808,65897769,296079103,-1,229898
27.253493,27.192630,65.646650,18,14,32,15.35008,-0.33269,968,65495846,296103850,-1,229898
27.319505,27.259450,66.012190,18,14,32,15.35008,-0.33269,912,66011115,296108899,-1,304470
27.384345,27.309560,64.839810,18,14,32,15.35008,-0.33269,848,64696962,296104587,-1,378286
27.449502,27.376370,65.156960,17,15,32,15.35008,-0.33269,4904,65110500,296122712,-1,378286
27.515893,27.443220,66.391310,17,15,32,15.35008,-0.33269,2030,66438231,296117231,-1,340638
27.581439,27.510040,65.545040,17,15,32,15.35008,-0.33269,848,65271538,296116357,-1,451344
27.647457,27.576860,66.018620,17,15,32,15.35008,-0.33269,808,66139153,296098617,-1,451330
27.714206,27.643710,66.748850,17,15,32,15.35008,-0.33269,808,66710846,296099189,-1,451330
27.781124,27.710510,66.918500,17,15,32,15.35008,-0.33269,848,66740654,296089584,-1,525134
27.848169,27.777340,67.044850,17,15,32,15.35008,-0.33269,808,66863462,296094432,-1,451310
27.915569,27.844180,67.399230,17,15,32,15.35008,-0.33269,808,67568654,296098296,-1,525114
27.982224,27.911000,66.655460,17,15,32,15.35008,-0.33269,1232,66567347,296003442,-1,525114
28.049662,27.977830,67.438350,17,15,32,15.35008,-0.33269,808,67035538,295206898,-1,525114
28.117482,28.044650,67.819960,17,15,32,15.35008,-0.33269,2030,67892500,295207429,-1,525114
28.185606,28.111450,68.123700,17,15,32,15.35008,-0.33269,968,68116077,295218139,-1,525114
28.253915,28.178270,68.309000,17,15,32,15.35008,-0.33269,832,68298077,295232498,-1,525862
28.322019,28.245100,68.104230,17,15,32,15.35008,-0.33269,808,67924154,295232134,-1,525874
28.389629,28.311940,67.609850,17,15,32,15.35008,-0.33269,848,67418192,295210231,-1,525874
28.457947,28.378750,68.317570,17,15,32,15.35008,-0.33269,4884,68353692,295250926,-1,525874
28.526722,28.462300,68.775380,17,15,32,15.35008,-0.33269,808,68829961,295255069,-1,488226
28.595011,28.529130,68.289310,17,15,32,15.35008,-0.33269,848,68100423,295254707,-1,598932
28.663565,28.595950,68.553660,17,15,32,15.35008,-0.33269,808,68242846,295238326,-1,598918
28.736158,28.662770,72.592500,17,15,32,15.35008,-0.33269,928,69279730,295263760,-1,598918
28.802113,28.729570,65.955150,17,15,32,15.35008,-0.33269,872,68794538,295269808,-1,599686
28.872541,28.796390,70.428500,18,15,33,15.35008,-0.33269,2328,70553039,296161301,-1,599698
28.942507,28.863200,69.966080,17,16,33,15.35008,-0.33269,4864,70253193,296187078,-1,747306
29.012406,28.946720,69.898960,17,16,33,15.35008,-0.33269,2030,69720577,296185244,-1,709658
29.083271,29.013580,70.865270,17,16,33,15.35008,-0.33269,2374,70646539,296091029,-1,746560
29.153435,29.080400,70.163650,17,16,33,15.35008,-0.33269,768,70234461,295277469,-1,672742
29.222940,29.147220,69.505160,17,16,33,15.35008,-0.33269,808,69507616,295272057,-1,672742
29.292517,29.214050,69.576840,17,16,33,15.35008,-0.33269,928,69479000,295292695,-1,672722
29.362626,29.297580,70.108650,17,16,33,15.35008,-0.33269,832,69920269,295298458,-1,673490
29.433149,29.364440,70.523380,17,16,33,15.35008,-0.33269,848,70520961,295279741,-1,673500
29.503329,29.431270,70.179500,17,16,33,15.35008,-0.33269,4512,70219807,295307045,-1,673502
29.573124,29.498090,69.795540,17,16,33,15.35008,-0.33269,808,69629692,295307325,-1,635854
29.642356,29.564910,69.231540,17,16,33,15.35008,-0.33269,848,68936769,295308479,-1,672756
29.712302,29.631740,69.946150,17,16,33,15.35008,-0.33269,808,70175270,295278933,-1,746546
29.782690,29.715290,70.388310,17,16,33,15.35008,-0.33269,928,70286923,295301187,-1,746526
29.853449,29.782140,70.759270,17,16,33,15.35008,-0.33269,872,70646500,295311096,-1,747294
29.924063,29.849010,70.613540,17,16,33,15.35008,-0.33269,808,70063308,295311528,-1,747306
29.995249,29.915850,71.186310,16,17,33,15.35008,-0.33269,4864,71521923,295319629,-1,747306
30.071967,29.999390,76.717960,16,17,33,15.35008,-0.33269,2030,76741577,295319356,-1,709658
30.143237,30.066210,71.270000,17,17,34,15.35008,-0.33269,3510,70683885,295412971,-1,820364
30.214940,30.133030,71.702770,17,17,34,15.35008,0.00139,768,70871231,295401415,-1,820350
30.287451,30.216550,72.510610,17,17,34,15.35008,0.41902,928,72633538,295412157,-1,820350
30.357011,30.283370,69.560420,17,17,34,15.35008,0.75314,792,70100346,295417362,-1,821098
30.435444,30.350170,78.433000,17,17,34,15.35008,1.08713,4472,78301153,295441606,-1,821110
30.534882,30.433720,99.438310,17,17,34,15.35008,1.50486,808,98384307,295422627,-1,783462
30.627915,30.533940,93.032460,17,17,34,15.35008,2.00597,1192,92989423,295333159,-1,820364
30.718991,30.617450,91.076080,18,17,35,15.35008,2.42351,2328,92211692,295428960,-1,746546
30.816277,30.717680,97.285770,18,17,35,15.35008,2.92466,968,96723193,295421759,-1,857252
30.909443,30.817920,93.166230,18,18,36,15.35008,3.42582,6408,92641231,295550126,-1,784196
31.007855,30.901460,98.411650,18,18,36,15.35008,3.84350,1990,98010577,295526610,-1,820364
31.098913,31.001690,91.058040,18,18,36,15.35008,4.34467,2030,91408500,295504940,-1,857252
31.192066,31.101930,93.153580,18,18,36,15.35008,4.84582,808,93114962,295495564,-1,1004860
31.265017,31.185460,72.950420,19,18,37,15.35008,5.26342,2328,73198500,295582099,-1,857232
31.336632,31.268980,71.615840,19,18,37,15.35008,5.68102,1008,70875500,295606641,-1,857232
31.409324,31.335860,72.691190,19,18,37,15.35008,6.01543,4576,72664039,295636116,-1,858000
31.482498,31.402690,73.174650,19,18,37,15.35008,6.34957,848,73266039,295636063,-1,820366
31.554733,31.486240,72.234890,19,18,37,15.35008,6.76729,888,71768269,295613121,-1,931070
31.626829,31.553050,72.095310,19,18,37,15.35008,7.10139,1232,72458077,295505869,-1,931056
31.701581,31.619900,74.752270,19,18,37,15.35008,7.43562,888,74737923,294707877,-1,857232
31.774253,31.703450,72.672270,20,18,38,15.35008,7.85330,2448,72681038,295593079,-1,931036
31.845211,31.770310,70.958080,20,18,38,15.35008,8.18766,1008,70647269,295613761,-1,1004840
31.921136,31.837140,75.925270,20,18,38,15.35008,8.52183,912,75889538,295621242,-1,1005608
31.994566,31.920680,73.429270,19,19,38,15.35008,8.93951,4984,72401616,295664286,-1,1005620
32.069020,31.987500,74.454310,19,19,38,15.35008,9.27361,2070,74975269,295640962,-1,967972
32.141472,32.071030,72.452120,19,19,38,15.35008,9.69123,2070,72403077,295631694,-1,1078678
32.214543,32.137890,73.071390,19,19,38,15.35008,10.02551,928,72833500,295614374,-1,1078644
32.290291,32.204730,75.747920,20,19,39,15.35008,10.35968,2408,76000231,296502181,-1,1078644
32.363646,32.288250,73.354500,20,19,39,15.35008,10.77730,1008,73255346,296522475,-1,1115546
32.438533,32.355070,74.886920,20,19,39,15.35008,11.11141,952,74179884,296528540,-1,1116314
32.512093,32.438600,73.560620,20,19,39,15.35008,11.52902,4976,73764077,296469374,-1,1116326
32.585913,32.505450,73.820040,20,19,39,15.35008,11.86326,888,73921538,295654319,-1,967972
32.658627,32.588970,72.713040,20,19,39,15.35008,12.28093,928,72677807,295654273,-1,1004874
32.731367,32.655820,72.740810,20,19,39,15.35008,12.61516,928,72532000,295627883,-1,931056
32.804273,32.722670,72.905230,21,19,40,15.35008,12.94936,2448,72995847,295713153,-1,894134
32.876513,32.806200,72.240770,21,19,40,15.35008,13.36700,1088,72318423,295738379,-1,894134
32.948376,32.873000,71.862660,22,19,41,15.35008,13.70104,2472,71648500,295835226,-1,894902
33.019914,32.939820,71.537690,22,19,41,15.35008,14.03510,928,71407385,295834158,-1,894914
33.091481,33.023320,71.566960,21,20,41,15.35008,14.45258,6246,71628654,295850570,-1,894914
33.161771,33.090150,70.290000,21,20,41,15.35008,14.45258,2110,71175423,295851157,-1,783462
33.231603,33.156950,69.832340,21,20,41,15.35008,14.45258,928,69300962,295841491,-1,820364
33.303050,33.223790,71.447390,22,20,42,15.35008,14.45258,2488,71626269,295914257,-1,857232
33.374289,33.307300,71.238270,22,20,42,15.35008,14.45258,968,71206462,295910233,-1,857232
33.445370,33.374110,71.081730,22,20,42,15.35008,14.45258,968,70732962,295919017,-1,857232
33.516527,33.440920,71.156690,22,20,42,15.35008,14.45258,1008,71232038,295918937,-1,857232
33.588676,33.507710,72.148770,22,20,42,15.35008,14.45258,1352,72246500,295823279,-1,857232
33.660144,33.591220,71.468270,22,20,42,15.35008,14.45258,968,71200653,295026327,-1,857232
33.731858,33.658020,71.713500,22,20,42,15.35008,14.45258,1048,71484192,295031659,-1,857232
33.804260,33.724810,72.402230,23,20,43,15.35008,14.45258,2528,72290847,295121293,-1,857232
33.876829,33.808320,72.569230,23,20,43,15.35008,14.45258,1008,72508000,295112769,-1,894134
33.949976,33.875140,73.146500,23,20,43,15.35008,14.45258,1048,73074385,295116786,-1,894114
34.022744,33.941960,72.768200,23,20,43,15.35008,14.45258,1008,72727346,295115266,-1,894114
34.095327,34.025470,72.583500,23,20,43,15.35008,14.45258,2230,72019308,295116609,-1,894114
34.167766,34.092300,72.438730,23,20,43,15.35008,14.45258,1048,72652462,295116609,-1,894114
34.241803,34.159120,74.036800,23,20,43,15.35008,14.45258,1048,73875384,295120602,-1,894114
34.315275,34.242630,73.472460,24,20,44,15.35008,14.45258,2568,73644269,296017404,-1,894114
34.387989,34.309430,72.713690,24,20,44,15.35008,14.45258,1208,72289000,296037782,-1,931016
34.461724,34.392960,73.734920,24,20,44,15.35008,14.45258,1072,73353192,296044161,-1,931784
34.535590,34.459760,73.865920,24,20,44,15.35008,14.45258,1048,74163616,296031500,-1,968696
34.609813,34.526610,74.223380,24,20,44,15.35008,14.45258,5164,74094308,296058867,-1,968698
34.684647,34.610120,74.834110,24,20,44,15.35008,14.45258,1048,74746884,296058946,-1,931050
34.758044,34.676930,73.396840,24,20,44,15.35008,14.45258,1472,73187846,295974070,-1,1004854
34.832787,34.760420,74.742610,25,20,45,15.35008,14.45258,2648,74843846,295314235,-1,931036
34.907488,34.827260,74.701420,25,20,45,15.35008,14.45258,1208,74567577,295333677,-1,931036
34.981695,34.910750,74.206700,26,20,46,15.35008,14.45258,2632,74093192,295436682,-1,931804
35.055361,34.977570,73.666340,26,20,46,15.35008,14.45258,1128,73260846,295418773,-1,1005618
35.130637,35.044370,75.276080,25,21,46,15.35008,14.45258,6366,75052230,295455560,-1,1005620
35.204860,35.127880,74.222730,25,21,46,15.35008,14.45258,2270,74486000,295459719,-1,967972
35.278791,35.194690,73.930500,25,21,46,15.35008,14.45258,1128,73685615,295459138,-1,1004874
35.354367,35.278210,75.576420,26,21,47,15.35008,14.45258,2608,75699884,296368359,-1,1004860
35.428799,35.345030,74.432040,26,21,47,15.35008,14.45258,1248,74280000,296388917,-1,1078644
35.503326,35.428600,74.526920,26,21,47,15.35008,14.45258,1192,74450885,296398884,-1,1079412
35.578160,35.495390,74.834540,26,21,47,15.35008,14.45258,1128,75225730,296381527,-1,1079422
35.655331,35.578900,77.170270,26,21,47,15.35008,14.45258,4832,76693346,296399731,-1,1079424
35.731820,35.645710,76.488960,26,21,47,15.35008,14.45258,1168,76388000,296404239,-1,1041776
35.806901,35.729220,75.081150,26,21,47,15.35008,14.45258,1168,75201308,296403133,-1,1078678
35.883519,35.812730,76.618460,27,21,48,15.35008,14.45258,2688,76599769,297267505,-1,1078664
35.960858,35.879530,77.338840,27,21,48,15.35008,14.45258,1328,76966385,297296191,-1,1115546
36.037224,35.963030,76.365920,27,21,48,15.35008,14.45258,1192,76197154,297301854,-1,1190118
36.113419,36.029880,76.195000,26,22,48,15.35008,14.45258,6446,76516538,297322920,-1,1190128
36.192029,36.113370,78.609540,26,22,48,14.93261,14.45258,2390,77474885,297330419,-1,1152482
36.271295,36.180160,79.266350,26,22,48,14.59865,14.45258,1128,79476000,298123430,-1,1189384
36.354200,36.263690,82.904810,26,22,48,14.18104,14.45258,1168,82731038,298904586,-1,1263174
36.466086,36.347200,111.886400,27,22,49,13.76350,14.45258,2728,112161923,300623478,-1,1336978
36.575488,36.464080,109.401600,27,22,49,13.17909,14.45258,1288,109133500,300602937,-1,1447664
36.691007,36.564290,115.519200,27,22,49,12.67807,14.45258,4936,115229962,300627120,-1,1448432
36.808737,36.681180,117.730400,27,22,49,12.09361,14.45258,1552,117716923,302121023,-1,1410796
36.921121,36.798070,112.383600,27,22,49,11.50919,14.45258,1208,112473269,302945781,-1,1521488
37.040678,36.914960,119.557000,29,22,51,10.92473,14.45258,4248,118830153,305103056,-1,1632174
37.186801,37.031860,146.122700,29,22,51,10.34022,14.45258,6270,146936385,305168650,-1,1779782
37.332444,37.182140,145.643400,29,22,51,9.58878,14.45258,6158,145634576,305262242,-1,1780570
37.452238,37.332470,119.794200,29,22,51,8.83715,14.45258,1248,119548385,306772410,-1,1742952
37.583445,37.449400,131.207000,30,22,52,8.25255,14.45258,6488,130575076,307684616,-1,1816722
37.674467,37.583020,91.021650,30,22,52,7.58444,14.45258,6610,90801423,307681545,-1,1853626
37.764592,37.666520,90.125420,30,22,52,7.16698,14.45258,6718,89826808,307647334,-1,1780628
37.853182,37.766740,88.589580,30,22,52,6.66587,14.45258,1288,88986807,306833443,-1,1669188
37.938335,37.850250,85.153460,30,22,52,6.24830,14.45258,1328,85004731,306822557,-1,1669154
38.024291,37.933750,85.955310,30,22,52,5.83080,14.45258,1328,85891423,306822293,-1,1632232
38.110427,38.017270,86.136230,31,22,53,5.41319,14.45258,4070,86118499,307710323,-1,1595312
38.190813,38.100780,80.386420,31,22,53,4.99562,14.45258,1488,79719270,307734630,-1,1632214
38.271719,38.184300,80.906230,30,23,53,4.57810,14.45258,5408,81565038,308559642,-1,1596080
38.353067,38.267820,81.347150,30,23,53,4.16046,14.45258,2510,80600270,308528318,-1,1558424
38.432892,38.351320,79.825840,30,23,53,3.74294,14.45258,1328,79707808,308526443,-1,1558390
38.513900,38.434830,81.007500,30,23,53,3.32539,14.45258,1288,81188500,308499537,-1,1521488
38.597483,38.518360,83.583420,31,23,54,2.90779,14.45258,2848,84060231,309388167,-1,1521468
38.677711,38.601880,80.227420,31,23,54,2.49019,14.45258,1488,79733153,309413065,-1,1521468
38.761978,38.668700,84.267620,31,23,54,2.15611,14.45258,1352,83905692,309418826,-1,1522236
38.842519,38.752210,80.540420,31,23,54,1.73858,14.45258,5032,80277769,309451358,-1,1485346
38.923118,38.835750,80.598850,31,23,54,1.32084,14.45258,1368,80954115,309428473,-1,1410796
39.004027,38.919280,80.909270,32,23,55,0.90318,14.45258,2848,80533846,309511163,-1,1484586
39.083748,39.002790,79.721120,32,23,55,0.48562,14.45258,2590,79883231,309497892,-1,1447664
39.163417,39.086300,79.669150,33,23,56,0.48562,14.45258,3472,80463847,310459453,-1,1447664
39.242181,39.153140,78.763810,33,23,56,0.48562,14.45258,1488,78602653,310475601,-1,1484566
39.322317,39.236710,80.136310,33,23,56,0.48562,14.45258,1392,79748961,310475432,-1,1485334
39.401900,39.320240,79.582500,33,23,56,0.48562,14.45258,5112,79414346,310486127,-1,1485344
39.482098,39.403760,80.198150,33,23,56,0.48562,14.45258,1408,80339500,310490073,-1,1484600
39.561763,39.487290,79.665080,33,23,56,0.48562,14.45258,1408,79436692,310475453,-1,1521488
39.641601,39.554110,79.837540,33,23,56,0.48562,14.45258,1488,79949308,310462479,-1,1521468
39.722862,39.637630,81.261310,34,23,57,0.48562,14.45258,2968,81194500,311366999,-1,1521468
39.801801,39.721160,78.939120,34,23,57,0.48562,14.45258,1568,78711693,311371603,-1,1558370
39.885810,39.804670,84.008460,34,23,57,0.48562,14.45258,1896,83725577,311292312,-1,1559138
39.966921,39.888210,81.111380,33,24,57,0.48562,14.45258,5504,81341193,310514639,-1,1522246
40.045486,39.971740,78.564960,33,24,57,0.48562,14.45258,2630,78542923,310507948,-1,1484600
40.126192,40.038540,80.706610,33,24,57,0.48562,14.45258,2670,80497769,310502615,-1,1558390
40.208650,40.122060,82.457380,33,24,57,0.48562,14.45258,1448,82530385,310485554,-1,1558370
40.290904,40.205550,82.253730,34,24,58,0.48562,14.45258,2968,82083654,311373429,-1,1558370
40.375285,40.289050,84.381310,34,24,58,0.48562,14.45258,1608,84265615,311399191,-1,1669076
40.458458,40.372560,83.173310,33,25,58,0.48562,14.45258,5528,82661346,311443338,-1,1632942
40.540614,40.456090,82.156000,33,25,58,0.48562,14.45258,2630,82630923,311429962,-1,1632208
40.622557,40.539630,81.942340,33,25,58,0.48562,14.45258,1448,81407269,311429735,-1,1705998
40.705241,40.623150,82.684690,33,25,58,0.48562,14.45258,1408,82729769,311421704,-1,1705998
40.789067,40.706670,83.825420,34,25,59,0.48562,14.45258,2968,84097500,312286639,-1,1705978
40.870961,40.790210,81.894270,34,25,59,0.48562,14.45258,1608,81627269,312313649,-1,1779782
40.956814,40.873730,85.852840,34,25,59,0.48562,14.45258,1472,85505154,312319488,-1,1780550
41.042389,40.957260,85.575580,35,25,60,0.48562,14.45258,6672,85896000,313322436,-1,1817462
41.129705,41.040790,87.315460,35,25,60,0.48562,14.45258,2710,86770038,313301622,-1,1853620
41.209505,41.124310,79.800080,35,25,60,0.48562,14.45258,1448,79749461,313292122,-1,1890508
41.301481,41.207860,91.975770,36,25,61,0.48562,14.45258,3008,92011730,314163983,-1,1890488
41.379622,41.291370,78.141430,36,25,61,0.48562,14.45258,1648,78021923,313664561,-1,1964292
41.467077,41.374880,87.454730,35,26,61,0.48562,14.45258,5568,86961692,313701012,-1,1965060
41.552861,41.458390,85.784000,35,26,61,0.48562,14.45258,2710,86027653,313678424,-1,1927424
41.639099,41.541930,86.238620,35,26,61,0.48562,14.45258,1912,86157846,313584215,-1,2001214
41.725417,41.642180,86.317500,35,26,61,0.48562,14.45258,1488,86217384,312770866,-1,1927410
41.810440,41.725710,85.022960,35,26,61,0.48562,14.45258,1528,85124000,312761429,-1,1927410
41.895552,41.809200,85.112500,35,26,61,0.48562,14.45258,1688,85048654,312781695,-1,1964292
41.981352,41.892700,85.799770,35,26,61,0.48562,14.45258,5256,85393807,312811786,-1,1965060
42.066680,41.976200,85.327580,35,26,61,0.48562,14.45258,1912,85604769,312705905,-1,1927424
42.152746,42.059710,86.066380,35,26,61,0.48562,14.45258,2790,85730039,311903665,-1,1890508
42.238779,42.143200,86.032920,35,26,61,0.48562,14.03510,1528,84858500,311881890,-1,1927410
42.324444,42.226720,85.665040,35,26,61,0.48562,13.61753,1528,85955193,311881811,-1,1927390
42.413419,42.326930,88.975150,35,26,61,0.48562,13.11645,1688,89337577,311902201,-1,1964292
42.516692,42.410450,103.273000,34,27,61,0.48562,12.69890,5608,103113769,311933732,-1,2038864
42.665878,42.510680,149.185800,34,27,61,0.48562,12.19774,2710,148929769,311947107,-1,2001228
42.815428,42.660980,149.550200,34,27,61,0.48562,11.44625,1528,149803461,311914405,-1,2111920
42.953028,42.811280,137.600200,34,27,61,0.48562,10.69473,1488,137509423,311917286,-1,2111900
43.091389,42.944870,138.360500,34,27,61,0.48562,10.02674,1648,138343769,311947312,-1,2185704
43.224473,43.095150,133.084400,35,27,62,0.48562,9.27529,8342,132470615,311970074,-1,2260276
43.315353,43.228730,90.879650,35,27,62,0.48562,8.60742,1528,90925615,311108751,-1,2148836
43.403747,43.312270,88.393620,35,27,62,0.48562,8.18975,1488,88483769,311925878,-1,2185704
43.495320,43.395770,91.573270,35,27,62,0.48562,7.77226,1488,91228231,311884347,-1,2259508
43.584714,43.496000,89.394000,35,27,62,0.48562,7.27112,1688,89103539,311904253,-1,2296410
43.681863,43.579530,97.149380,35,27,62,0.48562,6.85350,1552,97042000,311910252,-1,2334080
43.775219,43.679760,93.356000,34,28,62,0.48562,6.35231,5584,92678385,311960298,-1,2297188
43.865797,43.763260,90.577500,34,28,62,0.48562,5.93480,2750,91087500,311903703,-1,2296444
43.955161,43.863460,89.364040,34,28,62,0.48562,5.43376,1488,89134961,311886234,-1,2333312
44.047465,43.946980,92.303850,34,28,62,0.48562,5.01618,1488,92548346,311886331,-1,2333312
44.139105,44.047180,91.640300,34,28,62,0.48562,4.51513,3254,91742384,311825570,-1,2333312
44.229130,44.130710,90.025040,34,28,62,0.48562,4.09751,5216,89645269,311053197,-1,2260276
44.318933,44.230900,89.803540,34,28,62,0.48562,3.59653,1488,88795577,311035899,-1,2222640
44.406510,44.314420,87.576310,34,28,62,0.48562,3.17891,1528,88146577,311018642,-1,2259528
44.495885,44.397950,89.374730,34,28,62,0.48562,2.76125,1488,89744153,311004117,-1,2259528
44.585053,44.498180,89.168500,34,28,62,0.48562,2.26006,1488,88868039,311003817,-1,2259508
44.674274,44.581730,89.221190,34,28,62,0.48562,1.84232,1648,88835692,311024147,-1,2222606
44.763505,44.665240,89.231270,33,29,62,0.48562,1.42473,5568,88703693,311067330,-1,2223374
44.851687,44.765440,88.181730,33,29,62,0.48562,0.92368,2670,88859538,311045574,-1,2222640
44.939612,44.848950,87.924960,33,29,62,0.48562,0.50612,1488,88085270,311012744,-1,2222626
45.028448,44.932460,88.836150,33,29,62,0.48562,0.08859,1448,88977769,311012665,-1,2222606
45.117250,45.032710,88.802080,33,29,62,0.48562,-0.41269,2670,88556808,311012744,-1,2222606
45.205525,45.116260,88.274890,34,29,63,0.48562,-0.41269,3008,88953462,311901306,-1,2185704
45.292847,45.199780,87.321460,34,29,63,0.48562,-0.41269,1448,87334807,311906091,-1,2296410
45.381555,45.283310,88.708570,34,29,63,0.48562,-0.41269,1832,88483500,311811141,-1,2296410
45.470653,45.383560,89.097270,34,29,63,0.48562,-0.41269,1488,89203462,311000549,-1,2222606
45.560164,45.467120,89.510960,34,29,63,0.48562,-0.41269,1448,89207577,311000470,-1,2222586
45.646960,45.550640,86.796110,34,29,63,0.48562,-0.41269,1488,86636808,311000470,-1,2222586
45.734455,45.650880,87.495310,34,29,63,0.48562,-0.41269,1528,87741731,311042053,-1,2222586
45.823768,45.734450,89.313040,34,29,63,0.48562,-0.41269,1488,89020231,311039525,-1,2222586
45.912037,45.817990,88.269230,34,29,63,0.48562,-0.41269,1488,88178308,310997870,-1,2222586
46.000196,45.901540,88.158810,34,29,63,0.48562,-0.41269,1648,88175654,311018640,-1,2259488
46.088477,46.001800,88.281350,34,29,63,0.48562,-0.41269,2734,88171154,311024814,-1,2260256
46.176558,46.085340,88.080310,34,29,63,0.48562,-0.41269,1488,88172693,311007545,-1,2260266
46.265425,46.168880,88.867540,34,29,63,0.48562,-0.41269,5604,88618885,311030849,-1,2260268
46.354491,46.269130,89.065500,34,29,63,0.48562,-0.41269,1488,88897885,311030770,-1,2222620
46.442259,46.352660,87.768150,34,29,63,0.48562,-0.41269,1872,87953230,310958370,-1,2296410
46.529919,46.436190,87.660230,34,29,63,0.48562,-0.41269,1648,87175923,310181325,-1,2259508
46.618463,46.519680,88.543960,34,29,63,0.48562,-0.41269,1512,88305308,310187572,-1,2223374
46.707159,46.619920,88.695850,33,30,63,0.48562,-0.41269,5544,88541000,310205139,-1,2223384
46.795902,46.703410,88.743540,33,30,63,0.48562,-0.41269,2710,88904000,310238907,-1,2185738
46.883886,46.786990,87.983890,33,30,63,0.48562,-0.41269,1448,88017154,310176955,-1,2259528
46.971691,46.887240,87.804230,33,30,63,0.48562,-0.41269,1448,87677808,310167527,-1,2259528
47.060298,46.970750,88.607000,33,30,63,0.48562,-0.41269,1608,88483308,310188169,-1,2259508
47.149522,47.054260,89.223920,33,30,63,0.48562,-0.41269,2694,88796347,310194159,-1,2260276
47.239259,47.154450,89.737730,34,30,64,0.48562,-0.41269,2968,90079307,311061232,-1,2260286
47.327820,47.237960,88.560770,34,30,64,0.48562,-0.41269,5192,88333615,311083829,-1,2297188
47.418564,47.321430,90.744460,34,30,64,0.48562,-0.41269,1448,90877000,311077458,-1,2259542
47.507576,47.421620,89.011610,34,30,64,0.48562,-0.41269,1448,88849462,311077379,-1,2333312
47.601335,47.505170,93.758930,34,30,64,0.48562,-0.41269,1608,93630808,311080843,-1,2370214
47.693058,47.605380,91.723110,34,30,64,0.48562,-0.41269,1512,91596654,311086674,-1,2370982
47.784497,47.688890,91.438690,33,31,64,0.48562,-0.41269,5544,91193154,311100465,-1,2370992
47.874379,47.789120,89.881920,33,31,64,0.48562,-0.41269,2710,89969192,311089514,-1,2370248
47.964608,47.872630,90.229270,33,31,64,0.48562,-0.41269,1448,90349807,311072297,-1,2407136
48.058065,47.956150,93.457340,33,31,64,0.48562,-0.41269,1448,93394808,311062781,-1,2407136
48.151489,48.056400,93.423730,33,31,64,0.48562,-0.41269,2830,93226347,311083094,-1,2407116
48.242826,48.156590,91.336540,33,31,64,0.98659,-0.41269,1472,90089654,311094117,-1,2407884
48.331158,48.240100,88.332340,33,31,64,1.40416,-0.41269,5536,88779423,311016279,-1,2407894
48.436782,48.323580,105.623900,33,31,64,1.82160,-0.41269,1488,106006654,310212997,-1,2296444
48.584796,48.440490,148.013700,33,31,64,2.40620,-0.41269,1448,147380462,310249368,-1,2407136
48.725490,48.574100,140.694800,33,31,64,3.07419,-0.41269,1608,141056577,310252664,-1,2407116
48.869470,48.724440,143.979200,32,32,64,3.82590,-0.41269,5528,143431077,310293155,-1,2407884
49.005403,48.858060,135.933800,32,32,64,4.49403,-0.41269,2670,136047385,310271055,-1,2407150
49.132725,49.008390,127.321900,32,32,64,5.24564,-0.41269,2630,127084884,310238276,-1,2370234
49.224931,49.125320,92.205730,32,32,64,5.83026,-0.41269,1568,92069847,310207592,-1,2370214
49.315923,49.225560,90.992000,33,32,65,6.33145,-0.41269,6656,90864846,310324470,-1,2297178
49.406476,49.309080,90.552460,33,32,65,6.74912,-0.41269,1792,90178923,310218621,-1,2296444
49.495672,49.409320,89.196730,33,32,65,7.25031,-0.41269,1448,88863769,309389599,-1,2185724
49.583110,49.492830,87.437690,33,32,65,7.66787,-0.41269,1408,88297885,309389047,-1,1964292
49.667254,49.576370,84.144310,33,32,65,8.08559,-0.41269,1408,83862808,309387647,-1,1890488
49.752110,49.659960,84.855500,33,32,65,8.50349,-0.41269,1608,84705192,309407193,-1,1742880
49.833226,49.743500,81.116230,33,32,65,8.92117,-0.41269,1472,80847385,309412364,-1,1669844
49.914639,49.827040,81.412850,33,32,65,9.33891,-0.41269,5152,81431539,309419963,-1,1596050
49.995763,49.910610,81.123850,33,32,65,9.75675,-0.41269,1488,81048000,309413613,-1,1410796
50.075539,49.994130,79.776660,33,32,65,10.17429,-0.41269,1448,79416923,309403509,-1,1373880
50.151394,50.077680,75.854270,33,32,65,10.59205,-0.41269,2670,76389192,309384770,-1,1300056
50.228690,50.144500,77.296880,33,32,65,10.92617,-0.41269,1488,76948615,309384802,-1,1226252
50.303753,50.228040,75.063000,33,32,65,11.34384,-0.41269,1568,75077231,309408541,-1,1152448
50.378917,50.294860,75.163120,33,32,65,11.67794,-0.41269,1472,73983154,309408154,-1,1005608
50.450393,50.378390,71.476460,33,32,65,12.09560,-0.41269,1872,71625538,309318712,-1,784208
50.521312,50.445210,70.919110,32,33,65,12.42969,-0.41269,5504,71877538,308541705,-1,636600
50.589366,50.512010,68.053850,32,33,65,12.76372,-0.41269,2630,67895039,308536256,-1,525148
50.658370,50.578810,69.004150,32,33,65,13.09770,-0.41269,1448,68146346,308521409,-1,488246
50.724880,50.662310,66.509890,32,33,65,13.51521,-0.41269,1408,67291461,308503653,-1,488212
50.791977,50.729130,67.097150,32,33,65,13.84934,-0.41269,1408,67202538,308503565,-1,488212
50.858499,50.795960,66.522230,32,33,65,14.18348,-0.41269,1448,66401654,308504429,-1,340604
50.924211,50.862760,65.711070,32,33,65,14.51753,-0.41269,1408,65501884,308509269,-1,340604
50.990110,50.912860,65.899310,32,33,65,14.76797,-0.41269,1408,65523154,308508313,-1,266800
51.054462,50.979640,64.352580,32,33,65,15.10190,-0.41269,1408,64007961,308501309,-1,266800
51.118460,51.046450,63.998080,32,33,65,15.43588,-0.41269,2670,64832846,308501628,-1,192996
51.182459,51.113280,63.998310,32,33,65,15.43588,-0.41269,1408,64510769,308506488,-1,192996
51.246525,51.180100,64.066040,32,33,65,15.43588,-0.41269,1408,64016077,308496873,-1,192996
51.310130,51.246930,63.605350,33,33,66,15.43588,-0.41269,2968,63538154,308583168,-1,192976
51.373813,51.313750,63.682810,33,33,66,15.43588,-0.41269,1408,63630500,308578316,-1,192976
51.438482,51.363850,64.668580,33,33,66,15.43588,-0.41269,1408,64612539,308577992,-1,192976
51.502409,51.430650,63.927270,33,33,66,15.43588,-0.41269,1408,63866153,308578048,-1,266780
51.566263,51.497480,63.853890,33,33,66,15.43588,-0.41269,1448,63771538,308578220,-1,266780
51.631347,51.564320,65.084620,33,33,66,15.43588,-0.41269,1408,65024462,308577808,-1,266780
51.695840,51.631120,64.492690,33,33,66,15.43588,-0.41269,1408,64440346,308577808,-1,266780
51.760721,51.697970,64.880540,33,33,66,15.43588,-0.41269,1488,64816884,308578008,-1,266780
51.825196,51.764800,64.475580,33,33,66,15.43588,-0.41269,1448,64336692,308578048,-1,266780
51.889707,51.814900,64.510730,33,33,66,15.43588,-0.41269,1448,64448923,308579984,-1,266780
51.954545,51.881700,64.837880,33,33,66,15.43588,-0.41269,1448,64595462,308579780,-1,266780
52.019154,51.948500,64.608960,33,33,66,15.43588,-0.41269,1488,64717769,308579368,-1,266780
52.084177,52.015300,65.023460,33,33,66,15.43588,-0.41269,2670,64963923,308579751,-1,266780
52.149829,52.082100,65.652190,33,33,66,15.43588,-0.41269,1832,65620269,308491505,-1,266780
52.215142,52.148900,65.312420,33,33,66,15.43588,-0.41269,1488,65242269,307695134,-1,340584
52.281343,52.215720,66.201080,33,33,66,15.43588,-0.41269,1448,66057308,307696026,-1,340584
52.347712,52.282540,66.369610,33,33,66,15.43588,-0.41269,1448,66386269,307696210,-1,340584
52.413114,52.349330,65.401230,33,33,66,15.43588,-0.41269,1488,65285808,307696026,-1,414388
52.478841,52.416160,65.727310,33,33,66,15.43588,-0.41269,1448,65704077,307696042,-1,414388
52.545450,52.482990,66.609040,33,33,66,15.43588,-0.41269,1448,66491846,307696174,-1,414388
52.611550,52.549790,66.100390,33,33,66,15.43588,-0.41269,1608,66113961,307716804,-1,414388
52.678023,52.616620,66.472270,33,33,66,15.43588,-0.41269,1472,66373923,307722429,-1,415156
52.744865,52.683440,66.842540,33,33,66,15.43588,-0.41269,1448,66643577,307723057,-1,415168
52.810950,52.750270,66.084730,33,33,66,15.43588,-0.41269,1488,66165269,307700946,-1,488972
52.876771,52.800400,65.820920,33,33,66,15.43588,-0.41269,5524,65737769,307726177,-1,488972
52.943673,52.867240,66.902150,33,33,66,15.43588,-0.41269,1448,66846693,307724912,-1,451324
53.010796,52.934040,67.122810,33,33,66,15.43588,-0.41269,1448,66735615,307724834,-1,488226
53.077819,53.000890,67.023420,33,33,66,15.43588,-0.41269,2710,67154269,307707592,-1,488212
53.145024,53.067700,67.204310,33,33,66,15.43588,-0.41269,1568,67027384,307728178,-1,488212
53.212412,53.134510,67.388770,33,33,66,15.43588,-0.41269,1472,67447192,307734788,-1,488980
53.280335,53.218030,67.923080,33,33,66,15.43588,-0.41269,1488,67719307,307734536,-1,562796
53.347776,53.284870,67.440960,33,34,67,15.43588,-0.41269,7024,67352038,307832915,-1,562796
53.416731,53.351680,68.954960,33,34,67,15.43588,-0.41269,2630,69055654,307836978,-1,525148
53.485633,53.418500,68.902040,33,34,67,15.43588,-0.41269,1448,68626731,307836356,-1,635854
53.554813,53.485310,69.179460,33,34,67,15.43588,-0.41269,1408,69338847,307819472,-1,635840
53.623435,53.552130,68.622660,33,34,67,15.43588,-0.41269,1408,68537308,307810175,-1,709644
53.694073,53.618930,70.637770,33,34,67,15.43588,-0.41269,1568,70521616,307840641,-1,709624
53.763907,53.685710,69.834000,33,34,67,15.43588,-0.41269,1432,69831384,307840798,-1,784196
53.833859,53.769210,69.952230,33,34,67,15.43588,-0.41269,1448,69360423,307841262,-1,784208
53.904688,53.836030,70.828610,33,34,67,15.43588,-0.41269,5192,71098231,307860383,-1,784208
53.974763,53.902830,70.074580,33,34,67,15.43588,-0.41269,1448,69956500,307855279,-1,746560
54.046213,53.969650,71.450730,33,34,67,15.43588,-0.41269,1448,70834346,307859637,-1,783462
54.117625,54.036460,71.411190,33,34,67,15.43588,-0.41269,2710,71852616,307832382,-1,783448
54.194297,54.119960,76.672690,33,34,67,15.43588,0.00483,1568,76017076,307862680,-1,857232
54.264235,54.186810,69.937390,33,34,67,15.43588,0.33903,1472,69583192,307868670,-1,931804
54.376254,54.253630,112.019200,32,35,67,15.43588,0.67315,5544,112159769,307899014,-1,931816
54.471075,54.370540,94.821040,32,35,67,15.43588,1.25770,2630,94912461,307875352,-1,894168
54.571835,54.470770,100.759800,32,35,67,15.43588,1.75885,1448,101206077,307853659,-1,1004860
54.674944,54.570980,103.109200,32,35,67,15.43588,2.25988,1408,102316461,307848723,-1,1078664
54.774809,54.671200,99.864540,32,35,67,15.43588,2.76101,1568,99904038,307875549,-1,1152448
54.876102,54.771420,101.293300,32,35,67,15.43588,3.26207,5136,101063308,307899268,-1,1153216
54.975542,54.871670,99.439690,32,35,67,15.43588,3.76336,1448,99779154,307886201,-1,1041776
55.069551,54.971930,94.009690,32,35,67,15.43588,4.26465,1792,93143116,307779858,-1,1078664
55.143488,55.072170,73.936920,32,35,67,15.43588,4.76585,2670,74217307,306972804,-1,1078664
55.217304,55.139000,73.815610,32,35,67,15.43588,5.09997,1408,73429308,306973972,-1,1152448
55.291606,55.205840,74.301730,32,35,67,15.43588,5.43417,1528,73985923,306993655,-1,1152448
55.368534,55.289390,76.928770,33,35,68,15.43588,5.85191,6696,76086307,307126832,-1,1153216
55.443081,55.356220,74.546420,33,35,68,15.43588,6.18608,1408,75454616,307110303,-1,1263188
55.517371,55.439780,74.289890,33,35,68,15.43588,6.60385,1408,74022615,307107541,-1,1300090
55.592443,55.506600,75.072850,33,35,68,15.43588,6.93794,1448,75570615,307080519,-1,1226272
55.671049,55.590130,78.605540,33,35,68,15.43588,7.35559,1408,77822269,307080907,-1,1226252
55.747157,55.673660,76.108150,33,35,68,15.43588,7.77325,1408,75664847,307113857,-1,1263154
55.824267,55.740490,77.109700,33,35,68,15.43588,8.10741,1608,78050231,307105813,-1,1263154
55.900676,55.824040,76.408840,33,35,68,15.43588,8.52516,5176,75885769,307140104,-1,1263922
55.974934,55.890860,74.258230,33,35,68,15.43588,8.85925,1832,74453538,307033249,-1,1300090
56.051631,55.974370,76.696880,33,35,68,15.43588,9.27681,1488,76532808,306231055,-1,1263188
56.128818,56.041210,77.187420,33,35,68,15.43588,9.61096,2670,77272307,306208764,-1,1263174
56.207437,56.124720,78.618310,33,35,68,15.43588,10.02852,1448,77645692,306209176,-1,1263154
56.283602,56.208220,76.165540,33,35,68,15.43588,10.44602,1488,77196192,306212993,-1,1263154
56.361499,56.275040,77.897310,33,35,68,15.43588,10.78012,1568,77571231,306233171,-1,1263154
56.439784,56.358600,78.284610,33,35,68,15.43588,11.19795,1472,77115346,306238590,-1,1263922
56.516148,56.442130,76.364430,32,36,68,15.43588,11.61559,5544,77267808,306257405,-1,1153226
56.593331,56.508930,77.182500,32,36,68,15.43588,11.94960,2630,76676500,306250376,-1,1152482
56.667589,56.592440,74.257800,32,36,68,15.43588,12.36712,1408,74423154,306245065,-1,1115580
56.743839,56.659250,76.250660,32,36,68,15.43588,12.70118,1448,76233115,306228037,-1,1152448
56.818387,56.742750,74.548040,32,36,68,15.43588,13.11869,1408,74693077,306227493,-1,1115546
56.895293,56.809590,76.906000,32,36,68,15.43588,13.45284,1408,75063077,306231401,-1,1115546
56.968800,56.893140,73.506920,32,36,68,15.43588,13.87060,1448,74843270,306236021,-1,1078644
57.043225,56.959990,74.424650,32,36,68,15.43588,14.20486,1408,74805808,306233705,-1,1078644
57.117005,57.043540,73.779580,32,36,68,15.43588,14.62262,2630,73748154,306233712,-1,1078644
57.191190,57.110370,74.185270,32,36,68,15.43588,14.62262,1448,74528000,306239816,-1,1041742
57.263928,57.193900,72.738270,32,36,68,15.43588,14.62262,1408,73156500,306233777,-1,1041742
57.338808,57.260770,74.879770,32,36,68,15.43588,14.62262,1408,74558269,306234410,-1,1078624
57.413963,57.327580,75.154730,33,36,69,15.43588,14.62262,2968,75006846,307113248,-1,1152428
57.486645,57.411110,72.682660,33,36,69,15.43588,14.62262,1408,72823308,307116612,-1,1189330
57.562500,57.477920,75.854800,33,36,69,15.43588,14.62262,1408,75791269,307116672,-1,1189330
57.638826,57.561450,76.325770,33,36,69,15.43588,14.62262,1448,76321000,307120408,-1,1189330
57.715818,57.628290,76.991770,33,36,69,15.43588,14.62262,1408,76863923,307121304,-1,1226232
57.792660,57.711810,76.842610,33,36,69,15.43588,14.62262,1408,76776807,307122416,-1,1226232
57.870166,57.795300,77.505500,33,36,69,15.43588,14.62262,1488,77239616,307126520,-1,1263134
57.948030,57.862130,77.864390,33,36,69,15.43588,14.62262,1448,77744115,307125756,-1,1263134
58.026043,57.945660,78.013150,33,36,69,15.43588,14.62262,1448,77787269,307130432,-1,1300036
58.104321,58.029180,78.277810,33,36,69,15.43588,14.62262,2710,78134923,307131039,-1,1447644
58.181821,58.095980,77.499500,33,36,69,15.43588,14.62262,1832,77659192,307042169,-1,1447644
58.261145,58.179480,79.324810,33,36,69,15.43588,14.62262,1448,78817539,306249706,-1,1410742
58.338884,58.262960,77.738500,33,36,69,15.43588,14.62262,1608,78030692,306269980,-1,1410742
58.418473,58.329770,79.588880,33,36,69,15.43588,14.62262,1472,79527808,306280737,-1,1411510
58.497726,58.413300,79.253040,33,36,69,15.43588,14.62262,1448,78917000,306280653,-1,1411522
58.576661,58.496860,78.935040,33,36,69,15.43588,14.62262,1488,79128423,306257746,-1,1411522
58.656903,58.580390,80.242650,33,36,69,15.43588,14.62262,5524,79985616,306295573,-1,1411522
58.740651,58.647200,83.747190,33,36,69,15.43588,14.62262,1448,80056846,306294384,-1,1558384
58.816052,58.730770,75.400920,33,36,69,15.43588,14.62262,1488,78421192,306321967,-1,1632188
58.897034,58.814340,80.982310,33,36,69,15.43588,14.62262,1568,81141577,306370623,-1,1595272
58.978925,58.897840,81.891080,33,36,69,15.43588,14.62262,1472,82081692,306333214,-1,1632942
59.061385,58.981380,82.459920,32,37,69,15.43588,14.62262,5544,82195615,306351905,-1,1669854
59.143243,59.064960,81.858230,32,37,69,15.43588,14.62262,2630,81677846,306347358,-1,1669110
59.224366,59.148480,81.123310,32,37,69,15.43588,14.62262,1408,81240384,306344098,-1,1816704
59.307669,59.215320,83.302420,32,37,69,15.43588,14.62262,1448,82852808,306326575,-1,1816704
59.391073,59.298870,83.403880,32,37,69,15.43588,14.62262,1408,83486962,306317138,-1,1816704
59.476088,59.382360,85.015300,33,37,70,15.43588,14.62262,3048,85046346,307225770,-1,1816684
59.559920,59.465880,83.832230,33,37,70,15.43588,14.62262,1472,83794577,307231905,-1,1928158
59.644768,59.549410,84.847890,33,37,70,15.43588,14.62262,5112,84573769,307247528,-1,1928168
59.731654,59.649670,86.886000,33,37,70,15.43588,14.62262,1408,86855615,307240906,-1,1964326
59.816420,59.733200,84.766110,33,37,70,15.43588,14.62262,1448,84643384,307214268,-1,2001214
59.903982,59.816740,87.561810,33,37,70,15.43588,14.62262,1448,87401538,307218532,-1,2001194
59.991922,59.900250,87.940120,33,37,70,15.43588,14.62262,1568,87986193,307239238,-1,2074998
60.080183,59.983820,88.260420,33,37,70,15.43588,14.62262,1512,88242000,307249885,-1,2001962
60.168813,60.084070,88.629920,33,38,71,15.43588,14.62262,8246,88569731,307353209,-1,2001972
60.272023,60.167620,103.210400,33,38,71,15.01815,14.62262,2630,102456077,308149386,-1,2038130
60.398494,60.267860,126.470800,34,38,72,14.51694,14.62262,2968,126238769,309007847,-1,2111920
60.530011,60.401500,131.517300,35,38,73,13.84876,14.62262,3048,132228346,310750270,-1,2185704
60.663760,60.535180,133.748800,36,38,74,13.18037,14.62262,10376,133193346,310886548,-1,2260276
60.801964,60.668820,138.204200,37,38,75,12.51218,14.62262,4574,137932116,311666960,-1,2222660
60.937634,60.802430,135.669700,38,38,76,11.84410,14.62262,3048,136301654,311680988,-1,2259566
61.068159,60.936060,130.524900,39,38,77,11.17597,14.62262,6848,128823077,312607771,-1,2333350
61.165484,61.069670,97.325540,39,39,78,10.50790,14.62262,8690,97622577,313587551,-1,2371022
61.258583,61.153220,93.098660,39,39,78,10.09014,14.62262,2790,92777231,314363256,-1,2333404
61.351863,61.253450,93.279960,40,39,79,9.58899,14.62262,3128,93815000,314459186,-1,2333390
61.450091,61.353680,98.227730,41,39,80,9.08784,14.62262,3208,98004076,315309953,-1,2296430
61.542163,61.453890,92.072540,43,39,82,8.58677,14.62262,4808,92094384,317190833,-1,2333332
61.632755,61.537400,90.592000,43,39,82,8.16921,14.62262,5416,90838500,317194276,-1,2334100
61.729043,61.637610,96.288310,44,39,83,7.66813,14.62262,3248,95505808,319197684,-1,2222660
61.818171,61.721130,89.127270,44,39,83,7.25052,14.62262,2112,89472500,319078855,-1,2296430
61.910929,61.821340,92.758650,45,39,84,6.74947,14.62262,3288,92628115,320790360,-1,2185724
62.000246,61.904880,89.316850,45,39,84,6.33181,14.62262,1888,89354884,321556671,-1,2259508
62.092685,61.988400,92.439160,46,39,85,5.91423,14.62262,3488,92102424,322474550,-1,2333312
62.184379,62.088610,91.693190,47,39,86,5.41318,14.62262,4654,91787231,324221478,-1,2334080
62.273320,62.172120,88.941350,46,40,86,4.99561,14.62262,5984,89045115,324235316,-1,2407894
62.365400,62.272310,92.080120,47,40,87,4.49465,14.62262,4630,91942423,325143019,-1,2296444
62.455784,62.355820,90.384120,47,40,87,4.07711,14.62262,1888,90315500,325092653,-1,2296410
62.548865,62.456050,93.080540,48,40,88,3.57596,14.62262,7168,93155923,325991344,-1,2259508
62.636273,62.539530,87.408350,48,40,88,3.15857,14.62262,3310,87504999,326011779,-1,2185742
62.732459,62.639730,96.186350,49,40,89,2.65753,14.62262,10896,95663962,326957344,-1,2149608
62.823305,62.723220,90.845660,49,40,89,2.24010,14.62262,3654,90773154,326855818,-1,2111992
62.913057,62.823400,89.752460,50,40,90,1.73920,14.62262,3528,89688384,326923438,-1,2111978
63.003863,62.906910,90.805340,50,40,90,1.32163,14.62262,2048,90718000,326898870,-1,2148880
63.096820,63.007160,92.956810,51,40,91,0.82042,14.62262,4830,92644693,327013050,-1,2111958
63.187771,63.090680,90.951030,51,40,91,0.82042,14.62262,2208,91926192,327030114,-1,2111958
63.279982,63.190880,92.211270,52,40,92,0.82042,14.62262,7336,92222154,327940567,-1,2112726
63.370864,63.274400,90.881610,52,40,92,0.82042,14.62262,2168,90466307,327922116,-1,2148874
63.462350,63.374600,91.486770,53,40,93,0.82042,14.62262,3648,91552385,328796389,-1,2185762
63.555669,63.458100,93.318770,54,40,94,0.82042,14.62262,3688,93607423,329741697,-1,2259526
63.651703,63.558300,96.033920,55,40,95,0.82042,14.62262,3728,95862731,330638155,-1,2333330
63.745389,63.641820,93.685770,55,40,95,0.82042,14.62262,2328,93584116,330662691,-1,2407134
63.842875,63.742030,97.485770,55,41,96,0.82042,14.62262,7808,97370962,331601010,-1,2407902
63.937979,63.842240,95.104000,56,41,97,0.82042,14.62262,5374,94895385,331586551,-1,2444070
64.032522,63.942450,94.543000,57,41,98,0.82042,14.62262,3768,94729693,331641865,-1,2444056
64.127919,64.025970,95.397730,57,41,98,0.82042,14.62262,3510,95285500,331646369,-1,2480938
64.226651,64.126150,98.731850,58,41,99,0.82042,14.62262,3848,98629539,332547273,-1,2480938
64.323997,64.226350,97.345660,59,41,100,0.82042,14.62262,3968,97377270,333466695,-1,2591644
64.421431,64.326550,97.434000,60,41,101,0.82042,14.62262,7656,97072962,334403697,-1,2629314
64.522940,64.426770,101.509000,61,41,102,0.82042,14.62262,3928,99080423,335333971,-1,2628580
64.618665,64.510280,95.725190,61,41,102,0.82042,14.62262,2408,98263346,335462498,-1,2739272
64.722150,64.610480,103.484900,62,41,103,0.82042,14.62262,4008,103309885,336362538,-1,2739252
64.822295,64.727360,100.145100,63,41,104,0.82042,14.62262,4128,100189923,337289959,-1,2886860
64.924457,64.827590,102.162500,63,42,105,0.82042,14.62262,8168,101926577,338231149,-1,2961432
65.026400,64.927820,101.942700,64,42,106,0.82042,14.62262,5270,101827654,338308690,-1,2997600
65.130020,65.028080,103.619800,65,42,107,0.82042,14.62262,6366,103723000,340155909,-1,3034488
65.232617,65.128290,102.597200,66,42,108,0.82042,14.62262,4088,102517731,340214159,-1,3108272
65.343153,65.228550,110.535700,67,42,109,0.82042,14.62262,7968,110539269,341152074,-1,3182076
65.448710,65.345460,105.557600,67,43,110,0.82042,14.62262,9466,105201615,342140227,-1,3256668
65.555140,65.445720,106.429200,68,43,111,0.82042,14.62262,5810,106147808,342924803,-1,3292834
65.662577,65.545950,107.436800,70,43,113,0.82042,14.62262,5728,107762039,343085079,-1,3292820
65.768376,65.662880,105.799000,71,43,114,0.82042,14.62262,4288,105755269,343989510,-1,3477310
65.877321,65.763120,108.945500,72,43,115,0.82042,14.62262,4408,108718692,344907422,-1,3551114
65.986967,65.880030,109.645600,73,43,116,0.82042,14.62262,8096,109568269,345035679,-1,3625686
66.097700,65.980250,110.733600,74,43,117,0.82042,14.62262,4368,110245807,345291829,-1,3624952
66.233783,66.097170,136.082800,75,43,118,0.82042,14.62262,5706,136785423,345356058,-1,3661820
66.416986,66.230790,183.202400,76,43,119,0.82042,13.95450,4488,182696038,345459596,-1,3661800
66.605345,66.414490,188.359500,77,43,120,0.82042,13.03601,8368,187706346,347207265,-1,3698702
66.789809,66.598180,184.463900,78,43,121,0.82042,12.11760,8720,184270577,348032649,-1,3957804
66.961212,66.781900,171.403500,79,43,122,0.82042,11.19899,4688,171398885,347294790,-1,4104644
67.084144,66.965590,122.931700,80,43,123,0.82042,10.28054,4848,122884577,347410679,-1,4178448
67.211555,67.082490,127.411200,79,44,123,0.82042,9.69606,12650,127313692,348167399,-1,4289922
67.334569,67.199420,123.014100,79,44,123,0.82042,9.11140,4466,122701076,347356087,-1,4252286
67.458680,67.333070,124.110400,79,44,123,0.82042,8.44318,3288,123952692,347334262,-1,4326076
67.581525,67.449980,122.844900,79,44,123,0.82042,7.85863,3288,123022307,347339056,-1,4436762
67.706876,67.583630,125.351400,80,44,124,0.82042,7.19039,4968,124876039,347460844,-1,4510566
67.835594,67.700550,128.717800,80,44,124,0.82042,6.60580,7016,128944730,347492345,-1,4622040
67.964510,67.834170,128.915800,80,44,124,0.82042,5.93769,3328,128800962,347461366,-1,4584404
68.091328,67.967800,126.818700,80,44,124,0.82042,5.26956,6968,127127731,348262030,-1,4621252
68.211591,68.084720,120.262300,80,44,124,0.82042,4.68496,4706,120095576,348282267,-1,4805782
68.348474,68.201650,136.883500,80,44,124,0.82042,4.10026,7056,136750846,349125193,-1,4806550
68.475601,68.352000,127.127100,80,44,124,0.82042,3.34852,3368,127005039,349111371,-1,4842718
68.601131,68.468940,125.530000,80,44,124,0.82042,2.76379,3328,125485346,349086198,-1,4842704
68.725722,68.602600,124.591000,80,44,124,0.82042,2.09551,3488,124319693,349112181,-1,4842684
68.849816,68.719520,124.093700,80,44,124,0.82042,1.51092,7440,123758154,349049027,-1,4843452
68.968555,68.853150,118.738900,80,44,124,0.82042,0.84276,3368,118987538,347940496,-1,4658188
69.089417,68.970030,120.861800,80,44,124,0.82042,0.25834,3328,120861885,347861105,-1,4695076
69.209884,69.086960,120.467200,80,44,124,0.82042,-0.32628,4586,120417500,347861388,-1,4695056
69.329768,69.203850,119.883900,80,44,124,0.82042,-0.32628,3448,120683577,347893550,-1,4695056
69.451765,69.320750,121.997500,80,44,124,0.82042,-0.32628,7096,121855076,347918086,-1,4732726
69.572711,69.454360,120.946000,80,44,124,0.82042,-0.32628,3328,120881846,347887971,-1,4731992
69.693352,69.571270,120.640900,80,44,124,0.82042,-0.32628,3368,120614461,347872026,-1,4768860
69.815510,69.688180,122.157500,81,44,125,0.82042,-0.32628,4848,121869346,347954148,-1,4805762
69.937249,69.805130,121.739800,81,44,125,0.82042,-0.32628,3488,121883346,347976532,-1,4805762
70.059681,69.938740,122.431700,80,45,125,0.82042,-0.32628,7408,122303115,348806133,-1,4843432
70.184588,70.055650,124.906800,80,45,125,0.82042,-0.32628,4546,124817192,348777433,-1,4842698
70.308048,70.189250,123.460000,80,45,125,0.82042,-0.32628,3328,123595077,348756258,-1,4916468
70.435787,70.306120,127.739000,80,45,125,0.82042,-0.32628,3488,127658154,349580061,-1,4953370
70.565432,70.439720,129.645100,79,46,125,0.82042,-0.32628,7408,129332154,349619901,-1,5101746
70.696665,70.556630,131.233000,79,46,125,0.82042,-0.32628,4546,131195461,349599269,-1,5064110
70.826175,70.690220,129.510200,79,46,125,0.82042,-0.32628,3288,129242077,349565918,-1,5100998
70.951402,70.823840,125.226900,79,46,125,0.82042,-0.32628,3448,125477000,349593121,-1,5100978
71.080654,70.940740,129.252200,79,46,125,0.82042,-0.32628,10696,129071769,349633880,-1,5138648
71.210269,71.074360,129.614800,79,46,125,0.82042,-0.32628,4546,129499808,349619388,-1,5137934
71.339868,71.207960,129.599000,79,46,125,0.82042,-0.32628,6968,129694384,349615949,-1,5211724
71.470919,71.341560,131.051000,79,46,125,0.82042,-0.32628,3448,130998000,349637575,-1,5174822
71.600075,71.475150,129.156500,78,47,125,0.82042,-0.32628,11144,128928577,349683471,-1,5175590
71.728250,71.592060,128.174000,78,47,125,0.82042,-0.32628,4890,128072692,349571047,-1,5137974
71.856452,71.725660,128.202500,79,47,126,0.82042,-0.32628,8448,128061885,348840878,-1,5101058
71.984920,71.859220,128.468100,79,47,126,0.82042,-0.32628,3408,128530000,349661328,-1,5174842
72.120383,71.976110,135.462800,79,47,126,0.82042,-0.32628,6976,135565615,349683945,-1,5249414
72.343494,72.109700,223.111600,79,47,126,0.82042,-0.32628,8570,223156384,349586005,-1,5211758
72.567593,72.343460,224.098800,79,47,126,1.98922,-0.32628,7008,223326692,348772382,-1,5211764
72.786643,72.560560,219.050000,79,47,126,3.07473,-0.32628,7128,218786269,348792832,-1,5285548
72.976814,72.777640,190.171000,79,47,126,4.16011,-0.32628,10736,189173615,348808318,-1,5212512
73.115845,72.978030,139.030300,79,47,126,5.16206,-0.32628,3328,139715000,348762998,-1,5101038
73.245699,73.111640,129.853900,79,47,126,5.83011,-0.32628,4626,129619615,348773304,-1,4990312
73.370907,73.245250,125.208800,79,47,126,6.49816,-0.32628,7440,125265539,348668160,-1,4769668
73.495248,73.362160,124.340300,79,47,126,7.08270,-0.32628,3288,123872270,347830243,-1,4362992
73.615797,73.495790,120.549400,79,47,126,7.75086,-0.32628,3328,119435154,347802512,-1,4252232
73.730881,73.612670,115.083400,79,47,126,8.33527,-0.32628,3408,115860576,347822554,-1,4030820
73.844555,73.729560,113.674700,80,47,127,8.91971,-0.32628,8576,113705769,347936878,-1,3736372
73.953244,73.846460,108.689100,80,47,127,9.50420,-0.32628,3288,108703769,347913075,-1,3329716
74.057170,73.946660,103.925700,80,47,127,10.00523,-0.32628,3328,103763769,347829225,-1,3145192
74.156454,74.046890,99.284000,80,47,127,10.50636,-0.32628,4506,99400230,347827856,-1,2776152
74.253958,74.147090,97.504310,80,47,127,11.00739,-0.32628,3448,96796500,347847682,-1,2185720
74.345366,74.247320,91.407190,80,47,127,11.50852,-0.32628,3352,91956808,347851882,-1,2112684
74.433711,74.347560,88.345000,80,47,127,12.00975,-0.32628,7072,88187539,347861899,-1,1965086
74.524682,74.431090,90.971230,80,47,127,12.42739,-0.32628,3328,91165077,347845753,-1,1632224
74.607617,74.514610,82.935040,80,47,127,12.84498,-0.32628,3328,83087769,347826858,-1,1447680
74.689153,74.598110,81.536380,80,47,127,13.26251,-0.32628,3368,81187885,347826606,-1,1447680
74.769504,74.681620,80.350580,80,47,127,13.68003,-0.32628,3328,80263231,347825250,-1,1300072
74.847916,74.765140,78.411770,80,47,127,14.09768,-0.32628,3328,78087230,347828470,-1,931052
74.922883,74.848660,74.967190,80,47,127,14.51525,-0.32628,3368,75209039,347821490,-1,709640
74.996825,74.915460,73.942080,80,47,127,14.84927,-0.32628,3328,74127616,347822022,-1,635836
75.067788,74.998990,70.963230,80,47,127,15.26689,-0.32628,3328,70212654,347819762,-1,635836
75.138986,75.065840,71.198350,80,47,127,15.60117,-0.32628,4586,71909923,347810565,-1,414424
75.208439,75.132680,69.452930,80,47,127,15.60117,-0.32628,3328,70019615,347814922,-1,340600
75.277625,75.199510,69.186000,80,47,127,15.60117,-0.32628,3328,69016615,347814883,-1,340600
75.347531,75.283040,69.906070,80,47,127,15.60117,-0.32628,3368,69951731,347814635,-1,340600
75.416061,75.349830,68.529270,80,47,127,15.60117,-0.32628,3328,68475039,347809979,-1,414404
75.485248,75.416650,69.187580,80,47,127,15.60117,-0.32628,3328,69025731,347810395,-1,414404
75.555822,75.483480,70.573620,80,47,127,15.60117,-0.32628,3368,70616116,347810323,-1,414404
75.625514,75.550280,69.692570,80,47,127,15.60117,-0.32628,3328,69556654,347810715,-1,562012
75.695608,75.617100,70.093500,80,47,127,15.60117,-0.32628,3328,70054231,347810299,-1,562012
75.766339,75.700590,70.730770,80,47,127,15.60117,-0.32628,3368,70626769,347810423,-1,562012
75.837688,75.767390,71.348880,81,47,128,15.60117,-0.32628,4848,71257577,348698667,-1,562012
75.908738,75.834210,71.050730,81,47,128,15.60117,-0.32628,3328,70871231,348698787,-1,598914
75.981377,75.901020,72.638890,81,47,128,15.60117,-0.32628,3368,72627769,348698739,-1,672718
76.054433,75.984520,73.055500,81,47,128,15.60117,-0.32628,3328,73092500,348699155,-1,672718
76.126487,76.051340,72.054730,81,47,128,15.60117,-0.32628,4546,71633230,348702834,-1,894130
76.200743,76.118130,74.255460,81,47,128,15.60117,-0.32628,3368,74423231,348703618,-1,820326
76.275435,76.201640,74.692040,81,47,128,15.60117,-0.32628,3368,74585615,348702731,-1,967934
76.351257,76.268460,75.822190,81,47,128,15.60117,-0.32628,3368,75765576,348702923,-1,967934
76.427412,76.351960,76.155040,81,47,128,15.60117,-0.32628,3528,75977115,348725131,-1,1041738
76.504112,76.418740,76.699880,81,47,128,15.60117,-0.32628,3392,76483808,348732600,-1,1116310
76.581278,76.502260,77.166340,81,47,128,15.60117,-0.32628,3368,76777077,348732840,-1,1116322
76.659367,76.585780,78.088730,81,47,128,15.60117,-0.32628,7484,78345923,348734627,-1,1190126
76.737319,76.652570,77.952310,81,47,128,15.60117,-0.32628,3368,77706577,348734470,-1,1226282
76.814343,76.736070,77.023850,81,47,128,15.60117,-0.32628,3368,77124039,348734320,-1,1263184
76.893394,76.802860,79.050930,81,47,128,15.60117,-0.32628,3408,79095653,348716713,-1,1263170
76.973837,76.886400,80.443000,81,47,128,15.60117,-0.32628,3488,80149884,348743521,-1,1263170
77.055801,76.969960,81.963690,81,47,128,15.60117,-0.32628,3392,81715923,348744856,-1,1411546
77.135720,77.053470,79.919500,80,48,128,15.60117,-0.32628,8682,79928385,348759653,-1,1485360
77.219009,77.136980,83.288230,80,48,128,15.60117,-0.32628,4546,83298538,348755226,-1,1447714
77.299443,77.220500,80.434300,80,48,128,15.60117,-0.32628,3328,80537423,348750320,-1,1779818
77.384834,77.303990,85.391110,80,48,128,15.60117,-0.32628,3368,85346461,348724313,-1,1779818
77.470569,77.387500,85.734700,80,48,128,15.60117,-0.32628,3448,85772039,348744745,-1,1927406
77.557347,77.470990,86.778380,80,48,128,15.60117,-0.32628,3352,86396347,348750792,-1,1928174
77.644512,77.554470,87.164420,79,49,128,15.60117,-0.32628,7424,87397269,348768218,-1,2001988
77.732171,77.637970,87.659160,79,49,128,15.60117,-0.32628,4506,87528269,348757595,-1,1964342
77.820246,77.721480,88.075160,79,49,128,15.60117,-0.32628,3288,87757192,348758004,-1,2148838
77.909933,77.821700,89.687080,80,49,129,15.60117,-0.32628,4848,89923462,349625185,-1,2148838
77.997753,77.905250,87.820230,80,49,129,15.60117,-0.32628,3408,87740731,349646653,-1,2296426
78.105013,77.988780,107.260000,80,49,129,15.60117,-0.32628,3312,106984193,349652080,-1,2370998
78.245505,78.105670,140.491700,80,49,129,15.60117,-0.32628,8250,140253269,349697480,-1,2444812
78.387748,78.239260,142.243500,80,49,129,15.60117,0.34166,3288,141918692,349726936,-1,2480970
78.531403,78.389560,143.654800,80,49,129,15.60117,1.09318,3368,143355193,349661576,-1,2739270
78.678987,78.523170,147.583600,80,49,129,15.60117,1.76119,3448,147546538,349682847,-1,2665446
78.811009,78.673490,132.022100,79,50,129,15.60117,2.51282,7448,131412923,349714962,-1,2740018
78.908880,78.807150,97.871150,79,50,129,15.60117,3.18112,8570,97938577,349661023,-1,2849990
79.007451,78.907400,98.571270,79,50,129,15.60117,3.68237,3328,98085346,348847303,-1,2886878
79.106137,79.007670,98.685770,79,50,129,15.60117,4.18368,4506,98389308,348787730,-1,2960682
79.205550,79.107930,99.413000,79,50,129,15.60117,4.68497,3448,99806500,348812416,-1,2813074
79.305165,79.208160,99.614580,79,50,129,15.60117,5.18615,11340,99030616,348776337,-1,2813842
79.405415,79.308420,100.250100,79,50,129,15.60117,5.68743,3328,100539462,348026256,-1,2850030
79.504197,79.408640,98.782540,79,50,129,15.60117,6.18854,3288,98873884,347934778,-1,2886918
79.637919,79.492160,133.722100,79,50,129,15.60117,6.60617,3288,133428423,347992167,-1,2886898
79.741549,79.625800,103.629300,79,50,129,15.60117,7.27437,3448,103551423,348022645,-1,2886878
79.864891,79.742740,123.342200,79,50,129,15.60117,7.85908,7016,123259307,348059489,-1,3109058
79.966373,79.859660,101.481600,80,50,130,15.60117,8.44370,4848,101143808,348136264,-1,3071422
80.073321,79.959900,106.948500,80,50,130,15.60117,8.94489,3288,107312000,348097951,-1,3071408
80.176307,80.076810,102.986100,80,50,130,15.60117,9.52945,4546,102932846,348099374,-1,3071368
80.278710,80.177020,102.403200,80,50,130,15.60117,10.03050,3408,102202885,348115964,-1,2960662
80.380189,80.277190,101.478400,80,50,130,15.60117,10.53135,3352,101165385,348123892,-1,2813822
80.479690,80.377370,99.501340,80,50,130,15.60117,11.03227,7416,99740885,348037790,-1,2776930
80.580264,80.477540,100.574100,80,50,130,15.60117,11.53312,3368,99372077,347231563,-1,2628578
80.677238,80.577740,96.973270,80,50,130,15.60117,12.03412,3328,97595769,347214862,-1,2665446
80.774031,80.677930,96.793300,80,50,130,15.60117,12.53505,3488,96525538,347190089,-1,2628544
80.870519,80.761420,96.488340,80,50,130,15.60117,12.95254,7056,96714192,347224241,-1,2555508
80.968157,80.861630,97.638270,80,50,130,15.60117,13.45354,3328,97399692,347258076,-1,2407166
81.063499,80.961830,95.342000,80,50,130,15.60117,13.95458,3368,94206423,347231955,-1,2591662
81.156916,81.062070,93.416230,80,50,130,15.60117,14.45577,4546,94771654,347195292,-1,2370250
81.251501,81.145570,94.584850,80,50,130,15.60117,14.45577,3328,95220154,347195646,-1,2222642
81.345615,81.245770,94.114620,80,50,130,15.60117,14.45577,3488,93933116,347224326,-1,2333328
81.437722,81.345990,92.107120,80,50,130,15.60117,14.45577,3352,91527731,347265467,-1,2481704
81.532783,81.429480,95.060960,79,51,130,15.60117,14.45577,7384,95508576,347247387,-1,2407910
81.629230,81.529690,96.447270,79,51,130,15.60117,14.45577,4546,96012461,347292334,-1,2554774
81.724441,81.629910,95.210730,79,51,130,15.60117,14.45577,3288,95423115,347275869,-1,2813054
81.822481,81.713430,98.040230,79,51,130,15.60117,14.45577,3288,98430346,347280222,-1,2923760
81.922812,81.813640,100.330300,79,51,130,15.60117,14.45577,3448,100046154,347306980,-1,2886858
82.023066,81.913890,100.254200,80,51,131,15.60117,14.45577,4832,100114730,348212935,-1,2998332
82.122592,82.014080,99.526340,80,51,131,15.60117,14.45577,4546,99456423,348202809,-1,3109048
82.225353,82.114320,102.760500,79,52,131,15.60117,14.45577,7344,102817730,348230245,-1,3219754
82.329897,82.214510,104.543800,79,52,131,15.60117,14.45577,4506,104175692,348224390,-1,3219010
82.432393,82.331440,102.496000,79,52,131,15.60117,14.45577,3368,102841000,348235267,-1,3366584
82.537795,82.431630,105.402000,79,52,131,15.60117,14.45577,3352,104671385,348247251,-1,3404254
82.643676,82.531840,105.881600,79,52,131,15.60117,14.45577,6992,106358154,348259802,-1,3478068
82.750715,82.648730,107.038600,79,52,131,15.60117,14.45577,3328,106840731,348261236,-1,3403520
82.857647,82.748910,106.932500,79,52,131,15.60117,14.45577,3288,106964577,348245331,-1,3514212
82.966162,82.849080,108.514900,79,52,131,15.60117,14.45577,3448,108469269,348262320,-1,3588016
83.083964,82.966030,117.801200,79,52,131,15.60117,14.45577,3312,117547885,348277847,-1,3662568
83.193577,83.082950,109.613500,78,53,131,15.60117,14.45577,8986,109464077,348211849,-1,3883990
83.314031,83.183170,120.454000,78,53,131,15.60117,14.45577,4466,120029846,347415322,-1,3883246
83.424739,83.316780,110.708200,78,53,131,15.60117,14.45577,3288,111174654,347395273,-1,3957036
83.546696,83.416980,121.956800,78,53,131,15.60117,14.45577,3368,121343115,347421552,-1,4030820
83.661307,83.550570,114.610700,78,53,131,15.60117,14.45577,7016,114448500,347453183,-1,4105392
83.783352,83.650760,122.045100,78,53,131,15.60117,14.45577,3248,122077462,347441860,-1,3993952
83.898163,83.784390,114.811300,78,53,131,15.60117,14.45577,3672,115104307,347322669,-1,4104644
84.043835,83.901280,145.671900,78,53,131,15.60117,14.45577,3248,145794384,346535437,-1,4178428
84.233660,84.034870,189.825100,79,53,132,15.60117,14.45577,6146,190008577,347458807,-1,4326036
84.470578,84.235260,236.917300,78,54,132,14.59920,14.45577,11048,236107076,347512994,-1,4474412
84.673754,84.469040,203.176500,78,54,132,13.43029,14.45577,11826,202565500,349111268,-1,4916488
84.830897,84.669440,157.143300,78,54,132,12.42828,14.45577,7144,156342961,351550069,-1,5359352
84.969573,84.819760,138.675400,78,54,132,11.67670,14.45577,15664,139425577,352294644,-1,5544650
85.128430,84.970120,158.857300,78,54,132,10.92488,14.45577,7128,158714461,352266783,-1,5359446
85.264359,85.120460,135.928700,78,54,132,10.17319,14.45577,8146,135929846,352261061,-1,5322510
85.398955,85.254060,134.596300,78,54,132,9.50522,14.45577,3408,134308500,352280507,-1,5137980
85.532648,85.387670,133.693000,78,54,132,8.83716,14.45577,10656,133669577,353112911,-1,4991140
85.660848,85.521320,128.200500,78,54,132,8.16890,14.45577,3288,127942923,353065645,-1,4916602
85.787125,85.654950,126.277000,78,54,132,7.50077,14.45577,3248,126245730,353028180,-1,4732018
85.911326,85.788580,124.200300,78,54,132,6.83262,14.45577,3408,124528692,353031153,-1,4510586
86.033198,85.905530,121.872400,77,55,132,6.24792,14.45577,7712,121269000,352978006,-1,4289922
86.149051,86.022460,115.852800,77,55,132,5.66326,14.45577,4466,116106000,352157347,-1,4067776
86.263898,86.139390,114.847100,78,55,133,5.07861,14.45577,4728,114996038,352204510,-1,4030860
86.378169,86.256300,114.270800,78,55,133,4.49406,14.45577,3248,113573846,352201967,-1,3920114
86.489535,86.373240,111.365700,78,55,133,3.90939,14.45577,3328,111765269,352222920,-1,3772506
86.598942,86.490130,109.407100,78,55,133,3.32493,14.45577,3272,109288269,352222975,-1,3514960
86.707278,86.590330,108.336000,78,55,133,2.82391,14.45577,6952,107933500,352223086,-1,3404264
86.813725,86.707230,106.447100,78,55,133,2.23940,14.45577,3288,106368423,352224737,-1,3255892
86.918204,86.807420,104.478700,78,55,133,1.73847,14.45577,3248,104356692,352201354,-1,3218976
87.021400,86.907620,103.196800,78,55,133,1.23746,14.45577,3288,103575385,352203286,-1,3108270
87.124185,87.024510,102.784600,78,55,133,0.65296,14.45577,4466,102637923,353000641,-1,3071368
87.224487,87.124700,100.301900,78,55,133,0.65296,14.45577,3288,101141308,353017633,-1,2997564
87.326665,87.224940,102.177700,78,55,133,0.65296,14.45577,3248,102132038,353013658,-1,3071368
87.429048,87.325160,102.383600,78,55,133,0.65296,14.45577,3288,102222423,353006875,-1,3034466
87.531663,87.425380,102.614700,78,55,133,0.65296,14.45577,3248,102612615,353010772,-1,3108250
87.634413,87.525630,102.750200,78,55,133,0.65296,14.45577,3792,102633731,352940329,-1,3108250
87.738000,87.625870,103.586700,78,55,133,0.65296,14.45577,3272,103260847,352154660,-1,3109018
87.840442,87.742790,102.441800,78,55,133,0.65296,14.45577,3288,102388808,352142731,-1,3109028
87.942895,87.843000,102.453700,77,56,133,0.65296,14.45577,7676,102662230,352179066,-1,3145930
88.046295,87.943210,103.399900,77,56,133,0.65296,14.45577,4466,103178654,352181767,-1,3182088
88.150006,88.043430,103.711100,77,56,133,0.65296,14.45577,4546,103782692,352191514,-1,3292780
88.255271,88.143600,105.265000,78,56,134,0.65296,14.45577,4792,104974884,353090178,-1,3330450
88.359543,88.260510,104.271500,78,56,134,0.65296,14.45577,6912,104388076,353103228,-1,3367362
88.464816,88.360710,105.273500,78,56,134,0.65296,14.45577,3248,105059846,353101415,-1,3403520
88.570376,88.460910,105.560000,78,56,134,0.65296,14.45577,3208,105627423,353088808,-1,3514212
88.677792,88.561100,107.415800,78,56,134,0.65296,14.45577,3368,107239423,353105104,-1,3551114
88.787873,88.678020,110.081300,78,56,134,0.65296,14.45577,3272,107215000,353115559,-1,3551862
88.896287,88.778200,108.413300,77,57,134,0.65296,14.45577,7344,110700423,353138744,-1,3551872
89.002030,88.895100,105.743600,77,57,134,0.65296,14.45577,4426,105987461,353141429,-1,3588030
89.111324,88.995290,109.293500,77,57,134,0.65296,14.45577,3248,109314462,353122989,-1,3772526
89.222324,89.112170,111.000200,77,57,134,0.65296,14.45577,4546,110956654,353149267,-1,3846310
89.332616,89.212340,110.291800,77,57,134,0.65296,14.45577,3272,110038346,353154642,-1,3883980
89.443726,89.329250,111.110300,77,57,134,0.65296,14.45577,6912,111217192,353180756,-1,3957794
89.556191,89.446160,112.464800,77,57,134,0.65296,14.45577,3248,112257230,353177331,-1,3993952
89.668534,89.546360,112.343500,77,57,134,0.65296,14.45577,3592,112445461,353060355,-1,4067742
89.781996,89.663270,113.462000,77,57,134,0.65296,14.45577,3368,113337077,352289525,-1,4030820
89.903080,89.780190,121.083600,76,58,134,0.65296,14.45577,7288,121036692,352333164,-1,4068490
90.096007,89.897120,192.926800,76,58,134,0.65296,14.45577,4426,192871769,352318649,-1,4104658
90.290547,90.097520,194.540400,77,58,135,0.65296,14.45577,5946,194444923,352382242,-1,4215350
90.488439,90.281230,197.892300,78,58,136,0.65296,13.53722,4808,197038539,353306898,-1,4326036
90.668011,90.481650,179.571300,78,58,136,0.65296,12.53508,10616,178916307,354161396,-1,4363706
90.787644,90.665350,119.633400,79,58,137,0.65296,11.61657,8792,120086385,354134868,-1,4621272
90.911478,90.782300,123.834500,79,58,137,0.65296,11.03184,3408,123196154,353368871,-1,4621292
91.028558,90.899280,117.079300,79,58,137,0.65296,10.44690,11012,117554000,353039213,-1,4806570
91.151919,91.032940,123.361000,79,58,137,0.65296,9.77863,8186,123248500,353035106,-1,4805856
91.275479,91.149860,123.560100,79,58,137,0.65296,9.19397,3288,123651846,352994971,-1,4879666
91.401639,91.266820,126.160400,80,58,138,0.65296,8.60920,4848,126007962,353891218,-1,4953430
91.526955,91.400460,125.315500,80,58,138,0.65296,7.94098,3408,125361308,353911450,-1,5064136
91.655579,91.517360,128.624500,79,59,138,0.65296,7.35644,7792,128413808,353852158,-1,5138688
91.781567,91.650990,125.987500,79,59,138,0.65296,6.68827,4466,125611808,353014766,-1,5064150
91.908212,91.784630,126.645200,80,59,139,0.65296,6.02009,4848,127102846,353880071,-1,5100998
92.035676,91.901590,127.464300,80,59,139,0.65296,5.43530,3408,126886269,353899412,-1,5248586
92.165179,92.035240,129.503000,80,59,139,0.65296,4.76703,8274,129523808,353929869,-1,5323158
92.293053,92.168850,127.873600,80,59,139,0.65296,4.09898,3288,127829270,353915190,-1,5285522
92.421340,92.285770,128.286800,82,59,141,0.65296,3.51435,6408,128365077,354072298,-1,5359312
92.550871,92.419460,129.531700,82,59,141,0.65296,2.84591,3448,128891577,354091620,-1,5396194
92.679581,92.553060,128.709400,82,59,141,0.65296,2.17790,3392,129109115,354104523,-1,5396962
92.809145,92.669980,129.564000,81,60,141,0.65296,1.59329,7384,129554077,354126677,-1,5470776
92.940439,92.803600,131.294700,82,60,142,0.65296,0.92523,6146,131036961,355054176,-1,5433130
93.069225,92.937220,128.785400,82,60,142,0.65296,0.25711,3368,128625999,355034843,-1,5543802
93.201044,93.070820,131.819000,82,60,142,0.65296,-0.41092,4626,132132769,355843311,-1,5580704
93.330848,93.204450,129.804000,82,60,142,0.65296,-0.41092,3752,130540423,355756212,-1,5654508
93.468401,93.321410,137.553000,83,60,143,0.65296,-0.41092,4968,137443462,355848359,-1,5580704
93.598313,93.471750,129.912300,83,60,143,0.65296,-0.41092,3408,129863961,355836143,-1,5617606
93.729894,93.588680,131.580600,83,60,143,0.65296,-0.41092,3448,131438885,355841495,-1,5654488
93.862846,93.722310,132.952000,83,60,143,0.65296,-0.41092,3408,132884846,355839760,-1,5654488
93.996491,93.855930,133.645700,84,60,144,0.65296,-0.41092,5128,133584384,357554569,-1,5654488
94.127919,93.989540,131.428000,84,60,144,0.65296,-0.41092,3472,130892846,357563143,-1,5765962
94.267937,94.123190,140.017900,84,60,144,0.65296,-0.41092,8782,140394692,357572348,-1,5802874
94.407418,94.273500,139.481000,84,60,144,0.65296,-0.41092,3448,139246731,357569572,-1,5765228
94.546268,94.407100,138.849700,86,60,146,0.65296,-0.41092,7072,138936039,359324894,-1,5802116
94.679829,94.540690,133.561000,86,60,146,0.65296,-0.41092,3512,133339884,358476476,-1,5876688
94.823640,94.674300,143.810900,85,61,146,0.65296,-0.41092,7584,143855539,358488790,-1,5913600
94.962973,94.824580,139.333200,85,61,146,0.65296,-0.41092,4666,139160615,358473897,-1,5875954
95.100401,94.958170,137.427800,86,61,147,0.65296,-0.41092,5208,137479961,358566299,-1,5949724
95.241321,95.091790,140.920000,86,61,147,0.65296,-0.41092,8474,140247116,359389947,-1,5987394
95.381119,95.242080,139.798600,86,61,147,0.65296,-0.41092,3568,140119807,359373277,-1,5986660
95.518946,95.375700,137.826200,86,61,147,0.65296,-0.41092,3528,137960193,359341509,-1,6023548
95.659521,95.509320,140.575700,87,61,148,0.65296,-0.41092,5248,140499846,360257724,-1,6023528
95.801990,95.659610,142.468500,86,62,148,0.65296,-0.41092,7648,142380308,360299727,-1,6061198
96.047258,95.793200,245.268500,86,62,148,0.65296,-0.41092,4786,245474615,360266317,-1,6023562
96.343751,96.043670,296.492800,87,62,149,0.65296,-0.41092,6426,296051076,361166147,-1,6023528
96.582607,96.344250,238.856100,87,62,149,2.15587,-0.41092,7336,238377462,361196692,-1,6208806
96.853746,96.578020,271.139100,89,62,151,3.32468,-0.41092,10832,270609230,362141923,-1,6208038
97.010008,96.845150,156.261800,89,62,151,4.66033,-0.41092,15092,155934192,361373813,-1,6171924
97.156485,97.012180,146.476900,89,62,151,5.49548,-0.41092,4826,146656384,361331321,-1,6023588
97.296124,97.145810,139.638700,90,62,152,6.16361,-0.41092,5368,139716423,362222607,-1,5654568
97.431194,97.296120,135.070500,90,62,152,6.91518,-0.41092,7416,134437769,362224146,-1,5581512
97.563610,97.429740,132.415900,90,62,152,7.58328,-0.41092,4112,132744423,362097219,-1,5101052
97.691200,97.563330,127.589600,90,62,152,8.25124,-0.41092,3688,126274654,361268257,-1,4695056
97.812260,97.680270,121.060300,91,62,153,8.83597,-0.41092,5408,121945577,362146143,-1,4547448
97.928832,97.813910,116.572100,91,62,153,9.50415,-0.41092,7456,116714538,362173057,-1,4105392
98.043425,97.930830,114.592800,91,62,153,10.08877,-0.41092,3768,113894846,362142674,-1,3772540
98.152232,98.031060,108.806700,91,62,153,10.58991,-0.41092,4946,108862654,362104654,-1,3292800
98.255916,98.147990,103.684400,91,62,153,11.17459,-0.41092,3808,104240730,362096750,-1,3071368
98.356216,98.248240,100.300400,92,62,154,11.67582,-0.41092,5408,100334000,362170664,-1,2702348
98.452499,98.348490,96.282770,91,63,154,12.17707,-0.41092,7888,95220270,362206458,-1,2334096
98.542920,98.448710,90.420460,91,63,154,12.67818,-0.41092,4946,90719462,362181398,-1,2075048
98.631624,98.532250,88.704380,91,63,154,13.09589,-0.41092,3728,89281385,362146863,-1,1706014
98.714239,98.632510,82.614810,92,63,155,13.59721,-0.41092,5288,82310192,362235816,-1,1595288
98.796754,98.716050,82.514730,92,63,155,14.01487,-0.41092,3768,82588308,362234808,-1,1300072
98.876499,98.799610,79.745310,93,63,156,14.43264,-0.41092,5408,79591077,363803576,-1,1004856
98.952558,98.866410,76.059540,93,63,156,14.76667,-0.41092,3832,76032962,363806533,-1,931820
99.025937,98.949910,73.378960,93,63,156,15.18420,-0.41092,7472,73069308,363837348,-1,710420
99.098575,99.016740,72.637340,93,63,156,15.51832,-0.41092,4986,73093654,363812788,-1,525164
99.167825,99.100300,69.250150,93,63,156,15.51832,-0.41092,3848,69786654,363807106,-1,414458
99.237899,99.167140,70.073960,93,63,156,15.51832,-0.41092,3808,70119500,363789344,-1,414424
99.310808,99.233960,72.909160,93,63,156,15.51832,-0.41092,3848,72855884,363789468,-1,488228
99.381719,99.300790,70.910800,94,63,157,15.51832,-0.41092,5528,70773769,364695156,-1,562032
99.452401,99.384300,70.681730,93,64,157,15.51832,-0.41092,7928,70367230,364732226,-1,562800
99.523908,99.451130,71.507500,93,64,157,15.51832,-0.41092,5026,71798269,364714960,-1,672772
99.643899,99.517970,119.991300,93,64,157,15.51832,-0.41092,3848,119686461,364709594,-1,709674
99.722526,99.634910,78.626580,93,64,157,15.51832,-0.41092,3808,78729307,364691812,-1,783464
99.805402,99.718450,82.875620,93,64,157,15.51832,-0.41092,3848,82581346,364682136,-1,857268
99.880186,99.801980,74.784690,94,64,158,15.51832,-0.41092,5368,74672231,364773512,-1,783444
99.956008,99.885480,75.822150,94,64,158,15.51832,-0.41092,3848,76030846,364778832,-1,931052
100.030503,99.952300,74.494890,94,64,158,15.51832,-0.41092,4392,74367616,364710723,-1,1004856
100.109976,100.035800,79.473110,94,64,158,15.51832,-0.41092,5090,78993384,363914797,-1,1005624
100.188406,100.102600,78.429460,94,64,158,15.51832,-0.41092,3848,78489346,363888069,-1,1079438
100.267461,100.186100,79.054700,94,64,158,15.51832,-0.41092,7964,79298885,363916540,-1,1153224
100.344761,100.269600,77.300040,94,64,158,15.51832,-0.41092,3888,77208462,363916937,-1,1336988
100.428689,100.336500,83.928890,95,64,159,15.51832,-0.41092,5408,83521500,364004679,-1,1521484
100.510357,100.420000,81.667270,95,64,159,15.51832,-0.41092,3928,81732270,363987909,-1,1595288
100.595305,100.503500,84.948580,95,64,159,15.51832,-0.41092,4008,85107923,364013939,-1,1742896
100.678047,100.587000,82.741540,95,64,159,15.51832,-0.41092,3912,82015230,364014170,-1,1743664
100.765564,100.670600,87.517150,95,65,160,15.51832,-0.41092,9504,87971500,364131950,-1,1743674
100.851697,100.770800,86.132730,95,65,160,15.51832,-0.41092,5066,85730346,364127559,-1,1853636
100.941707,100.854300,90.010690,96,65,161,15.51832,-0.41092,5408,89941538,365074647,-1,2038132
101.028185,100.937900,86.477350,96,65,161,15.51832,-0.41092,3928,86800923,365035852,-1,2148838
101.120154,101.021400,91.969190,96,65,161,15.51832,-0.41092,5610,91606038,364965005,-1,2296426
101.210694,101.121600,90.540270,96,65,161,15.51832,-0.41092,3952,90606654,364206331,-1,2149586
101.301052,101.205100,90.357420,96,65,161,15.51832,-0.41092,7672,90342615,364182253,-1,2297204
101.391963,101.305300,90.911540,96,65,161,15.51832,-0.41092,3968,90707961,364205406,-1,2407166
101.489177,101.388900,97.213960,97,65,162,15.51832,-0.41092,5488,97283346,365040912,-1,2517858
101.582944,101.489100,93.766460,97,65,162,15.51832,-0.41092,4008,93426116,365073407,-1,2628544
101.682146,101.572600,99.202610,97,65,162,15.51832,-0.41092,4088,99200038,365062974,-1,2776152
101.796310,101.672800,114.164200,96,66,162,15.51832,-0.41092,8048,114351731,365138625,-1,2776920
101.971728,101.789700,175.417200,96,66,162,15.51832,-0.41092,5186,175184423,365120609,-1,2813088
102.151673,101.973400,179.945800,97,66,163,15.51832,-0.41092,5488,180022115,366816516,-1,3218996
102.322766,102.157100,171.093000,97,66,163,15.51832,-0.41092,5346,171060269,366810790,-1,3477290
102.486179,102.324100,163.413000,97,66,163,15.51832,0.42405,7696,161628653,366837801,-1,3478058
102.601123,102.474400,114.943700,98,66,164,15.51832,1.17559,5952,114892154,367650260,-1,3588016
102.707563,102.591300,106.439800,98,66,164,15.51832,1.76029,7688,107034846,366841908,-1,3514192
102.815451,102.708200,107.887900,99,66,165,15.51832,2.34484,5688,107399500,366951627,-1,3588016
102.924600,102.808400,109.148900,99,66,165,15.51832,2.84590,7736,108992385,366982545,-1,3736392
103.038660,102.925400,114.060000,99,66,165,15.51832,3.43063,8028,112987269,366977634,-1,3772560
103.147683,103.025600,109.023500,100,66,166,15.51832,3.93172,6786,110047115,367845667,-1,3661860
103.258886,103.142600,111.202800,100,66,166,15.51832,4.51647,7768,110235039,367868251,-1,3846350
103.371277,103.259500,112.391300,100,66,166,15.51832,5.10114,4208,113060923,367891155,-1,3993978
103.491348,103.359700,120.070800,100,66,166,15.51832,5.60237,8336,120318269,367814080,-1,4068550
103.607044,103.493400,115.695600,100,66,166,15.51832,6.27058,4088,114791192,367003522,-1,3920188
103.720512,103.610300,113.468700,100,66,166,15.51832,6.85536,4168,114075039,366964404,-1,4030880
103.835175,103.710600,114.662300,100,66,166,15.51832,7.35645,4128,114332000,366971589,-1,4030840
103.948892,103.827500,113.716800,100,66,166,15.51832,7.94113,4288,114209077,366989999,-1,4178448
104.066129,103.944500,117.237100,100,66,166,15.51832,8.52598,7856,116399731,367022102,-1,4142294
104.181203,104.061400,115.074400,100,66,166,15.51832,9.11065,5386,115152462,367003254,-1,4104658
104.296254,104.178400,115.050800,100,66,166,15.51832,9.69539,4128,115214346,367785213,-1,4030820
104.408678,104.295300,112.424200,100,66,166,15.51832,10.27993,4168,112561731,367781846,-1,4030820
104.524075,104.412200,115.397500,100,66,166,15.51832,10.86447,4248,115180384,367802956,-1,3993918
104.637491,104.512400,113.416000,99,67,166,15.51832,11.36552,8248,112655923,367847059,-1,3883980
104.749332,104.629300,111.840300,99,67,166,15.51832,11.95019,5306,112280731,367826670,-1,3846344
104.860161,104.746200,110.828800,100,67,167,15.51832,12.53476,5648,110917231,367892626,-1,3846310
104.970974,104.863100,110.813700,100,67,167,15.51832,13.11917,4088,110125807,367890147,-1,3698702
105.080520,104.963300,109.546000,100,67,167,15.51832,13.62012,4248,109997154,367913877,-1,3551094
105.188305,105.080200,107.785200,100,67,167,15.51832,14.20461,5330,107865846,367925059,-1,3551862
105.294902,105.180400,106.596300,100,67,167,15.51832,14.20461,7832,107279269,367943616,-1,3404264
105.399909,105.297300,105.007500,100,67,167,15.51832,14.20461,4128,104871731,367937698,-1,3440422
105.504505,105.397500,104.595900,100,67,167,15.51832,14.20461,4168,104877269,367920195,-1,3587996
105.612428,105.497700,107.923200,100,67,167,15.51832,14.20461,4248,107819077,367945217,-1,3587996
105.720804,105.614600,108.375500,100,67,167,15.51832,14.20461,4192,107902577,367957072,-1,3588764
105.830184,105.714800,109.380200,99,68,167,15.51832,14.20461,8184,109353769,367984971,-1,3625676
105.939999,105.831700,109.815200,100,68,168,15.51832,14.20461,6866,109957576,368075652,-1,3735638
106.050532,105.931900,110.533000,100,68,168,15.51832,14.20461,4088,110625961,368052690,-1,3957036
106.168693,106.048800,118.160500,100,68,168,15.51832,14.20461,5466,117911615,368085968,-1,3920114
106.282591,106.165800,113.898200,100,68,168,15.51832,14.20461,4496,113567923,368008999,-1,4031588
106.395735,106.282700,113.144200,100,68,168,15.51832,14.20461,7832,113473615,367227213,-1,4142304
106.512699,106.399600,116.964100,100,68,168,15.51832,14.20461,4128,116395923,367235655,-1,4141560
106.628295,106.516500,115.595700,100,68,168,15.51832,14.20461,4168,115911654,367213427,-1,4473664
106.750526,106.633400,122.230700,100,68,168,15.51832,14.20461,4248,121744038,367246201,-1,4473644
106.868898,106.750300,118.372300,100,68,168,15.51832,14.20461,4192,118478423,367249848,-1,4548216
106.993550,106.867300,124.652200,99,69,168,15.51832,14.20461,8184,124695616,367273247,-1,4548226
107.116157,106.984200,122.607200,100,69,169,15.51832,14.20461,6866,122467346,367365551,-1,4621286
107.242770,107.117800,126.612300,100,69,169,15.51832,14.20461,5306,126717846,367348593,-1,4879566
107.369961,107.234700,127.191700,100,69,169,15.51832,14.20461,4248,126986884,367373616,-1,4953370
107.508866,107.368300,138.904700,100,69,169,15.51832,14.20461,8200,138667346,367326385,-1,4991040
107.654059,107.501900,145.193500,100,69,169,15.51832,14.20461,4168,145202115,366525262,-1,5027208
107.876195,107.652200,222.135600,100,69,169,15.51832,14.20461,4128,222118770,366500966,-1,5137900
108.098828,107.869300,222.633100,100,69,169,15.51832,14.20461,4288,222637461,366532964,-1,5359292
108.337914,108.103100,239.085800,99,70,169,15.51832,14.20461,13146,238740115,366575281,-1,5396962
108.499485,108.337000,161.571200,99,70,169,14.34920,14.20461,9026,160839231,367384453,-1,5433116
108.638081,108.487300,138.595900,99,70,169,13.59750,14.20461,11568,138543730,369838657,-1,6171176
108.787538,108.637700,149.457400,100,70,170,12.84565,14.20461,13440,149416884,373145900,-1,6541004
108.953520,108.788000,165.981400,100,70,170,12.09392,14.20461,8308,165435884,372261614,-1,6614094
109.109428,108.955100,155.908500,100,70,170,11.25862,14.20461,7808,156204500,373034871,-1,6650962
109.263123,109.105400,153.694800,100,70,170,10.50708,14.20461,9106,154181269,373877844,-1,6466452
109.415927,109.255700,152.804200,100,70,170,9.75548,14.20461,7896,151662308,374683361,-1,6467240
109.562741,109.406000,146.813400,100,70,170,9.00397,14.20461,4128,147049153,374640459,-1,6318858
109.707174,109.556300,144.432900,100,70,170,8.25240,14.20461,4168,144544923,374604772,-1,6097392
109.849030,109.706700,141.856400,100,70,170,7.50072,14.20461,4248,141825192,374607550,-1,5802156
109.987116,109.840300,138.086200,100,70,170,6.83265,14.20461,8280,137125615,374544475,-1,5581492
110.120646,109.990600,133.530000,100,70,170,6.08093,14.20461,4128,134421115,373716556,-1,5359326
110.249396,110.124300,128.750300,100,70,170,5.41270,14.20461,5386,128705346,373684052,-1,5174782
110.378141,110.241200,128.744500,100,70,170,4.82805,14.20461,4248,128508000,373704701,-1,4879566
110.501731,110.374800,123.590000,99,71,170,4.15980,14.20461,8248,123490346,373735250,-1,4769628
110.623021,110.491800,121.289700,99,71,170,3.57523,14.20461,5306,120959770,373718399,-1,4510580
110.741474,110.625400,118.453700,99,71,170,2.90703,14.20461,4128,118837616,373684628,-1,4362958
110.859237,110.742300,117.762700,99,71,170,2.32228,14.20461,4208,117306615,373704286,-1,4252232
110.974720,110.859300,115.482700,100,71,171,1.73754,14.20461,5672,114408153,373796669,-1,4105392
111.087796,110.976200,113.076500,100,71,171,1.15281,14.20461,7792,113964192,374605354,-1,3920892
111.199769,111.076500,111.973100,100,71,171,0.65161,14.20461,5346,112282923,374601072,-1,3846344
111.312406,111.193400,112.636900,100,71,171,0.65161,14.20461,4088,113411769,374593689,-1,3846310
111.424446,111.310400,112.039900,100,71,171,0.65161,14.20461,4248,111941192,374619687,-1,3883212
111.542289,111.427300,117.843200,100,71,171,0.65161,14.20461,4152,117601577,374624650,-1,3883980
111.648767,111.544300,106.478000,99,72,171,0.65161,14.20461,8224,106642193,374329126,-1,3883990
111.761793,111.644500,113.026200,99,72,171,0.65161,14.20461,5306,112663115,374320648,-1,3883246
111.873844,111.761500,112.050700,99,72,171,0.65161,14.20461,4128,112092346,374294696,-1,3957036
111.987427,111.878400,113.583300,99,72,171,0.65161,14.20461,4208,113683462,374317618,-1,3993918
112.101320,111.978600,113.892900,99,72,171,0.65161,14.20461,4152,113211499,374325361,-1,4031588
112.214839,112.095500,113.518700,100,72,172,0.65161,14.20461,10914,113956269,374335632,-1,4068500
112.328866,112.212400,114.027100,100,72,172,0.65161,14.20461,4128,113830384,373535543,-1,4141560
112.442401,112.329400,113.535200,100,72,172,0.65161,14.20461,4088,113621500,373511125,-1,4215350
112.556640,112.446300,114.238800,100,72,172,0.65161,14.20461,4248,114152539,373537406,-1,4289134
112.672280,112.546600,115.639800,100,72,172,0.65161,14.20461,4152,115434423,373537673,-1,4289902
112.787408,112.663500,115.127600,99,73,172,0.65161,14.20461,8224,115277192,373558932,-1,4289912
112.903913,112.780400,116.505800,99,73,172,0.65161,14.20461,5306,116239116,373549926,-1,4362972
113.020202,112.897400,116.288800,100,73,173,0.65161,14.20461,5648,116367154,373620581,-1,4510546
113.139834,113.014300,119.632100,100,73,173,0.65161,14.20461,5426,119294808,373643572,-1,4584350
113.258989,113.131200,119.154500,100,73,173,0.65161,14.20461,4152,119125538,373653015,-1,4622020
113.379151,113.248200,120.162500,100,73,173,0.65161,14.20461,8176,120246385,373571510,-1,4695834
113.537540,113.381800,158.388200,100,73,173,0.65161,14.20461,4168,158047192,372760332,-1,4658188
113.748320,113.532200,210.780800,100,73,173,0.65161,14.20461,4248,211117461,372767286,-1,4695056
114.054477,113.749300,306.156300,99,74,173,0.65161,14.20461,8248,306011154,372813480,-1,4769628
114.269462,114.049900,214.985400,99,74,173,0.65161,14.20461,5466,215117115,372795953,-1,4990292
114.427950,114.267100,158.488000,100,74,174,0.65161,13.11903,9376,157519770,373722171,-1,5249354
114.556928,114.417400,128.977700,100,74,174,0.65161,12.36745,8152,129010538,373602800,-1,5470018
114.707714,114.551000,150.786300,100,74,174,0.65161,11.69917,7928,149754192,372832800,-1,5543822
114.839551,114.701400,131.837200,100,74,174,0.65161,10.94756,7856,132268616,372864784,-1,5655316
114.984547,114.835000,144.995900,100,74,174,0.65161,10.27957,7848,144796077,372869634,-1,5691484
115.119594,114.985300,135.047100,100,74,174,0.65161,9.52778,11488,135218269,372858847,-1,5986706
115.268118,115.118900,148.523400,100,74,174,0.65161,8.85972,5506,148542230,372881640,-1,6023628
115.406905,115.269300,138.787600,100,74,174,0.65161,8.10807,7856,138331692,372906816,-1,6171984
115.555597,115.402900,148.691600,100,74,174,0.65161,7.44004,8232,149026308,372802682,-1,6171230
115.693405,115.553200,137.808000,100,74,174,0.65161,6.68836,4128,137777153,371975407,-1,6208118
115.838304,115.686800,144.898800,100,74,174,0.65161,6.02034,4288,144535808,371977268,-1,6281902
115.984303,115.837200,145.999500,100,74,174,0.65161,5.26867,7856,145498731,372008999,-1,6282630
116.129430,115.987500,145.126900,100,74,174,0.65161,4.51707,4168,145604115,371988552,-1,6355700
116.271644,116.121100,142.213900,100,74,174,0.65161,3.84876,5346,141903423,371961309,-1,6466372
116.428285,116.271500,156.640700,100,74,174,0.65161,3.09711,4288,156478308,371983862,-1,6613960
116.571511,116.421800,143.226200,99,75,174,0.65161,2.34540,8208,143381769,372019048,-1,6651630
116.725586,116.572100,154.075000,99,75,174,0.65161,1.59376,5346,153695538,371992615,-1,6650896
116.867803,116.722500,142.216800,99,75,174,0.65161,0.84203,4088,142746538,371974864,-1,6724666
117.057097,116.856100,189.294400,99,75,174,0.65161,0.17406,4128,189096462,371971965,-1,6761568
117.205511,117.056500,148.414400,100,75,175,0.65161,-0.82803,6866,148164423,372868918,-1,6724666
117.347089,117.206800,141.577300,100,75,175,0.65161,-0.82803,4088,142617269,372864617,-1,6798470
117.493176,117.340400,146.087400,100,75,175,0.65161,-0.82803,4128,145822769,372867131,-1,6872254
117.656506,117.490800,163.329800,100,75,175,0.65161,-0.82803,4128,163429692,372863435,-1,6909156
117.805599,117.657800,149.093000,100,75,175,0.65161,-0.82803,4288,149048730,372885414,-1,6946058
118.023410,117.808100,217.811200,100,75,175,0.65161,-0.82803,4152,217510385,372889684,-1,6946826
118.176454,118.025300,153.043700,100,75,175,0.65161,-0.82803,9462,153096000,373693642,-1,6909934
118.431825,118.175600,255.371200,100,75,175,0.65161,-0.82803,4632,255222077,373598347,-1,6909176
118.577410,118.426100,145.584800,99,76,175,0.65161,-0.82803,8248,145290884,372837144,-1,6873042
118.782772,118.576500,205.361600,99,76,175,0.65161,-0.82803,5306,204979615,372800529,-1,6798490
118.932163,118.776900,149.391500,99,76,175,0.65161,-0.82803,4248,146914769,372811369,-1,6909196
119.149504,118.927200,217.340600,99,76,175,0.65161,-0.82803,7816,220046846,372850801,-1,6909944
119.296371,119.144300,146.867000,100,76,176,0.65161,-0.82803,6866,146929538,372983735,-1,6946112
119.463089,119.294700,166.718700,100,76,176,0.65161,-0.82803,4208,167108462,373709565,-1,7019882
119.730416,119.461700,267.326700,99,77,176,0.65161,-0.82803,8208,267044423,373749647,-1,7094454
120.077161,119.728900,346.745200,99,77,176,0.65161,-0.82803,5346,346730961,374522188,-1,7056804
120.419125,120.062300,341.963800,100,77,177,0.65161,-0.82803,6986,341922115,374616668,-1,7204392
120.578684,120.395600,159.559300,100,77,177,2.31828,-0.82803,11920,158527654,374561464,-1,7278964
120.742481,120.562700,163.797000,100,77,177,3.15373,-0.82803,7888,163073961,373766536,-1,7130608
120.901055,120.713000,158.574000,100,77,177,3.90553,-0.82803,8156,158545346,373784837,-1,7205200
121.061407,120.880100,160.351900,100,77,177,4.74071,-0.82803,7904,160255077,373770396,-1,7093760
121.213781,121.047100,152.373900,100,77,177,5.57586,-0.82803,9066,152889115,373747399,-1,6909216
121.363656,121.197500,149.875200,100,77,177,6.32769,-0.82803,4632,149782385,373656105,-1,6540216
121.507182,121.347800,143.525200,100,77,177,7.07950,-0.82803,7896,143067539,372871752,-1,5950532
121.644081,121.481500,136.899000,100,77,177,7.74762,-0.82803,4128,137245270,372837044,-1,5470072
121.774996,121.615100,130.915300,100,77,177,8.41584,-0.82803,4168,130270884,372801708,-1,5137920
121.900064,121.748800,125.068200,100,77,177,9.08417,-0.82803,4248,125451500,372767181,-1,4842684
122.021723,121.882500,121.658500,99,78,177,9.75254,-0.82803,8248,120629077,372800440,-1,4253000
122.135737,121.999400,114.014200,99,78,177,10.33713,-0.82803,5306,113730423,372759335,-1,3772540
122.243692,122.116300,107.955500,99,78,177,10.92183,-0.82803,5346,109059423,372727365,-1,3292780
122.347257,122.216500,103.565100,99,78,177,11.42295,-0.82803,4088,103561884,372678591,-1,2997564
122.511983,122.333500,164.725100,100,78,178,12.00762,-0.82803,5768,164811269,373586245,-1,2628544
122.616878,122.483800,104.895800,100,78,178,12.75928,-0.82803,7816,104399808,373618991,-1,2481704
122.734304,122.600700,117.425600,100,78,178,13.34382,-0.82803,4128,117163884,373590687,-1,1779832
122.819861,122.717600,85.556880,100,78,178,13.92843,-0.82803,4088,85680846,373565472,-1,1521484
122.901122,122.801100,81.260890,100,78,178,14.34593,-0.82803,4168,81313038,373563840,-1,1226268
122.978884,122.884700,77.762270,100,78,178,14.76352,-0.82803,4248,77485500,373582654,-1,931052
123.053979,122.951500,75.094730,100,78,178,15.09753,-0.82803,4152,75186346,373588403,-1,784212
123.127350,123.035000,73.371540,100,78,178,15.51520,-0.82803,5386,73415846,373587602,-1,710420
123.199557,123.101800,72.206460,99,79,178,15.51520,-0.82803,8184,73267730,373603575,-1,562812
123.269351,123.185300,69.794150,99,79,178,15.51520,-0.82803,5306,69675347,373592775,-1,598968
123.339989,123.252100,70.638660,100,79,179,15.51520,-0.82803,5648,70529076,373678385,-1,562046
123.412258,123.319000,72.268150,100,79,179,15.51520,-0.82803,4088,72308808,373655645,-1,635836
123.483893,123.385800,71.635460,100,79,179,15.51520,-0.82803,4088,71540808,373655557,-1,709640
123.556571,123.469300,72.677960,100,79,179,15.51520,-0.82803,4128,72677962,373661605,-1,635836
123.629314,123.536200,72.742610,100,79,179,15.51520,-0.82803,4472,72441923,373563013,-1,783444
123.701779,123.603000,72.464960,100,79,179,15.51520,-0.82803,4088,72340500,372766797,-1,931052
123.774569,123.686600,72.790040,100,79,179,15.51520,-0.82803,4168,72910499,372766333,-1,931052
123.849800,123.753400,75.231610,100,79,179,15.51520,-0.82803,4128,74656116,372767261,-1,931052
123.925557,123.820200,75.756540,100,79,179,15.51520,-0.82803,4128,76074962,372767877,-1,931052
124.001342,123.903800,75.785040,100,79,179,15.51520,-0.82803,4288,75536116,372776083,-1,1152464
124.078807,123.987300,77.465500,100,79,179,15.51520,-0.82803,4152,77510384,372782419,-1,1153212
124.155912,124.054100,77.104840,100,79,179,15.51520,-0.82803,5346,77022577,372765241,-1,1300830
124.233712,124.137700,77.800080,100,79,179,15.51520,-0.82803,4168,77624193,372759713,-1,1374636
124.312124,124.204500,78.411930,99,80,179,15.51520,-0.82803,8556,78635538,372794843,-1,1374636
124.394355,124.288000,82.231120,99,80,179,15.51520,-0.82803,5306,81931615,372795757,-1,1410792
124.472877,124.371600,78.522120,99,80,179,15.51520,-0.82803,4128,78327807,372791779,-1,1595302
124.553872,124.455100,80.994610,100,80,180,15.51520,-0.82803,5728,81123270,372891077,-1,1595288
124.637843,124.538600,83.970540,100,80,180,15.51520,-0.82803,4112,83371192,372891516,-1,1596056
124.720798,124.622100,82.955650,100,80,180,15.51520,-0.82803,7832,83223116,372903726,-1,1817478
124.804652,124.705700,83.853420,100,80,180,15.51520,-0.82803,4472,83875692,372811016,-1,1927440
124.889831,124.789200,85.179230,100,80,180,15.51520,-0.82803,4088,84626039,372009049,-1,1964328
124.975830,124.872700,85.998770,100,80,180,15.51520,-0.82803,4128,86430000,371991329,-1,1964328
125.062750,124.956300,86.920110,100,80,180,15.51520,-0.82803,4248,86907231,372003488,-1,2038132
125.150921,125.039800,88.170960,100,80,180,15.51520,-0.82803,5370,87809808,372043421,-1,2186488
125.240584,125.123400,89.663230,99,81,180,15.51520,-0.82803,8224,89947731,372025213,-1,2334106
125.330491,125.223600,89.907420,99,81,180,15.51520,-0.82803,5306,89738192,372013783,-1,2370264
125.440211,125.307100,109.720000,100,81,181,15.51520,-0.82803,5608,109938654,372918407,-1,2480956
125.581859,125.424100,141.647200,100,81,181,15.51520,-0.82803,4128,141530884,372908100,-1,2591662
125.747986,125.557700,166.127100,100,81,181,15.51520,-0.82803,4208,165988884,372942308,-1,2665446
125.903812,125.724700,155.826100,99,82,181,15.51520,-0.82803,8208,155413307,372975775,-1,2961430
126.058748,125.875100,154.936300,99,82,181,15.51520,-0.82803,5650,154974192,372884915,-1,3145192
126.206338,126.042100,147.589400,99,82,181,15.51520,-0.82803,5346,147377077,372037611,-1,3255878
126.312507,126.192500,106.169100,100,82,182,15.51520,-0.07625,5728,105129500,372997950,-1,3403486
126.422792,126.292700,110.285200,100,82,182,15.51520,0.42503,11536,110177192,373048014,-1,3441156
126.531238,126.393000,108.445800,100,82,182,15.51520,0.92643,8028,107985961,373040174,-1,3403540
126.636414,126.510000,105.176200,100,82,182,15.51520,1.51115,4128,106032000,373028687,-1,3588036
126.747228,126.610200,110.813900,100,82,182,15.51520,2.01223,4128,110441076,373028023,-1,3661840
126.863850,126.727100,116.622000,100,82,182,15.51520,2.59696,7968,116368346,373072937,-1,3661840
126.973111,126.844100,109.261300,100,82,182,15.51520,3.18179,8336,108780193,373010461,-1,3884040
127.095482,126.944300,122.370500,100,82,182,15.51520,3.68303,4168,122504846,372199862,-1,3698796
127.205384,127.078000,109.902200,100,82,182,15.51520,4.35139,9026,109928269,372183455,-1,3661880
127.315818,127.178200,110.434500,100,82,182,15.51520,4.85257,4168,110379192,372180279,-1,3809468
127.427721,127.295200,111.903200,100,82,182,15.51520,5.43729,4248,111728000,372212274,-1,3735644
127.538278,127.412100,110.556800,99,83,182,15.51520,6.02205,8632,110679423,372150559,-1,4031628
127.653651,127.512400,115.372600,99,83,182,15.51520,6.52348,5306,115157500,371338112,-1,3846364
127.766148,127.629400,112.496800,99,83,182,15.51520,7.10818,4128,112333230,371310846,-1,3883252
127.880245,127.746300,114.097000,99,83,182,15.51520,7.69307,4088,114353654,371309043,-1,4030840
128.000246,127.863300,120.001200,100,83,183,15.51520,8.27769,5768,120028577,372223896,-1,4104624
128.117154,127.980200,116.908200,100,83,183,15.51520,8.86236,7816,116650077,372256306,-1,4179196
128.235011,128.097100,117.857400,100,83,183,15.51520,9.44706,5346,116992461,372234525,-1,4104658
128.347937,128.214100,112.925600,100,83,183,15.51520,10.03167,4088,113593923,372205102,-1,4104624
128.462966,128.331000,115.029300,100,83,183,15.51520,10.61634,4168,115161038,372214559,-1,3846310
128.575279,128.448000,112.312700,100,83,183,15.51520,11.20112,4248,112430615,372240741,-1,3957016
128.689133,128.548200,113.853500,100,83,183,15.51520,11.70234,4192,113252192,372242220,-1,3810176
128.798726,128.665100,109.593900,100,83,183,15.51520,12.28708,7832,109776077,372236256,-1,3736382
128.908695,128.782100,109.968700,100,83,183,15.51520,12.87164,4168,109965423,372238954,-1,3440402
129.014536,128.882300,105.840500,100,83,183,15.51520,13.37272,4128,105544269,372223298,-1,3329682
129.120829,128.999200,106.293300,100,83,183,15.51520,13.95748,4168,106820807,372219967,-1,3255878
129.225849,129.099500,105.020500,100,83,183,15.51520,14.45869,5730,104603269,372128134,-1,3145172
129.328495,129.199700,102.645200,100,83,183,15.51520,14.45869,4168,103246885,371347926,-1,2960662
129.428496,129.299900,100.001800,100,83,183,15.51520,14.45869,4128,99848116,371348911,-1,3034466
129.529553,129.400100,101.056600,100,83,183,15.51520,14.45869,4168,100971307,371345848,-1,3108270
129.632038,129.500300,102.485000,100,83,183,15.51520,14.45869,4128,102455077,371351745,-1,3182054
129.736653,129.617200,104.615300,100,83,183,15.51520,14.45869,4288,104900038,371383283,-1,3292760
129.839842,129.717400,103.188200,100,83,183,15.51520,14.45869,4152,102809923,371392362,-1,3551842
129.946141,129.817700,106.299600,100,83,183,15.51520,14.45869,4168,106343346,371380321,-1,3478048
130.053107,129.917900,106.965500,100,83,183,15.51520,14.45869,8204,106478308,371407513,-1,3478048
130.161233,130.034800,108.126100,100,83,183,15.51520,14.45869,5386,108366346,371422641,-1,3477304
130.267300,130.135000,106.066800,100,83,183,15.51520,14.45869,4248,106128115,371431868,-1,3772506
130.381238,130.251900,113.938300,100,83,183,15.51520,14.45869,4192,113750462,371447100,-1,3847078
130.493555,130.352100,112.316800,99,84,183,15.51520,14.45869,8184,112284500,371462796,-1,4031598
130.607866,130.469000,114.311700,99,84,183,15.51520,14.45869,5346,114168846,371464957,-1,3920148
130.720926,130.585900,113.059700,100,84,184,15.51520,14.45869,5608,113129731,371544382,-1,4067742
130.835479,130.702900,114.552600,100,84,184,15.51520,14.45869,4248,114493192,371563303,-1,4141546
130.953589,130.819800,118.110300,100,84,184,15.51520,14.45869,4112,117678499,371580334,-1,4216098
131.068744,130.936700,115.154700,99,85,184,15.51520,14.45869,8184,115110808,371601116,-1,4511324
131.191209,131.053600,122.465500,99,85,184,15.51520,14.45869,5306,122651885,371597217,-1,4473678
131.314284,131.170600,123.074500,100,85,185,15.51520,14.45869,5648,123088499,373274861,-1,4547448
131.519604,131.287600,205.319800,100,85,185,15.51520,14.45869,4208,205219000,373306982,-1,4805762
131.730299,131.504700,210.695500,100,85,185,15.51520,14.45869,7856,210675192,373350314,-1,4806530
131.962334,131.705100,232.035300,100,85,185,15.51520,14.45869,4128,232007115,373317230,-1,5100998
132.147988,131.939000,185.654000,100,85,185,15.51520,14.45869,4288,185260153,373350918,-1,5359292
132.291388,132.122700,143.399800,99,86,185,15.51520,14.45869,9810,143393231,373294124,-1,5470766
132.427203,132.273100,135.814800,100,86,186,14.76325,14.45869,6866,135107269,373371076,-1,5396194
132.564813,132.406800,137.609900,100,86,186,14.09502,14.45869,4088,137607346,374174684,-1,6134234
132.709401,132.540400,144.588500,100,86,186,13.42686,14.45869,7928,144241846,374217712,-1,6466352
132.875942,132.690800,166.540600,99,87,186,12.67498,14.45869,8552,166279115,374178993,-1,6577846
133.032728,132.857800,156.786100,100,87,187,11.83963,14.45869,14582,156878347,373481519,-1,6761622
133.192273,133.008200,159.545100,100,87,187,11.08793,14.45869,5306,159246731,373458704,-1,6650922
133.351145,133.175200,158.872000,100,87,187,10.25279,14.45869,4248,159008385,374282959,-1,6503314
133.493715,133.325500,142.569700,100,87,187,9.50105,14.45869,11496,142080269,373991085,-1,6319572
133.640591,133.475900,146.875900,100,87,187,8.74911,14.45869,4168,147170500,374754599,-1,6097426
133.782376,133.626300,141.785500,100,87,187,7.99729,14.45869,4128,141800192,375573555,-1,5986686
133.922954,133.759900,140.578300,100,87,187,7.32908,14.45869,4288,139800346,375512575,-1,5765234
134.058958,133.893600,136.003800,100,87,187,6.66092,14.45869,8240,136437923,375441969,-1,5581492
134.193476,134.043900,134.517600,100,87,187,5.90924,14.45869,9066,134329846,374611047,-1,5248640
134.322245,134.177600,128.769200,100,87,187,5.24081,14.45869,4128,129001769,374576211,-1,5064096
134.447624,134.294500,125.379000,100,87,187,4.65609,14.45869,4288,125534076,374591528,-1,4805782
134.570110,134.428100,122.486000,99,88,187,3.98804,14.45869,8592,122158808,374524435,-1,4658942
134.691046,134.545000,120.936200,100,88,188,3.40353,14.45869,6866,120783846,374592206,-1,4362992
134.807777,134.662000,116.730700,100,88,188,2.81880,14.45869,4088,116674654,374555710,-1,4362978
134.924566,134.778900,116.789200,100,88,188,2.23419,14.45869,4128,116935923,374539459,-1,4289154
135.040659,134.895900,116.092700,100,88,188,1.64947,14.45869,4208,115986653,374560824,-1,4141526
135.154394,135.012800,113.734800,100,88,188,1.06473,14.45869,5410,113464846,374559418,-1,4031588
135.266947,135.129700,112.553700,100,88,188,1.06473,14.45869,7832,113324615,374571065,-1,3994696
135.380131,135.246700,113.183700,100,88,188,1.06473,14.45869,4168,113174962,374571529,-1,3993932
135.493673,135.363700,113.541700,100,88,188,1.06473,14.45869,4128,113484115,374543722,-1,4030820
135.607232,135.480600,113.558700,100,88,188,1.06473,14.45869,4288,113583462,374565183,-1,4030820
135.720440,135.580800,113.208300,100,88,188,1.06473,14.45869,4152,113021423,374574478,-1,4031588
135.834144,135.697800,113.703800,99,89,188,1.06473,14.45869,8224,113708230,374590109,-1,4105402
135.948796,135.814700,114.652500,99,89,188,1.06473,14.45869,5306,114431423,374573715,-1,4141560
136.062212,135.931600,113.415800,99,89,188,1.06473,14.45869,4128,113516500,374557582,-1,4252232
136.179515,136.048600,117.303100,99,89,188,1.06473,14.45869,5426,117298923,374587239,-1,4289134
136.296046,136.165500,116.531200,99,89,188,1.06473,14.45869,4536,115951577,374495542,-1,4363706
136.412807,136.282500,116.760800,100,89,189,1.06473,14.45869,9312,117194462,373797643,-1,4363716
136.528860,136.399400,116.053300,100,89,189,1.06473,14.45869,4128,115837192,373792213,-1,4362972
136.645469,136.499600,116.608900,100,89,189,1.06473,14.45869,4088,116452423,373769154,-1,4473644
136.763662,136.616500,118.192900,100,89,189,1.06473,14.45869,4248,118193808,373796747,-1,4473644
136.881061,136.750200,117.398900,99,90,189,1.06473,14.45869,8168,117229577,373838591,-1,4622020
137.000752,136.867100,119.691000,100,90,190,1.06473,14.45869,6866,119712807,374711576,-1,4621286
137.121630,136.984000,120.877700,100,90,190,1.06473,14.45869,4088,120835692,374679653,-1,4842684
137.245951,137.101000,124.321400,100,90,190,1.06473,14.45869,5346,124433962,374682853,-1,4879566
137.465637,137.217900,219.685900,100,90,190,1.06473,14.45869,4208,219090654,374709773,-1,4953370
137.681013,137.451700,215.375700,100,90,190,1.06473,14.45869,8280,215808038,374634557,-1,4991040
137.901120,137.652200,220.107400,100,90,190,1.06473,14.45869,4168,220062615,373810174,-1,4990272
138.081951,137.886000,180.831200,100,90,190,1.06473,14.45869,4288,180476462,373839535,-1,5174782
138.209676,138.053000,127.724800,99,91,190,1.06473,14.45869,9426,127675692,373863760,-1,5360060
138.340874,138.186600,131.198200,99,91,190,1.06473,13.79054,5346,130303654,373851772,-1,5396194
138.471738,138.320300,130.863300,99,91,190,1.06473,13.12207,7768,130736615,373848184,-1,5543802
138.603712,138.454000,131.974300,99,91,190,1.06473,12.45390,8312,132244423,373783337,-1,5691430
138.738033,138.587600,134.320800,99,92,191,1.06473,11.78574,13368,133920807,373933049,-1,5692218
138.873607,138.721300,135.573800,99,92,191,1.06473,11.11753,8986,135484000,373917503,-1,5839112
139.010723,138.854900,137.116700,99,92,191,1.06473,10.44936,4048,136953769,373896116,-1,5986706
139.146940,138.988500,136.216500,99,92,191,1.06473,9.78114,11568,136664962,373945553,-1,6060510
139.288908,139.122200,141.968400,100,92,192,1.06473,9.11297,10554,141378500,374855442,-1,6172004
139.426069,139.272500,137.160700,100,92,192,1.06473,8.36131,4128,137146923,374825635,-1,6245054
139.566431,139.406100,140.361700,100,92,192,1.06473,7.69319,4088,140317308,374795596,-1,6392608
139.709368,139.539700,142.937000,100,92,192,1.06473,7.02503,4248,142781076,374816971,-1,6466392
139.853021,139.690100,143.653900,100,92,192,1.06473,6.27326,7856,143203846,374835239,-1,6467160
139.995198,139.823700,142.176700,100,92,192,1.06473,5.60514,4552,142682654,374715597,-1,6503288
140.138978,139.974000,143.779700,100,92,192,1.06473,4.85353,4128,143460038,373901750,-1,6503254
140.281007,140.124400,142.028800,100,92,192,1.06473,4.10158,5506,142096731,373923490,-1,6650862
140.425206,140.258100,144.199200,99,93,192,1.06473,3.43351,8592,144002538,373868614,-1,6651630
140.570441,140.408400,145.235700,99,93,192,1.06473,2.68198,5346,144741692,373050024,-1,6540190
140.713436,140.542000,142.994600,99,93,192,1.06473,2.01396,4088,143421692,373025854,-1,6687764
140.857300,140.692300,143.863700,99,93,192,1.06473,1.26233,4248,144004000,373053228,-1,6724666
141.001334,140.842600,144.034200,100,93,193,1.06473,0.51070,5632,143612654,373150153,-1,6836140
141.146922,140.976200,145.587900,100,93,193,1.06473,-0.15739,7832,145764115,373147021,-1,6836150
141.291373,141.126600,144.451300,100,93,193,1.06473,-0.90904,5306,143986346,373141920,-1,6798484
141.433870,141.276900,142.496900,100,93,193,1.06473,-0.90904,4128,143572000,373128373,-1,6835372
141.579333,141.410500,145.463000,100,93,193,1.06473,-0.90904,4128,145203692,373133110,-1,6835372
141.723533,141.560900,144.199500,100,93,193,1.06473,-0.90904,4168,144434077,373120694,-1,6835372
141.868485,141.694500,144.952600,100,93,193,1.06473,-0.90904,4128,144861500,373110923,-1,6798470
142.013330,141.844800,144.845100,100,93,193,1.06473,-0.90904,4288,144628384,373134005,-1,6798450
142.158952,141.995200,145.621300,100,93,193,1.06473,-0.90904,4536,145529385,373048332,-1,6836120
142.303419,142.145500,144.467700,99,94,193,1.06473,-0.90904,9814,144592846,372264617,-1,6836130
142.448123,142.279200,144.703400,99,94,193,1.06473,-0.90904,5306,144432923,372260426,-1,6872288
142.601422,142.429600,153.299500,99,94,193,1.06473,-0.90904,4248,152983153,373063479,-1,6982980
142.805882,142.579900,204.459600,100,94,194,1.06473,-0.90904,9336,204395423,373185295,-1,7057552
142.968470,142.780400,162.587700,100,94,194,1.06473,-0.90904,4128,162714923,373174330,-1,7019916
143.309153,142.947400,340.683900,100,94,194,1.06473,-0.90904,4208,340544308,373162320,-1,7093706
143.587710,143.280700,278.556500,99,95,194,1.06473,-0.90904,9466,278517808,373193078,-1,7094454
143.871683,143.564800,283.972700,99,95,194,1.06473,-0.90904,5466,283546769,373178442,-1,7093686
144.037604,143.848800,165.921400,100,95,195,1.06473,-0.90904,9376,166177077,373288628,-1,7168258
144.192384,144.015800,154.780200,100,95,195,1.06473,-0.90904,5690,154945654,373158389,-1,7167490
144.347381,144.166300,154.997000,100,95,195,1.81706,-0.90904,4248,154096538,372384475,-1,7130588
144.498791,144.316700,151.409500,100,95,195,2.56908,-0.90904,7856,150862769,372417486,-1,7205160
144.657050,144.483800,158.259200,100,95,195,3.40451,-0.90904,11788,158003115,372417297,-1,7167524
144.819077,144.634200,162.027000,100,95,195,4.15641,-0.90904,4128,162597385,372392481,-1,7204432
144.978967,144.801200,159.890200,100,95,195,4.99176,-0.90904,7968,159687346,372425606,-1,7204432
145.136063,144.951600,157.095500,100,95,195,5.74365,-0.90904,12016,156780577,372361349,-1,6836200
145.284223,145.118700,148.160000,100,95,195,6.57907,-0.90904,5386,148316692,371509351,-1,6577172
145.427807,145.269100,143.584300,100,95,195,7.33103,-0.90904,4128,143653077,371481796,-1,6171176
145.565729,145.402800,137.921600,100,95,195,7.99940,-0.90904,4288,137748153,371486163,-1,5802156
145.699883,145.536500,134.154000,100,95,195,8.66791,-0.90904,7856,134007961,371495188,-1,5360100
145.828184,145.670100,128.301600,100,95,195,9.33624,-0.90904,4168,128019923,371425886,-1,4879620
145.950589,145.803800,122.405000,100,95,195,10.00453,-0.90904,4128,121896769,371389912,-1,4399840
146.067401,145.920700,116.811500,100,95,195,10.58920,-0.90904,4288,116586769,371400974,-1,3883212
146.175943,146.037700,108.542100,99,96,195,11.17396,-0.90904,9426,108570961,371433457,-1,3441156
146.280223,146.154600,104.280500,99,96,195,11.75877,-0.90904,5346,104673885,371358878,-1,2960696
146.378648,146.254900,98.424270,100,96,196,12.26006,-0.90904,5608,98393769,371418968,-1,2628564
146.473358,146.355100,94.710770,100,96,196,12.76122,-0.90904,4128,94407461,371417697,-1,2333328
146.563740,146.455400,90.381610,100,96,196,13.26236,-0.90904,4208,90519192,371435621,-1,2038112
146.650843,146.538800,87.103160,100,96,196,13.67990,-0.90904,4112,86923923,371439464,-1,1743664
146.734653,146.622400,83.810110,100,96,196,14.09762,-0.90904,7832,83620000,371445050,-1,1374654
146.814336,146.705900,79.683110,100,96,196,14.51515,-0.90904,4128,79664808,371437868,-1,1263204
146.892482,146.789400,78.145840,100,96,196,14.93283,-0.90904,4128,78345154,371427505,-1,1004876
146.967407,146.873000,74.925230,100,96,196,15.35046,-0.90904,4168,74465038,371407497,-1,783444
147.041087,146.939800,73.679150,100,96,196,15.68457,-0.90904,4128,74251231,371407217,-1,562032
147.111667,147.023300,70.580310,100,96,196,16.10212,-0.90904,5346,70353962,371411408,-1,488228
147.180220,147.090100,68.553540,100,96,196,16.10212,-0.90904,4168,69480192,371415152,-1,266816
147.248414,147.157000,68.193270,100,96,196,16.10212,-0.90904,4128,68131000,371408585,-1,266816
147.316547,147.223800,68.133730,100,96,196,16.10212,-0.90904,4128,68090923,371409153,-1,340620
147.385742,147.290600,69.194960,100,96,196,16.10212,-0.90904,4168,69127923,371405113,-1,414424
147.454905,147.357500,69.162800,100,96,196,16.10212,-0.90904,4128,69072384,371395418,-1,488228
147.524478,147.441000,69.572460,100,96,196,16.10212,-0.90904,4128,69534616,371395499,-1,488208
147.595571,147.507800,71.093380,100,96,196,16.10212,-0.90904,4168,71035231,371396051,-1,562012
147.666054,147.574700,70.482460,100,96,196,16.10212,-0.90904,4128,70392961,371395611,-1,635816
147.736661,147.641500,70.606960,100,96,196,16.10212,-0.90904,4512,70553615,371303602,-1,709620
147.808240,147.708400,71.579000,100,96,196,16.10212,-0.90904,4288,71499538,370528528,-1,635816
147.879857,147.791900,71.617420,100,96,196,16.10212,-0.90904,4152,71315308,370534275,-1,636584
147.952893,147.858800,73.036000,100,96,196,16.10212,-0.90904,4128,73149423,370517586,-1,710398
148.026741,147.925700,73.848230,100,96,196,16.10212,-0.90904,4168,73902846,370513966,-1,784204
148.102374,148.009200,75.633160,99,97,196,16.10212,-0.90904,9774,75635654,370553220,-1,931812
148.177920,148.076000,75.545650,100,97,197,16.10212,-0.90904,6826,74655423,370638571,-1,1115576
148.253471,148.159600,75.550770,100,97,197,16.10212,-0.90904,4128,75598385,370639654,-1,1152478
148.329482,148.226400,76.011730,100,97,197,16.10212,-0.90904,4208,75957038,370643140,-1,1152464
148.407810,148.309900,78.327610,100,97,197,16.10212,-0.90904,4112,78304923,370649115,-1,1153232
148.485576,148.393500,77.766310,100,97,197,16.10212,-0.90904,4128,77684770,370632662,-1,1227046
148.563514,148.460300,77.937230,99,98,197,16.10212,-0.90904,8144,78067500,370661731,-1,1374656
148.643269,148.543800,79.755310,99,98,197,16.10212,-0.90904,5306,79619846,370666106,-1,1410812
148.724316,148.627300,81.047350,99,98,197,16.10212,-0.90904,4128,80797269,370662564,-1,1521518
148.805616,148.694200,81.299390,99,98,197,16.10212,-0.90904,4088,81198808,370645262,-1,1669112
148.887068,148.777700,81.452420,99,98,197,16.10212,-0.90904,4208,81487961,370666347,-1,1816720
148.976347,148.861200,89.279230,100,98,198,16.10212,-0.90904,5672,86173231,371559122,-1,1743664
149.130358,148.944700,154.011000,100,98,198,16.10212,-0.90904,7792,157217923,371569416,-1,2001988
149.257124,149.111800,126.766000,100,98,198,16.10212,-0.90904,5346,126416616,372373289,-1,1890538
149.431797,149.228700,174.672500,100,98,198,16.10212,-0.90904,4088,174845730,372346787,-1,2333348
149.567822,149.412500,136.025000,100,98,198,16.10212,-0.90904,4248,135897154,372411489,-1,2480936
149.723770,149.546100,155.948300,99,99,198,16.10212,-0.90904,8208,155745923,372456553,-1,2555508
149.857089,149.696400,133.318500,99,99,198,16.10212,-0.90904,5730,132658192,372335303,-1,2665480
149.951198,149.830000,94.109500,99,99,198,16.10212,-0.90904,4088,94859154,371526192,-1,2849956
150.062168,149.930300,110.970300,100,99,199,16.10212,-0.90904,5768,110224807,371645314,-1,2997564
150.162093,150.047200,99.924770,99,100,199,16.10212,-0.90904,9386,100335654,371688875,-1,3145940
150.279878,150.147400,117.785200,100,100,200,16.10212,-0.40783,7214,116212538,372469459,-1,3182108
150.378328,150.264400,98.449650,100,100,200,16.10212,0.17679,4048,98204461,371683731,-1,3182096
150.483037,150.347900,104.708900,100,100,200,16.10212,0.59463,4088,105412308,371638398,-1,3255880
150.587886,150.464900,104.848700,100,100,200,16.10212,1.17965,4208,104388077,371660376,-1,3255880
150.692210,150.565200,104.324100,100,100,200,16.10212,1.68079,7856,104196039,371754898,-1,3330452
150.799180,150.665400,106.970200,100,100,200,16.10212,2.18212,4128,106657231,371746507,-1,3366620
150.904480,150.782400,105.299600,100,100,200,16.10212,2.76702,4168,106057269,371719464,-1,3551116
151.016694,150.882700,112.214600,100,100,200,16.10212,3.26845,11488,112044308,371757170,-1,3624900
151.135784,150.999600,119.089800,100,100,200,16.10212,3.85320,4288,118555115,371777564,-1,3698744
151.246901,151.116600,111.116900,100,100,200,16.10212,4.43793,9338,109688231,371814168,-1,3551904
151.356513,151.216800,109.612600,100,100,200,16.10212,4.93920,4552,110559385,371630132,-1,3624974
151.463369,151.333800,106.856000,100,100,200,16.10212,5.52388,7904,106742039,370907347,-1,3735666
151.581069,151.434000,117.700000,100,100,200,16.10212,6.02502,4168,117821539,370915195,-1,3735666
151.690684,151.550900,109.614200,100,100,200,16.10212,6.60963,4248,109432846,370941427,-1,3883274
151.806885,151.667800,116.201300,99,101,200,16.10212,7.19428,8248,115970731,370962062,-1,3957846
151.921158,151.784800,114.273400,99,101,200,16.10212,7.77881,5694,114017692,370849727,-1,3957072
152.031939,151.901700,110.781200,99,101,200,16.10212,8.36336,4128,111241346,370031009,-1,3883254
152.142656,152.001900,110.716900,99,101,200,16.10212,8.86444,5310,110673000,370031473,-1,3846332
152.254911,152.118800,112.254600,99,101,200,16.10212,9.44894,4248,111693538,370042105,-1,3735626
152.363059,152.235700,108.147800,100,101,201,16.10212,10.03337,9336,107882308,370168004,-1,3625668
152.473774,152.335900,110.715500,100,101,201,16.10212,10.53450,4128,109740577,370154709,-1,3514228
152.581935,152.452800,108.160700,100,101,201,16.10212,11.11916,4088,109506462,370126037,-1,3514214
152.688726,152.553000,106.791300,100,101,201,16.10212,11.62017,4128,106958077,370128733,-1,3440390
152.796367,152.670000,107.640600,100,101,201,16.10212,12.20486,4208,107571499,370089569,-1,3514194
152.904377,152.770200,108.010200,100,101,201,16.10212,12.70586,4192,107926269,370158886,-1,3367354
153.009158,152.887100,104.781400,99,102,201,16.10212,13.29053,8184,104736385,370172894,-1,3293560
153.111768,152.987300,102.609300,99,102,201,16.10212,13.79168,5350,102194577,370156227,-1,3108306
153.215016,153.087600,103.248100,99,102,201,16.10212,14.29299,5310,102202808,370140371,-1,2960664
153.315882,153.187800,100.866700,99,102,201,16.10212,14.29299,4128,103044384,370107590,-1,2813056
153.411391,153.288100,95.508730,100,102,202,16.10212,14.29299,5992,95362307,370917270,-1,2997566
153.512636,153.388300,101.244500,100,102,202,16.10212,14.29299,4128,101290538,370113239,-1,2886860
153.614737,153.488500,102.100800,100,102,202,16.10212,14.29299,4088,102026385,370169477,-1,2997566
153.716414,153.588700,101.677000,100,102,202,16.10212,14.29299,4128,101515961,370170198,-1,3218978
153.818960,153.689000,102.546800,100,102,202,16.10212,14.29299,4088,102408308,370174975,-1,3329664
153.925041,153.805900,106.080200,100,102,202,16.10212,14.29299,4288,105906577,370206391,-1,3329664
154.030574,153.906100,105.533200,100,102,202,16.10212,14.29299,4152,105413615,370216998,-1,3478040
154.139170,154.006300,108.596000,100,102,202,16.10212,14.29299,5390,108710961,370207148,-1,3551854
154.248611,154.123300,109.441600,100,102,202,16.10212,14.29299,8204,109122846,370237934,-1,3625658
154.358530,154.223500,109.918500,100,102,202,16.10212,14.29299,4168,109597923,370246584,-1,3735620
154.471438,154.340500,112.908200,100,102,202,16.10212,14.29299,4248,112594231,370255805,-1,3883214
154.584521,154.457400,113.082700,100,102,202,16.10212,14.29299,4192,113308154,370269228,-1,3957786
154.698280,154.557700,113.758800,99,103,202,16.10212,14.29299,8568,113722923,370198414,-1,4068502
154.818162,154.674600,119.882300,99,103,202,16.10212,14.29299,5350,119851346,369403079,-1,3993954
154.924444,154.791600,106.281900,99,103,202,16.10212,14.29299,4088,106548808,369094484,-1,4067744
155.067761,154.908500,143.317500,100,103,203,16.10212,14.29299,5768,143269731,369995728,-1,4215352
155.266074,155.042200,198.312500,100,103,203,16.10212,14.29299,5334,198013692,370001694,-1,4289904
155.463025,155.242600,196.951500,99,104,203,16.10212,14.29299,8184,196967423,370030974,-1,4289914
155.664466,155.443100,201.440700,100,104,204,16.10212,14.29299,6950,201270000,370109995,-1,4695078
155.839660,155.643600,175.194200,100,104,204,16.10212,14.29299,7856,174837038,370147715,-1,4917238
155.981847,155.810600,142.187300,100,104,204,16.10212,14.29299,4088,142422231,370118992,-1,5174804
156.113487,155.961000,131.640000,100,104,204,16.10212,14.29299,4288,131354615,370127076,-1,5359314
156.259146,156.094700,145.658800,99,105,204,16.10212,14.29299,9430,145583538,370161037,-1,5396964
156.393779,156.245000,134.633200,99,105,204,15.35027,14.29299,5734,133369230,370053480,-1,5322426
156.524392,156.378700,130.612600,100,105,205,14.68198,14.29299,5608,131263961,370133938,-1,5839020
156.663417,156.495700,139.025200,100,105,205,14.09724,14.29299,7928,138700462,370169509,-1,6281844
156.821460,156.646000,158.042300,100,105,205,13.34536,14.29299,11756,157725000,371010872,-1,6393338
156.967837,156.796400,146.377500,100,105,205,12.59352,14.29299,4128,146447308,372579877,-1,6540232
157.119904,156.946800,152.066700,100,105,205,11.84163,14.29299,8192,152156769,373274120,-1,6577100
157.272328,157.097100,152.424000,100,105,205,11.08979,14.29299,5510,152286923,372493629,-1,6466414
157.421466,157.247500,149.138000,100,105,205,10.33803,14.29299,7952,148976576,373301244,-1,6356476
157.568734,157.397900,147.268500,100,105,205,9.58616,14.29299,7848,147054615,374065450,-1,6134310
157.712582,157.548300,143.847700,100,105,205,8.83413,14.29299,4128,143978615,374835913,-1,5986668
157.854086,157.681900,141.504500,100,105,205,8.16588,14.29299,4288,141098461,374835814,-1,5912864
157.994859,157.832300,140.773000,99,106,205,7.41409,14.29299,8592,140665846,374774809,-1,5655298
158.129374,157.965900,134.514900,99,106,205,6.74585,14.29299,5350,134620384,373938510,-1,5396250
158.259842,158.099600,130.467500,99,106,205,6.07758,14.29299,5310,130647654,373896305,-1,5211706
158.389373,158.233200,129.531800,100,106,206,5.40940,14.29299,5768,128876153,374796030,-1,4990274
158.511256,158.366900,121.882200,100,106,206,4.74126,14.29299,7816,122536538,374816909,-1,4880336
158.637877,158.483800,126.621500,100,106,206,4.15666,14.29299,4128,126120807,374787738,-1,4547484
158.755991,158.617400,118.114100,100,106,206,3.48848,14.29299,4088,118341807,374823902,-1,4510548
158.874984,158.734300,118.993200,100,106,206,2.90382,14.29299,4288,118514038,374769708,-1,4289136
158.991401,158.851300,116.416900,100,106,206,2.31899,14.29299,7856,116578193,374794724,-1,4105394
159.106462,158.968200,115.060800,100,106,206,1.73428,14.29299,4168,114766346,374776322,-1,3957052
159.219094,159.085200,112.631600,100,106,206,1.14960,14.29299,5350,112938038,374742846,-1,3957038
159.333985,159.202100,114.891300,100,106,206,1.14960,14.29299,4168,114269038,374748106,-1,3957018
159.444061,159.319100,110.076100,100,106,206,1.14960,14.29299,4248,111487346,374774432,-1,3957018
159.557737,159.419300,113.676300,100,106,206,1.14960,14.29299,4192,113204808,374769663,-1,3957786
159.671247,159.536300,113.509900,99,107,206,1.14960,14.29299,8568,113729307,374685040,-1,3957796
159.784619,159.653200,113.371300,99,107,206,1.14960,14.29299,5350,113119307,373885870,-1,3920130
159.897352,159.770200,112.733600,99,107,206,1.14960,14.29299,4088,112487462,373862999,-1,3993920
160.009990,159.870400,112.637900,100,107,207,1.14960,14.29299,5768,112893307,373977923,-1,3993920
160.123598,159.987400,113.607600,100,107,207,1.14960,14.29299,4112,113374231,373985674,-1,4068492
160.237607,160.104400,114.009200,99,108,207,1.14960,14.29299,9406,114009499,374002359,-1,4105404
160.352080,160.221400,114.473400,99,108,207,1.14960,14.29299,5270,114353385,373985816,-1,4067758
160.466791,160.338300,114.710200,99,108,207,1.14960,14.29299,4088,114803116,373974178,-1,4178430
160.582552,160.438600,115.761900,100,108,208,1.14960,14.29299,5728,115660807,374089546,-1,4326038
160.698960,160.555600,116.407800,100,108,208,1.14960,14.29299,4152,116194654,374095729,-1,4437512
160.815498,160.672500,116.537400,100,108,208,1.14960,14.29299,7792,116528115,374103152,-1,4437522
160.941725,160.789400,126.227500,100,108,208,1.14960,14.29299,4128,125864384,374089935,-1,4436778
161.147087,160.923100,205.362200,100,108,208,1.14960,14.29299,4088,205654885,374076808,-1,4510548
161.356366,161.123500,209.279000,100,108,208,1.14960,14.29299,5510,209392615,374107630,-1,4621254
161.567646,161.340700,211.279900,100,108,208,1.14960,14.29299,8280,211091500,374045158,-1,4732728
161.741534,161.541100,173.887300,100,108,208,1.14960,14.29299,4168,173727231,373207831,-1,4731980
161.863885,161.724900,122.351300,100,108,208,1.14960,14.29299,4248,122419846,373230820,-1,4842666
161.987751,161.841900,123.866200,99,109,208,1.14960,14.29299,8632,123280423,373177540,-1,4991042
162.111885,161.958900,124.134200,99,109,208,1.14960,14.29299,5310,124367654,372350921,-1,5027210
162.236477,162.092500,124.591300,99,109,208,1.14960,14.29299,5350,124723077,372328729,-1,5100980
162.364010,162.209400,127.533000,99,109,208,1.14960,13.70830,7768,126643808,372348113,-1,5137882
162.491969,162.343100,127.959200,100,109,209,1.14960,13.03999,5768,127808384,373268288,-1,5248608
162.619847,162.476800,127.877900,99,110,209,1.14960,12.37173,11848,127753423,373313658,-1,5396984
162.750496,162.593700,130.649600,100,110,210,1.14960,11.78684,14190,130599923,373421188,-1,5506976
162.882823,162.727400,132.326500,100,110,210,1.14960,11.11856,4048,132135846,373409921,-1,5654590
163.015671,162.861100,132.847800,100,110,210,1.14960,10.45006,11608,132745539,373451664,-1,5802198
163.149848,162.994800,134.177200,100,110,210,1.14960,9.78174,12196,133919077,373491570,-1,5913712
163.285890,163.128400,136.042500,100,110,210,1.14960,9.11344,5390,136240462,374279444,-1,5912978
163.421605,163.262100,135.714700,100,110,210,1.14960,8.44510,4128,135493692,374242653,-1,6134376
163.559814,163.395700,138.209100,100,110,210,1.14960,7.77681,4288,138285615,374246684,-1,6281944
163.698925,163.529400,139.110800,99,111,210,1.14960,7.10856,8592,138983731,374171723,-1,6319574
163.839372,163.679700,140.446900,99,111,210,1.14960,6.35680,5350,140229461,373342573,-1,6281898
163.977824,163.813400,138.452500,99,111,210,1.14960,5.68857,4088,138549539,373321482,-1,6392550
164.118744,163.947100,140.920200,100,111,211,1.14960,5.02025,5768,140475423,373432030,-1,6466354
164.259905,164.097400,141.160700,99,112,211,1.14960,4.26840,9390,141303961,373478130,-1,6430220
164.402860,164.231000,142.954500,99,112,211,1.14960,3.60035,5694,142375461,373349740,-1,6540192
164.543092,164.381400,140.232000,99,112,211,1.14960,2.84848,4048,140730731,372526942,-1,6466354
164.686995,164.515000,143.903200,100,112,212,1.14960,2.18031,5768,143491039,373441494,-1,6429452
164.828143,164.665400,141.148300,100,112,212,1.14960,1.42845,4112,141171923,373453264,-1,6577828
164.972423,164.799000,144.279600,100,112,212,1.14960,0.76035,7832,144249462,373454166,-1,6688544
165.116126,164.949400,143.703200,100,112,212,1.14960,0.00866,4088,143799077,373449598,-1,6724682
165.266630,165.099700,150.504300,100,112,212,1.14960,-0.74324,5390,150282962,373428294,-1,6798472
165.409685,165.250100,143.055000,100,112,212,1.14960,-0.74324,4512,143988576,373344334,-1,6724668
165.552355,165.383700,142.669900,100,112,212,1.14960,-0.74324,4168,142729500,372541075,-1,6687766
165.696113,165.534000,143.757300,100,112,212,1.14960,-0.74324,4128,143683808,372528072,-1,6687766
165.840495,165.667600,144.382100,100,112,212,1.14960,-0.74324,4288,144327038,373348452,-1,6724648
165.984100,165.818000,143.605600,100,112,212,1.14960,-0.74324,4536,143287615,373259573,-1,6799220
166.132469,165.968300,148.369300,100,112,212,1.14960,-0.74324,8244,148521115,372469902,-1,6725426
166.276878,166.118700,144.408700,100,112,212,1.14960,-0.74324,5350,143901153,372472911,-1,6687780
166.420046,166.252300,143.167800,100,112,212,1.14960,-0.74324,4288,143595576,372474789,-1,6761570
166.566487,166.402600,146.441100,100,112,212,1.14960,-0.74324,4152,146062577,373283501,-1,6762338
166.710101,166.536200,143.614100,99,113,212,1.14960,-0.74324,8224,143877423,373300882,-1,6909956
166.897927,166.686500,187.825500,100,113,213,1.14960,-0.74324,6830,187508462,374170289,-1,6872310
167.172353,166.870300,274.426600,100,113,213,1.14960,-0.74324,4248,274711730,374177396,-1,6946080
167.440785,167.154200,268.431500,99,114,213,1.14960,-0.74324,9430,267990192,374210587,-1,6983750
167.675348,167.421400,234.563500,100,114,214,1.14960,-0.74324,6950,234731500,375069551,-1,6946100
167.823930,167.655200,148.581600,99,115,214,1.14960,-0.74324,8208,148259999,375101734,-1,7020652
167.973042,167.805500,149.112000,99,115,214,1.14960,-0.74324,5270,149222885,375062808,-1,6983002
168.123787,167.955800,150.744800,100,115,215,1.14960,-0.74324,5768,150730808,375172042,-1,7056786
168.278575,168.106200,154.788000,99,116,215,1.14960,-0.74324,9390,154497846,375213129,-1,7057554
168.431457,168.256500,152.882200,99,116,215,1.90115,-0.74324,5694,151840923,375101774,-1,7019918
168.581991,168.406800,150.534200,99,116,215,2.65277,-0.74324,4048,150673769,374288526,-1,7167492
168.736637,168.557100,154.646300,100,116,216,3.40444,-0.74324,9448,154372615,375204193,-1,7278198
168.904354,168.707500,167.716700,100,116,216,4.15610,-0.74324,15532,167701462,375268198,-1,7352790
169.061754,168.874500,157.399600,100,116,216,4.99133,-0.74324,4512,157148076,375141419,-1,7352096
169.223781,169.041600,162.027300,100,116,216,5.82668,-0.74324,8990,162358154,374326782,-1,7019944
169.377141,169.208700,153.359800,100,116,216,6.66206,-0.74324,4288,153125308,374195875,-1,6761650
169.520754,169.359000,143.613400,100,116,216,7.41383,-0.74324,11920,143437115,374208634,-1,6467182
169.663097,169.492700,142.343100,100,116,216,8.08209,-0.74324,4168,142153115,373413994,-1,5839074
169.798450,169.643000,135.353000,100,116,216,8.83388,-0.74324,4128,135144770,373382667,-1,5433138
169.926852,169.776700,128.402100,100,116,216,9.50213,-0.74324,8352,128582269,373293447,-1,4916510
170.049862,169.910300,123.010300,100,116,216,10.17027,-0.74324,7856,122571885,372497347,-1,4400650
170.166750,170.027200,116.887600,100,116,216,10.75485,-0.74324,5390,116551039,372460079,-1,3920190
170.275954,170.144100,109.204000,100,116,216,11.33948,-0.74324,4128,109532961,372430332,-1,3514214
170.382781,170.261100,106.826700,100,116,216,11.92418,-0.74324,4168,106072384,372419437,-1,3292802
170.484942,170.361300,102.161300,100,116,216,12.42525,-0.74324,4248,102966500,372395245,-1,2702370
170.580679,170.461500,95.736770,99,117,216,12.92633,-0.74324,8248,95377269,372425129,-1,2555530
170.674507,170.561700,93.827840,99,117,216,13.42744,-0.74324,5310,93422885,372406493,-1,2148854
170.763748,170.645200,89.241000,99,117,216,13.84498,-0.74324,4088,89816384,372371890,-1,1890526
170.849713,170.745500,85.964770,100,117,217,14.34602,-0.74324,5648,85630846,373258467,-1,1595290
170.931305,170.829000,81.592350,100,117,217,14.76369,-0.74324,4088,81763884,373256275,-1,1447682
171.012117,170.912500,80.812580,100,117,217,15.18121,-0.74324,4088,80772347,373256259,-1,1078662
171.088438,170.996000,76.320500,100,117,217,15.59877,-0.74324,4128,76350654,373258911,-1,1004858
171.163113,171.062800,74.675460,100,117,217,15.93271,-0.74324,5310,74430154,373252066,-1,709642
171.236826,171.146300,73.712270,100,117,217,15.93271,-0.74324,4128,74880577,373257362,-1,562034
171.308171,171.213100,71.345230,100,117,217,15.93271,-0.74324,4168,71237692,373246724,-1,709642
171.380661,171.279900,72.490230,100,117,217,15.93271,-0.74324,4128,72416654,373247741,-1,709622
171.454004,171.363400,73.342500,100,117,217,15.93271,-0.74324,4128,73303539,373243685,-1,709622
171.527076,171.430300,73.072230,100,117,217,15.93271,-0.74324,4168,72925731,373243525,-1,857230
171.601175,171.513700,74.099430,100,117,217,15.93271,-0.74324,4128,73808808,373243109,-1,931034
171.675730,171.580600,74.554920,100,117,217,15.93271,-0.74324,4128,74269077,373243189,-1,931034
171.751335,171.647300,75.604390,100,117,217,15.93271,-0.74324,4168,75792231,373243069,-1,1004838
171.826055,171.730900,74.720610,100,117,217,15.93271,-0.74324,4128,74613769,373243697,-1,931034
171.903800,171.797700,77.744770,100,117,217,15.93271,-0.74324,4128,77772615,373248581,-1,1078642
171.980635,171.881200,76.835340,100,117,217,15.93271,-0.74324,4288,76674308,373271241,-1,1226250
172.059035,171.964800,78.399960,100,117,217,15.93271,-0.74324,4152,78124039,373276852,-1,1227018
172.136142,172.031600,77.107120,100,117,217,15.93271,-0.74324,5350,77110000,373259222,-1,1300832
172.215658,172.115100,79.515660,100,117,217,15.93271,-0.74324,4552,79431385,373160970,-1,1300834
172.296569,172.198600,80.910960,100,117,217,15.93271,-0.74324,8204,80873385,372394072,-1,1448442
172.377697,172.282100,81.127690,100,117,217,15.93271,-0.74324,4128,80953308,372398977,-1,1484598
172.458315,172.349000,80.618500,100,117,217,15.93271,-0.74324,4168,80710692,372407082,-1,1669094
172.542000,172.432500,83.684460,100,117,217,15.93271,-0.74324,4248,83568615,372420402,-1,1669094
172.627519,172.516000,85.519070,100,117,217,15.93271,-0.74324,4152,85146576,372453536,-1,1891274
172.713829,172.599600,86.309730,99,118,217,15.93271,-0.74324,8224,86234962,372447797,-1,2038892
172.813888,172.683100,100.059700,99,118,217,15.93271,-0.74324,5310,100529808,372480597,-1,2075050
172.961455,172.800000,147.566900,100,118,218,15.93271,-0.74324,5648,147243000,372582294,-1,2185742
173.107793,172.933600,146.337500,100,118,218,15.93271,-0.74324,4208,146554153,372583510,-1,2333350
173.249726,173.083900,141.933200,100,118,218,15.93271,-0.74324,9078,141533577,372579537,-1,2481706
173.391832,173.234300,142.105900,100,118,218,15.93271,-0.74324,4088,142061846,372565906,-1,2517874
173.521203,173.367900,129.371000,100,118,218,15.93271,-0.74324,4168,129134423,372578991,-1,2628566
173.617246,173.501500,96.043300,100,118,218,15.93271,-0.74324,4248,95785924,372608019,-1,2923762
173.719364,173.601700,102.118200,99,119,218,15.93271,-0.74324,8248,102236193,372657897,-1,2998334
173.821956,173.702000,102.591300,99,119,218,15.93271,-0.74324,5310,102490153,372645320,-1,3034502
173.919414,173.802300,97.458420,99,119,218,15.93271,-0.74324,4128,97709000,372611904,-1,3366606
174.026481,173.902500,107.066700,99,119,218,15.93271,-0.74324,4088,107060730,372616570,-1,3292782
174.130155,174.002800,103.674100,99,119,218,15.93271,-0.74324,5470,102965192,372683401,-1,3440390
174.238430,174.103000,108.274800,99,120,219,15.93271,-0.24209,9688,107178962,373621313,-1,3514962
174.345560,174.219900,107.130700,99,120,219,15.93271,0.34263,5310,107288116,373610826,-1,3588032
174.453690,174.320200,108.129600,99,120,219,15.93271,0.84374,8112,107766038,373496346,-1,3698724
174.563696,174.437100,110.006000,99,120,219,15.93271,1.42840,4088,110021423,372705930,-1,3772528
174.673865,174.537300,110.169600,99,120,219,15.93271,1.92953,4168,109922692,372735306,-1,3846332
174.786429,174.654300,112.563200,100,120,220,15.93271,2.51445,17092,112146346,373966632,-1,3847100
174.896338,174.754500,109.909400,100,120,220,15.93271,3.01559,4088,110907346,373955937,-1,4104720
175.012614,174.871500,116.275900,100,120,220,15.93271,3.60048,7808,115846192,373950322,-1,3994000
175.125602,174.988400,112.988200,100,120,220,15.93271,4.18508,4088,113023730,373953754,-1,4141608
175.241120,175.105400,115.518100,100,120,220,15.93271,4.76971,9150,114972654,374001860,-1,4141608
175.356185,175.222300,115.065100,100,120,220,15.93271,5.35439,7856,115557731,374034884,-1,4216180
175.475583,175.339200,119.397800,100,120,220,15.93271,5.93916,4552,118531076,373907405,-1,4178544
175.589884,175.456200,114.300600,100,120,220,15.93271,6.52381,7808,114670192,373103354,-1,4289176
175.706888,175.573100,117.003800,100,120,220,15.93271,7.10847,4168,117264231,373097922,-1,4363000
175.825358,175.690000,118.470000,100,120,220,15.93271,7.69305,4248,117973962,373124908,-1,4362980
175.942968,175.807000,117.610500,100,120,220,15.93271,8.27786,8280,116492615,373051432,-1,4253042
176.056481,175.923900,113.513000,100,120,220,15.93271,8.86253,4128,114670653,372236634,-1,4141582
176.174208,176.040900,117.727000,100,120,220,15.93271,9.44723,5390,117755653,372220339,-1,4215352
176.289097,176.157800,114.889200,100,120,220,15.93271,10.03188,4128,115109346,372209143,-1,4141548
176.404390,176.274700,115.292700,100,120,220,15.93271,10.61656,4288,115269500,372230782,-1,4104626
176.518772,176.375000,114.382000,100,120,220,15.93271,11.11768,4152,113937615,372238077,-1,4031590
176.631220,176.491900,112.447700,99,121,220,15.93271,11.70234,8224,112591115,372243571,-1,3920894
176.742856,176.608800,111.636200,99,121,220,15.93271,12.28701,5310,110795539,372230916,-1,3772522
176.853719,176.725700,110.863500,99,121,220,15.93271,12.87160,4128,110996423,372212405,-1,3624900
176.967133,176.826000,113.414100,99,121,220,15.93271,13.37273,4208,113065769,372232576,-1,3514194
177.069442,176.942900,102.308400,100,121,221,15.93271,13.95743,9376,102457000,372370080,-1,3367354
177.183595,177.043200,114.153000,100,121,221,15.93271,14.45867,5310,114162462,372303634,-1,3255914
177.277059,177.160100,93.463810,100,121,221,15.93271,14.45867,4176,94657308,371020693,-1,3218998
177.381335,177.260300,104.276800,100,121,221,15.93271,14.45867,4088,104101808,371012701,-1,3255900
177.485472,177.360600,104.136300,100,121,221,15.93271,14.45867,4248,104076577,371030343,-1,3292782
177.592385,177.460800,106.913100,99,122,221,15.93271,14.45867,8208,106523693,371068067,-1,3330452
177.699237,177.577700,106.852000,99,122,221,15.93271,14.45867,5350,107079423,371053687,-1,3403522
177.805525,177.678000,106.288500,99,122,221,15.93271,14.45867,4088,106277961,371023900,-1,3661822
177.915351,177.778200,109.825600,99,122,221,15.93271,14.45867,4128,109638577,371024645,-1,3772508
178.028009,177.895100,112.658300,99,122,221,15.93271,14.45867,4208,112462769,371052359,-1,3809410
178.138842,178.012100,110.832700,100,122,222,15.93271,14.45867,6894,111009269,371148989,-1,3994688
178.253273,178.112300,114.430500,100,122,222,15.93271,14.45867,8176,114256192,371060053,-1,4031600
178.366034,178.229200,112.761100,100,122,222,15.93271,14.45867,4128,112564038,370254644,-1,3920150
178.478901,178.346200,112.866900,100,122,222,15.93271,14.45867,4088,113059347,370240085,-1,4141528
178.598050,178.463100,119.149500,100,122,222,15.93271,14.45867,4248,119301538,370184392,-1,4178430
178.746606,178.580000,148.555800,100,122,222,15.93271,14.45867,4152,148134231,370269246,-1,4253002
178.939916,178.730300,193.310200,99,123,222,15.93271,14.45867,8224,193042307,370270686,-1,4216110
179.142085,178.914100,202.168600,99,123,222,15.93271,14.45867,5310,200156192,370257694,-1,4473680
179.340547,179.114500,198.461900,100,123,223,15.93271,14.45867,6990,200826076,371170123,-1,4621254
179.507617,179.314900,167.070500,100,123,223,15.93271,14.45867,8240,166680423,371102460,-1,4880336
179.637698,179.482000,130.081100,100,123,223,15.93271,14.45867,4088,129787077,370273468,-1,4879588
179.760324,179.615600,122.626000,100,123,223,15.93271,14.45867,4288,122887231,370289497,-1,5285490
179.890693,179.732600,130.369100,99,124,223,15.93271,14.45867,8208,130173731,370329767,-1,5286258
180.020519,179.866200,129.826000,99,124,223,15.93271,14.45867,5350,129620423,370310083,-1,5396230
180.151409,179.999900,130.889400,99,124,223,15.93271,14.45867,4088,131182423,370281076,-1,5470020
