wall_seconds,game_seconds,frame_ms,active_enemies,kills,spawned,player_x,player_z,gc_bytes,main_thread_ns,total_used_memory_bytes,draw_calls,triangles
0.106599,0.000000,106.598600,0,0,0,0.49006,0.00050,48046,0,284547447,-1,45442
0.125283,0.133575,18.684690,2,0,2,1.15797,0.00050,5878,18243616,285123108,-1,45354
0.176667,0.150269,51.384110,2,0,2,1.24146,0.00050,128,51672115,285175659,-1,156074
0.300275,0.201233,123.607800,2,0,2,1.49630,0.00050,168,123658769,284849058,-1,156074
0.371913,0.334717,71.637620,2,0,2,2.16371,0.00050,128,71277962,274862762,-1,156074
0.437950,0.401444,66.037570,2,0,2,2.49736,0.00050,168,65816346,274857530,-1,156074
0.500908,0.468613,62.957730,2,0,2,2.83319,0.00050,128,62927923,274857194,-1,82270
0.565935,0.535446,65.027040,2,0,2,3.16733,0.00050,208,64678192,274847068,-1,82270
0.627548,0.602325,61.612580,2,0,2,3.50175,0.00050,248,61462346,274841718,-1,82270
0.691544,0.652451,63.996620,3,0,3,3.75241,0.00050,1728,64124770,275743060,-1,82270
0.754543,0.719269,62.999040,3,0,3,4.08647,0.00050,208,62881500,275742340,-1,156074
0.818678,0.786133,64.135000,3,0,3,4.42081,0.00050,208,63988385,275741012,-1,156074
0.882367,0.852982,63.688770,3,0,3,4.75508,0.00050,248,63572769,275743040,-1,156074
0.945992,0.903076,63.624580,3,0,3,5.00557,0.00050,208,63782846,275742688,-1,156074
1.010763,0.969894,64.771690,3,0,3,5.33967,0.00050,208,64285461,275743100,-1,156074
1.074154,1.036697,63.390650,3,0,3,5.67370,0.00050,1430,63657193,275874731,-1,156074
1.138687,1.103531,64.532500,3,0,3,6.00791,0.00050,288,64062307,275874531,-1,156074
1.202639,1.170334,63.952000,4,0,4,6.34194,0.00050,1768,64326731,276675350,-1,156074
1.266443,1.237198,63.804770,4,0,4,6.67623,0.00050,248,62988231,276673094,-1,192976
1.335382,1.287292,68.938850,4,0,4,6.92671,0.00050,248,69386615,276672638,-1,192976
1.398990,1.370865,63.607810,4,0,4,7.34456,0.00050,288,63440538,276677802,-1,192976
1.462385,1.420959,63.394850,4,0,4,7.59501,0.00050,248,63657577,276677558,-1,192976
1.527565,1.487762,65.180080,4,0,4,7.92899,0.00050,248,64417654,276677338,-1,192976
1.590909,1.554565,63.343960,4,0,4,8.26297,0.00050,248,63878230,276677926,-1,192976
1.655705,1.621368,64.795880,4,0,4,8.59698,0.00050,328,64827423,276678278,-1,192976
1.721004,1.688248,65.299310,5,0,5,8.93140,0.00050,1904,65279000,277568392,-1,192976
1.784270,1.755051,63.265960,5,0,5,9.26542,0.00050,288,63267308,277566812,-1,229878
1.850210,1.805176,65.940190,5,0,5,9.51605,0.00050,288,65864269,277567356,-1,192976
1.913917,1.871994,63.706500,5,0,5,9.85016,0.00050,328,63455461,277566292,-1,192976
1.977660,1.938812,63.743150,5,0,5,10.18426,0.00050,288,63751192,277566484,-1,119172
2.041520,2.005646,63.859650,5,0,5,10.51843,0.00050,1510,63672308,277706215,-1,119172
2.104643,2.072464,63.123460,5,0,5,10.85250,0.00050,328,63253115,277706059,-1,119172
2.168904,2.139297,64.260610,6,0,6,11.18663,0.00050,1848,63873000,278513882,-1,119172
2.232298,2.189377,63.394420,7,0,7,11.43707,0.00050,1848,63673961,279436224,-1,192976
2.296222,2.256195,63.923850,7,0,7,11.77115,0.00050,328,63113539,279435364,-1,266780
2.363248,2.322998,67.025730,7,0,7,12.10513,0.00050,368,67277038,279437696,-1,266780
2.431289,2.389816,68.041110,7,0,7,12.43921,0.00050,328,67235231,279436232,-1,266780
2.495350,2.456635,64.060880,7,0,7,12.77329,0.00050,328,64944346,279436236,-1,266780
2.561300,2.523468,65.950540,7,0,7,13.10748,0.00050,368,65934539,279437056,-1,266780
2.627150,2.590256,65.849730,7,0,7,13.44145,0.00050,368,65737115,279436364,-1,266780
2.692030,2.657089,64.880230,7,0,7,13.77564,0.00050,408,64939347,279436880,-1,266780
2.757600,2.723938,65.570230,8,0,8,14.10991,0.00050,1968,65535577,279540610,-1,266780
2.822898,2.790741,65.297460,8,0,8,14.44390,0.00050,408,64997423,279540330,-1,266780
2.888188,2.857574,65.289810,8,0,8,14.77805,0.00050,408,65458924,279539978,-1,266780
2.952934,2.924362,64.746500,8,0,8,15.11201,0.00050,448,64722884,279540566,-1,266780
3.018096,2.974503,65.162120,8,0,8,15.36270,0.00050,408,64991462,279540786,-1,266780
3.082881,3.041306,64.784460,8,0,8,15.69671,0.00050,1630,64474770,279672173,-1,266780
3.147462,3.108139,64.581420,8,0,8,15.69671,0.00050,408,65659654,279711817,-1,192976
3.209397,3.174957,61.935340,8,0,8,15.69671,0.00050,488,61724576,279577534,-1,229878
3.286602,3.241791,77.204610,9,0,9,15.69671,0.00050,2128,76747346,279676872,-1,229878
3.383932,3.308609,97.330000,9,0,9,15.69671,0.00050,448,97394154,279672352,-1,229878
3.458916,3.408829,74.984040,9,0,9,15.69671,0.00050,758,75051539,279965931,-1,229878
3.534314,3.492340,75.398040,9,0,9,15.69671,0.00050,472,75152693,279970523,-1,230646
3.613066,3.559158,78.752300,9,0,9,15.69671,0.00050,448,79048576,279954418,-1,304460
3.695591,3.642685,82.524540,9,0,9,15.69671,0.00050,14040,82214808,280187224,-1,304462
3.780901,3.726181,85.310190,9,0,9,15.69671,0.00050,488,85224000,280186774,-1,266814
3.857010,3.809692,76.108310,10,0,10,15.69671,0.00050,2008,75852154,280226282,-1,340604
3.936672,3.893204,79.662190,10,0,10,15.69671,0.00050,528,79779770,280209556,-1,340604
4.017372,3.960007,80.700270,10,0,10,15.69671,0.00050,608,80716692,280235222,-1,340604
4.083329,4.043533,65.956770,10,0,10,15.69671,0.00050,1734,65580654,280236008,-1,341372
4.148931,4.110367,65.601920,9,1,10,15.69671,0.00050,4848,65889385,280258040,-1,341382
4.214952,4.177185,66.021690,10,1,11,15.69671,0.00050,3190,65910077,280358902,-1,303736
4.281267,4.244003,66.314840,10,1,11,15.69671,0.00050,488,66178423,280353628,-1,340638
4.347141,4.310806,65.873620,11,1,12,15.69671,0.00050,2048,65948038,281222222,-1,340624
4.412291,4.377625,65.150460,11,1,12,15.69671,0.00050,488,65049962,281210657,-1,377526
4.479218,4.444458,66.926770,11,1,12,15.69671,0.00050,488,66910461,281211613,-1,377506
4.546052,4.511292,66.834270,11,1,12,15.69671,0.00050,648,66685615,281232847,-1,377506
4.611984,4.578140,65.931770,11,1,12,15.69671,0.00050,512,65880654,281238536,-1,378274
4.678957,4.644989,66.973380,11,1,12,15.69671,0.00050,4232,66833654,281263712,-1,378286
4.745243,4.711823,66.285230,11,1,12,15.69671,0.00050,568,66350692,281241169,-1,340638
4.811675,4.778641,66.432000,11,1,12,15.69671,0.00050,568,66202423,281241019,-1,377540
4.878470,4.845490,66.795690,12,1,13,15.69671,0.00050,2088,66894346,282150695,-1,377526
4.944444,4.912338,65.974080,12,1,13,15.69671,0.00050,608,65909808,282148639,-1,414408
5.012282,4.979187,67.837230,12,1,13,15.69671,0.00050,568,67761769,282149183,-1,414408
5.078966,5.046036,66.683960,12,1,13,15.69671,0.00050,1910,66621077,282177712,-1,414408
5.146015,5.112869,67.049350,12,1,13,15.69671,0.00050,632,66718115,282180813,-1,415176
5.213185,5.179703,67.169880,11,2,13,15.69671,0.00050,4624,67232731,282210990,-1,415188
5.280240,5.246521,67.055420,11,2,13,15.69671,0.00050,1750,67140654,282194270,-1,377540
5.347098,5.313354,66.857690,11,2,13,15.69671,0.00050,608,66659654,282183624,-1,414442
5.414931,5.380188,67.832540,12,2,14,15.69671,0.00050,2088,67587577,283048573,-1,414428
5.481334,5.446991,66.403380,12,2,14,15.69671,0.00050,568,66647577,283077665,-1,451310
5.551510,5.513809,70.176420,12,2,14,15.69671,0.00050,608,70116615,283077797,-1,451310
5.619046,5.580627,67.535160,12,2,14,15.69671,0.00050,568,67471961,283078073,-1,451310
5.687114,5.647430,68.068230,12,2,14,15.69671,0.00050,568,68002000,283082825,-1,451310
5.754495,5.714249,67.381650,12,2,14,15.69671,0.00050,1160,67278769,282994047,-1,451310
5.822077,5.781067,67.581190,12,2,14,15.69671,0.00050,568,67444192,282191939,-1,377506
5.888571,5.847885,66.494000,12,2,14,15.69671,0.00050,608,66536577,282191111,-1,377506
5.955856,5.914719,67.285190,13,2,15,15.69671,0.00050,2168,67204076,282272333,-1,377506
6.022742,5.981552,66.886340,13,2,15,15.69671,0.00050,608,66831039,282272666,-1,377486
6.089629,6.048370,66.886380,13,2,15,15.69671,0.00050,1830,66773731,282415381,-1,377486
6.157525,6.115189,67.896540,13,2,15,15.69671,0.33459,648,67024077,284508145,-1,377486
6.224432,6.182007,66.907350,14,2,16,15.69671,0.66871,2128,67096693,285462480,-1,377486
6.291112,6.248840,66.680040,14,2,16,15.69671,1.00289,608,66225654,285462124,-1,414388
6.357905,6.315674,66.792620,14,2,16,15.69671,1.33707,648,66910962,285457584,-1,414388
6.425890,6.382507,67.984810,14,2,16,15.69671,1.67125,648,68022654,285461724,-1,414388
6.492972,6.449356,67.082310,15,2,17,15.69671,2.00548,2168,67161154,285554706,-1,414388
6.560468,6.516190,67.495960,15,2,17,15.69671,2.33968,688,67450884,285554706,-1,414388
6.628196,6.583023,67.728350,15,2,17,15.69671,2.67383,648,67564347,285554118,-1,414388
6.695017,6.649872,66.820620,15,2,17,15.69671,3.00810,688,66568077,285554942,-1,414388
6.763285,6.716705,68.268200,15,2,17,15.69671,3.34229,728,68031384,285554398,-1,414388
6.831359,6.783524,68.073690,15,2,17,15.69671,3.67637,1072,67349539,285471240,-1,414388
6.897413,6.850372,66.054380,15,2,17,15.69671,4.01059,688,66707654,284676000,-1,340584
6.963262,6.933945,65.848920,15,2,17,15.69671,4.42843,768,65715808,284675808,-1,340584
7.029646,6.984070,66.383690,16,2,18,15.69671,4.67903,2248,66477769,286644330,-1,340584
7.095164,7.050873,65.517690,16,2,18,15.69671,5.01305,1950,65504615,286774753,-1,377486
7.161731,7.117706,66.567540,16,2,18,15.69671,5.34718,728,66205116,286774513,-1,340584
7.228417,7.184525,66.685390,16,2,18,15.69671,5.68124,888,66628731,286669104,-1,340584
7.294409,7.251343,65.992580,16,2,18,15.69671,6.01536,752,66000423,286674573,-1,341352
7.360902,7.318161,66.492460,16,2,18,15.69671,6.34942,728,66602923,286675449,-1,341364
7.427421,7.384979,66.519310,16,2,18,15.69671,6.68352,4844,66435807,286685653,-1,341364
7.492927,7.451813,65.505580,16,2,18,15.69671,7.01765,768,65400577,286686144,-1,303716
7.559659,7.518631,66.732650,17,2,19,15.69671,7.35176,2576,66429731,289706276,-1,340618
7.624906,7.585464,65.246850,17,2,19,15.69671,7.68594,808,65422808,289689123,-1,377506
7.691939,7.652298,67.033160,17,2,19,15.69671,8.02014,768,67168616,289688751,-1,377506
7.759242,7.719116,67.303270,17,2,19,15.69671,8.35423,888,66652385,289714617,-1,377506
7.825985,7.785950,66.742310,17,2,19,15.69671,8.68836,832,66980193,289715322,-1,341372
7.893768,7.852768,67.783540,16,3,19,15.69671,9.02243,4824,67470231,290551970,-1,341384
7.959190,7.919586,65.421230,16,3,19,15.69671,9.35654,1950,65450154,290535014,-1,377540
8.025707,7.986404,66.517540,16,3,19,15.69671,9.69066,808,66384769,290524604,-1,414442
8.093833,8.053253,68.125850,17,3,20,15.69671,10.02488,3510,68268385,291397217,-1,414428
8.160466,8.120071,66.633350,17,3,20,15.69671,10.35895,768,66667692,291387144,-1,451330
8.229714,8.186905,69.248040,18,3,21,15.69671,10.69310,2328,68966500,292279622,-1,451310
8.296716,8.253738,67.002190,18,3,21,15.69671,11.02729,768,67120500,292277859,-1,488212
8.365037,8.320557,68.320500,18,3,21,15.69671,11.36140,768,68209885,292282379,-1,488212
8.433199,8.387375,68.162160,18,3,21,15.69671,11.69547,808,68145192,292282751,-1,488212
8.501368,8.454193,68.169000,18,3,21,15.69671,12.02959,768,68047923,292275751,-1,488212
8.568932,8.537735,67.563930,18,3,21,15.69671,12.44727,808,67580039,292280259,-1,488212
8.636352,8.604584,67.419540,19,3,22,15.69671,12.78150,2368,67373615,292411889,-1,488212
8.703399,8.671402,67.047230,19,3,22,15.69671,13.11557,848,66932770,292412002,-1,488192
8.771238,8.738266,67.838880,19,3,22,15.69671,13.44988,848,67350077,292411766,-1,488192
8.838790,8.805130,67.551930,19,3,22,15.69671,13.78417,888,67102769,292352336,-1,488192
8.905260,8.871994,66.470270,19,3,22,15.69671,14.11845,848,67089693,292351440,-1,488192
8.972372,8.938858,67.111770,19,3,22,15.69671,14.45276,848,67187615,292351264,-1,488192
9.040453,9.005692,68.081700,19,3,22,15.69671,14.78694,2110,67806115,292347986,-1,488192
9.106135,9.072510,65.681850,19,3,22,15.69671,14.78694,888,66624346,292352608,-1,488192
9.181809,9.139343,75.674040,20,3,23,15.69671,14.78694,2408,75267154,292448791,-1,561996
9.267748,9.206146,85.939000,20,3,23,15.69671,14.78694,928,85840923,292448791,-1,488192
9.357490,9.289658,89.741880,20,3,23,15.69671,14.78694,888,89770884,292443943,-1,488192
9.447681,9.389862,90.190930,20,3,23,15.69671,14.78694,888,90469347,292444075,-1,488192
9.533251,9.473373,85.569690,20,3,23,15.69671,14.78694,1312,85203077,292359281,-1,525094
9.617424,9.556885,84.173690,20,3,23,15.69671,14.78694,888,84092346,291562341,-1,451290
9.700437,9.640411,83.012460,20,3,23,15.69671,14.78694,928,82906270,291562449,-1,451290
9.782465,9.723953,82.028340,20,3,23,15.69671,14.78694,968,82022500,291563069,-1,451290
9.868247,9.807465,85.782070,20,3,23,15.69671,14.78694,928,85629654,291561929,-1,525094
9.944965,9.890991,76.717460,20,3,23,15.69671,14.78694,928,76819769,291570533,-1,525094
10.012515,9.974564,67.549840,20,3,23,15.69671,14.78694,968,67506885,291570665,-1,525094
10.080485,10.041410,67.970420,20,3,23,15.69671,14.78694,2150,67910615,291570628,-1,525094
10.148313,10.108280,67.828190,20,3,23,15.69671,14.78694,928,67770846,291570628,-1,525094
10.216275,10.175110,67.961390,20,3,23,15.69671,14.78694,968,67880039,291574645,-1,525094
10.285104,10.241970,68.829810,21,3,24,15.69671,14.78694,2448,68576038,292458603,-1,525094
10.352337,10.308840,67.232230,21,3,24,15.69671,14.78694,928,67391923,292458031,-1,561996
10.422710,10.375690,70.373270,21,3,24,15.69671,14.78694,1088,70200576,292479545,-1,561996
10.491435,10.459240,68.725300,21,3,24,15.69671,14.78694,952,68273769,292490168,-1,562764
10.561850,10.526080,70.414960,21,3,24,15.69671,14.78694,928,70636538,293271991,-1,562774
10.629897,10.592930,68.046460,21,3,24,15.69671,14.78694,968,67994038,293266682,-1,636580
10.700245,10.659790,70.348730,21,3,24,15.69671,14.78694,5044,70310692,293294610,-1,636580
10.770516,10.726590,70.270160,21,3,24,15.69671,14.78694,968,70027346,293299741,-1,598932
10.839822,10.793400,69.306540,21,3,24,15.69671,14.78694,1008,68973423,293299591,-1,635834
10.909866,10.860210,70.043920,21,3,24,15.69671,14.78694,968,70014000,293282242,-1,635820
10.979197,10.943740,69.331380,21,3,24,15.69671,14.78694,1088,69396884,293307612,-1,635820
11.049459,11.010570,70.261460,21,3,24,15.69671,14.78694,2254,70334385,293447920,-1,636588
11.118952,11.077390,69.493390,21,3,24,15.69671,14.78694,968,69030269,293448284,-1,636600
11.188251,11.144200,69.299120,20,4,24,15.69671,14.78694,5024,69394385,293339094,-1,636600
11.257958,11.210980,69.706150,20,4,24,15.69671,14.78694,2190,69620577,293338409,-1,598952
11.327293,11.294510,69.335620,20,4,24,15.69671,14.78694,928,68790653,293333303,-1,635854
11.397041,11.361340,69.747960,20,4,24,15.69671,14.78694,928,70120731,293319759,-1,635840
11.466712,11.428160,69.670430,20,4,24,15.69671,14.78694,968,69541615,293310586,-1,635840
11.536416,11.495000,69.704890,20,4,24,15.69671,14.78694,1048,69687692,293334836,-1,635820
11.606943,11.561830,70.526730,20,4,24,15.69671,14.78694,952,70679730,293341793,-1,636588
11.676690,11.628660,69.746500,20,4,24,15.69671,14.78694,968,69507846,293344397,-1,673502
11.747590,11.712190,70.900230,20,4,24,15.69671,14.78694,4632,70698423,293348790,-1,673502
11.817789,11.779020,70.199460,20,4,24,15.69671,14.78694,928,70188538,293352886,-1,635854
11.887621,11.845860,69.831500,20,4,24,15.69671,14.78694,968,69869692,293352604,-1,672756
11.958254,11.912670,70.633000,20,4,24,15.69671,14.78694,928,70602038,293325654,-1,672742
12.029233,11.979510,70.979120,20,4,24,15.69671,14.78694,928,70926500,293329022,-1,672722
12.100103,12.063100,70.870040,20,4,24,15.69671,14.78694,2310,70927115,293490543,-1,672722
12.173683,12.129930,73.580190,20,4,24,15.36254,14.78694,952,72679654,294294100,-1,673490
12.244003,12.196750,70.319380,20,4,24,15.02842,14.78694,928,70321116,294163421,-1,784208
12.320405,12.280320,76.402420,20,5,25,14.61056,14.78694,6544,74870692,295224400,-1,784208
12.393605,12.347170,73.200460,20,5,25,14.27629,14.78694,2110,73625269,296808807,-1,857266
12.467213,12.414020,73.607730,20,5,25,13.94203,14.78694,888,73319154,297608029,-1,1041776
12.547066,12.497570,79.853310,20,5,25,13.52428,14.78694,928,79729423,297580824,-1,1078664
12.625394,12.581100,78.327960,20,5,25,13.10662,14.78694,1008,79207807,297601782,-1,1078644
12.701153,12.647920,75.758460,20,5,25,12.77252,14.78694,4616,75215346,297645713,-1,1042510
12.777671,12.731450,76.518460,20,5,25,12.35488,14.78694,968,76727539,299242488,-1,1004876
12.851675,12.798280,74.003730,20,5,25,12.02073,14.78694,1312,72887538,299134312,-1,1152482
12.929850,12.881840,78.174960,20,5,25,11.60291,14.78694,928,78683346,298320787,-1,1115566
13.006464,12.965380,76.613960,20,5,25,11.18521,14.78694,968,76636653,298325343,-1,1115566
13.082549,13.032260,76.084620,20,5,25,10.85079,14.78694,2150,76448847,298316049,-1,1115566
13.160130,13.115800,77.581040,20,5,25,10.43306,14.78694,1048,77035615,298341359,-1,1115546
13.236672,13.182630,76.542500,20,5,25,10.09887,14.78694,992,77045308,298341253,-1,1116314
13.314634,13.266190,77.962150,19,6,25,9.68108,14.78694,4984,77364000,298383701,-1,1116326
13.391963,13.349730,77.328810,19,6,25,9.26340,14.78694,5994,77173307,298509079,-1,1078678
13.467698,13.416580,75.735270,19,6,25,8.92914,14.78694,2146,75675038,298499498,-1,1115586
13.543182,13.500120,75.483380,19,6,25,8.51141,14.78694,888,76002962,298364624,-1,1115582
13.623162,13.567000,79.980040,19,6,25,8.17703,14.78694,888,79630307,298364712,-1,1078680
13.704007,13.650560,80.844810,19,6,25,7.75925,14.78694,1048,79702692,298385398,-1,1078680
13.782038,13.734090,78.031650,19,6,25,7.34164,14.78694,4616,78740384,298419405,-1,1079448
13.861004,13.817630,78.965690,19,6,25,6.92390,14.78694,888,79141423,298406139,-1,1004892
13.937209,13.884480,76.205310,19,6,25,6.58967,14.78694,1312,75859115,298311107,-1,1041780
14.011608,13.968000,74.399120,19,6,25,6.17201,14.78694,888,74536808,297497665,-1,1004878
14.085752,14.034820,74.143810,19,6,25,5.83793,14.78694,2106,74000270,297500679,-1,967976
14.159632,14.118350,73.879460,19,6,25,5.42032,14.78694,928,73677884,297491439,-1,967956
14.233112,14.185200,73.480040,19,6,25,5.08607,14.78694,1008,73546576,297515758,-1,931034
14.307635,14.268720,74.523730,18,7,25,4.66844,14.78694,4968,73322269,297552145,-1,931802
14.380118,14.335540,72.482380,19,7,26,4.33432,14.78694,3626,73365269,298419101,-1,857264
14.452094,14.402370,71.976040,19,7,26,4.00014,14.78694,848,71463384,298416027,-1,967970
14.524397,14.485920,72.302930,19,7,26,3.58243,14.78694,848,72633115,298389834,-1,967956
14.597463,14.552760,73.066570,19,7,26,3.24818,14.78694,888,73346462,298389554,-1,931034
14.671146,14.619580,73.683000,19,7,26,2.91412,14.78694,848,73551500,298388966,-1,894132
14.743919,14.703110,72.773080,19,7,26,2.49650,14.78694,848,72580423,298388966,-1,894132
14.817256,14.769940,73.336920,19,7,26,2.16232,14.78694,928,73094116,298398162,-1,857230
14.889820,14.836780,72.563580,19,7,26,1.82817,14.78694,888,72405692,298397458,-1,857230
14.960938,14.920330,71.117810,19,7,26,1.41035,14.78694,1272,70799384,298303032,-1,857230
15.043819,14.987180,82.881120,19,7,26,1.07614,14.78694,928,83303731,297497788,-1,820328
15.138596,15.070740,94.777620,19,7,26,0.65836,14.78694,2106,94616116,297501288,-1,783406
15.238000,15.170990,99.403420,19,7,26,0.65836,14.78694,888,100320154,297506532,-1,746504
15.332653,15.271210,94.652620,19,7,26,0.65836,14.78694,928,94560038,297506421,-1,783406
15.428596,15.354740,95.943190,19,7,26,0.65836,14.78694,888,95770769,297501765,-1,746504
15.523922,15.454970,95.326390,19,7,26,0.65836,14.78694,888,95074731,297501661,-1,746504
15.616965,15.555210,93.042460,19,7,26,0.65836,14.78694,928,93203923,297505745,-1,820308
15.713685,15.638720,96.720920,19,7,26,0.65836,14.78694,888,94918461,297505613,-1,820308
15.797928,15.738970,84.242580,19,7,26,0.65836,14.78694,888,85846269,297504921,-1,820308
15.869696,15.822510,71.768070,19,7,26,0.65836,14.78694,928,71572884,297504921,-1,820308
15.941532,15.906100,71.835810,19,7,26,0.65836,14.78694,1272,71966769,297424655,-1,820308
16.012935,15.972960,71.403000,19,7,26,0.65836,14.78694,888,71291654,296628011,-1,783406
16.084056,16.039790,71.121040,19,7,26,0.65836,14.78694,2146,71011692,296628206,-1,783406
16.155075,16.106630,71.018880,19,7,26,0.65836,14.78694,888,70971692,296628174,-1,783406
16.226596,16.190170,71.520840,19,7,26,0.65836,14.78694,888,71401923,296627923,-1,783406
16.297505,16.257030,70.909000,19,7,26,0.65836,14.78694,928,70960462,296631803,-1,783406
16.369213,16.323900,71.708620,19,7,26,0.65836,14.78694,888,71593230,296631935,-1,783406
16.441235,16.390760,72.022080,20,7,27,0.65836,14.78694,2408,71893885,297520861,-1,820308
16.512111,16.474320,70.875190,20,7,27,0.65836,14.78694,928,70883577,297519721,-1,857210
16.583402,16.541170,71.291660,20,7,27,0.65836,14.78694,888,71031038,297524061,-1,857210
16.655220,16.607990,71.817420,20,7,27,0.65836,14.78694,888,71923385,297524229,-1,857210
16.726783,16.691500,71.563690,20,7,27,0.65836,14.78694,928,71464653,297524229,-1,857210
16.798786,16.758330,72.003070,20,7,27,0.65836,14.78694,888,71948692,297524205,-1,857210
16.870412,16.825160,71.625080,20,7,27,0.65836,14.78694,928,71534308,297527913,-1,857210
16.942491,16.891970,72.079230,20,7,27,0.65836,14.78694,1088,72015807,297548979,-1,894112
17.014570,16.975460,72.079230,20,7,27,0.65836,14.78694,952,71897423,297555226,-1,894880
17.086284,17.042280,71.713770,20,7,27,0.65836,14.78694,2146,71678730,297538736,-1,894890
17.158365,17.109100,72.081310,20,7,27,0.65836,14.78694,968,72002500,297533328,-1,894892
17.230369,17.192630,72.003500,20,7,27,0.65836,14.78694,5004,71985423,297561220,-1,894892
17.302277,17.259490,71.908580,20,7,27,0.65836,14.78694,928,71766923,297561299,-1,857244
17.374303,17.326320,72.025460,20,7,27,0.65836,14.78694,968,71809038,297565221,-1,894146
17.446795,17.409870,72.492270,20,7,27,0.65836,14.78694,1048,72641154,297572646,-1,894132
17.519669,17.476720,72.874500,20,7,27,0.65836,14.78694,952,72838384,297579479,-1,894900
17.592931,17.543530,73.261500,20,7,27,0.65836,14.78694,968,72736346,297579635,-1,931814
17.665326,17.627040,72.395160,19,8,27,0.65836,14.78694,4984,72783154,297595368,-1,931814
17.738627,17.693920,73.300930,19,8,27,0.65836,14.78694,2106,73212269,297594679,-1,931068
17.809734,17.760770,71.107000,19,8,27,0.65836,14.78694,928,70651462,297594117,-1,967970
17.882148,17.844350,72.414420,19,8,27,0.65836,14.78694,888,72776846,297576721,-1,967956
17.958621,17.911190,76.472850,19,8,27,0.65836,14.78694,1008,76337269,297588482,-1,967956
18.032724,17.994740,74.102420,19,8,27,0.65836,14.78694,952,73898307,297598853,-1,1005606
18.106494,18.061570,73.770610,19,8,27,0.65836,14.78694,2106,73752154,297581775,-1,1005616
18.181280,18.128400,74.786230,19,8,27,0.65836,14.45281,4592,73991308,297604779,-1,1005618
18.255639,18.211910,74.358730,19,8,27,0.65836,14.03522,928,73915077,297604296,-1,967970
18.328640,18.278750,73.000420,19,8,27,0.65836,13.70107,888,73140731,297608654,-1,1004872
18.403035,18.362270,74.395840,19,8,27,0.65836,13.28345,888,74185692,297576972,-1,1004858
18.477684,18.429110,74.648230,20,8,28,0.65836,12.94926,2568,74544308,298481436,-1,1004838
18.551959,18.512650,74.275190,20,8,28,0.65836,12.53153,912,72992538,298487327,-1,1079410
18.628426,18.579480,76.467540,19,9,28,0.65836,12.19736,4944,77152462,298505694,-1,1079420
18.703193,18.662990,74.766380,19,9,28,0.65836,11.77979,2106,74928076,298499081,-1,1041774
18.777785,18.729860,74.592000,19,9,28,0.65836,11.44548,848,74635000,298494079,-1,1078676
18.853183,18.813390,75.398420,19,9,28,0.65836,11.02788,848,75689038,298481307,-1,1078662
18.928398,18.880200,75.215190,19,9,28,0.65836,10.69375,928,74904884,298475714,-1,1078662
19.004455,18.963760,76.057000,19,9,28,0.65836,10.27598,1008,75489077,298496304,-1,1078642
19.080243,19.030610,75.787080,19,9,28,0.65836,9.94176,2130,74987961,298502700,-1,1079410
19.156081,19.114140,75.838960,19,9,28,0.65836,9.52412,4632,75593576,298543280,-1,1116324
19.230976,19.180980,74.894110,19,9,28,0.65836,9.18985,888,75425692,298523770,-1,1078676
19.305232,19.264530,74.255920,19,9,28,0.65836,8.77215,1272,74600654,298434974,-1,1115578
19.381004,19.331360,75.772000,19,9,28,0.65836,8.43799,928,75563423,297611488,-1,1041760
19.455357,19.414900,74.353000,19,9,28,0.65836,8.02025,888,73894308,297611680,-1,1041740
19.529468,19.481750,74.111500,19,9,28,0.65836,7.68601,1008,74752884,297631626,-1,1041740
19.604507,19.565290,75.038960,19,9,28,0.65836,7.26828,952,74157692,297642481,-1,1042508
19.678061,19.632130,73.554190,18,10,28,0.65836,6.93409,4944,74069000,297655872,-1,1042518
19.752735,19.698940,74.673390,18,10,28,0.65836,6.60002,2070,74778000,297650303,-1,1004872
19.826995,19.782470,74.260150,18,10,28,0.65836,6.18242,888,73713192,297645585,-1,1041776
19.900952,19.849300,73.957580,18,10,28,0.65836,5.84829,848,74408769,297623040,-1,1041762
19.976314,19.932850,75.361810,18,10,28,0.65836,5.43057,848,74555846,297622852,-1,1041742
20.051713,19.999660,75.398690,18,10,28,0.65836,5.09645,888,75148577,297623228,-1,1078644
20.125174,20.083190,73.461500,18,10,28,0.65836,4.67878,2070,74472461,297627899,-1,1041742
20.200462,20.150040,75.288190,18,10,28,0.65836,4.34456,848,74459961,297626055,-1,1041742
20.275749,20.233600,75.286540,18,10,28,0.65836,3.92680,1392,74854538,297557248,-1,1041742
20.349718,20.300430,73.969460,18,10,28,0.65836,3.59260,872,74888154,296767685,-1,968706
20.423959,20.383970,74.240730,18,10,28,0.65836,3.17490,848,73869807,296762057,-1,968718
20.499191,20.450820,75.232230,19,10,29,0.65836,2.84063,6484,74375000,297652324,-1,968698
20.571685,20.517640,72.493770,19,10,29,0.65836,2.50652,848,73058500,297652263,-1,1004854
20.644897,20.601170,73.211770,19,10,29,0.65836,2.08884,848,73522307,297651513,-1,1078658
20.719439,20.668000,74.542500,19,10,29,0.65836,1.75465,888,74173616,297634652,-1,1078644
20.794009,20.751540,74.569110,19,10,29,0.65836,1.33691,968,74990308,297654906,-1,1078644
20.878258,20.818420,84.249580,19,10,29,0.65836,1.00252,872,78427884,297665663,-1,1079412
20.956729,20.901930,78.471120,19,10,29,0.65836,0.58495,928,84082154,297665719,-1,1116326
21.061490,20.985470,104.761200,18,11,29,0.65836,0.16727,4944,104858885,297685444,-1,1116326
21.170818,21.085690,109.327300,18,11,29,0.65836,-0.33386,2070,109612269,297684657,-1,1078678
21.275779,21.202640,104.960900,18,11,29,0.65836,-0.33386,888,105203770,297667523,-1,1152468
21.376458,21.302860,100.679100,18,11,29,0.65836,-0.33386,1232,100900538,297583130,-1,1189350
21.490416,21.403080,113.958300,18,11,29,0.65836,-0.33386,888,113525000,296782210,-1,1115546
21.590509,21.520020,100.092500,18,11,29,0.65836,-0.33386,848,100071807,296776186,-1,1115546
21.695769,21.620250,105.260300,18,11,29,0.65836,-0.33386,888,105192885,296779794,-1,1115546
21.771448,21.720460,75.678960,18,11,29,0.65836,-0.33386,848,75167038,296770406,-1,1115546
21.845977,21.804020,74.529110,18,11,29,0.65836,-0.33386,848,74741653,296770327,-1,1115526
21.921320,21.870900,75.342730,18,11,29,0.65836,-0.33386,888,75284962,296770019,-1,1115526
21.995955,21.954420,74.635350,18,11,29,0.65836,-0.33386,848,74792115,296773671,-1,1115526
22.071562,22.021270,75.606690,18,11,29,0.65836,-0.33386,2070,75459731,296786386,-1,1115526
22.146288,22.104800,74.725850,18,11,29,0.65836,-0.33386,888,74677346,296786054,-1,1115526
22.222713,22.171630,76.425420,18,11,29,0.65836,-0.33386,848,76113961,296786239,-1,1115526
22.297312,22.255170,74.599230,18,11,29,0.65836,-0.33386,848,74831999,296785679,-1,1115526
22.373646,22.322020,76.333810,18,11,29,0.65836,-0.33386,1008,76130692,296807133,-1,1115526
22.449331,22.405560,75.684580,18,11,29,0.65836,-0.33386,872,75540423,296817144,-1,1116294
22.524287,22.472370,74.956540,19,11,30,0.65836,-0.33386,2368,75122692,296886357,-1,1153206
22.602779,22.555940,78.491810,19,11,30,0.65836,-0.33386,4964,78301116,296905892,-1,1153208
22.678589,22.639450,75.810390,19,11,30,0.65836,-0.33386,1232,75851462,296815843,-1,1078658
22.753263,22.706270,74.673270,19,11,30,0.65836,-0.33386,848,74310577,296022508,-1,1041742
22.828471,22.789780,75.208230,19,11,30,0.65836,-0.33386,888,74981461,296005418,-1,1041742
22.907753,22.856610,79.282540,19,11,30,0.65836,-0.33386,968,79426808,296025676,-1,1041742
22.985243,22.940140,77.489810,19,11,30,0.65836,-0.33386,912,77264000,296032203,-1,1042510
23.060621,23.006970,75.378230,19,11,30,0.65836,-0.33386,2150,75469039,296019885,-1,1042520
23.135633,23.090500,75.011690,18,12,30,0.65836,-0.33386,4944,74835077,296043881,-1,1042522
23.211070,23.157300,75.436930,18,12,30,0.65836,-0.33386,2070,75544961,296039033,-1,1041776
23.286178,23.240840,75.108310,18,12,30,0.65836,-0.33386,888,74617923,296039295,-1,1078678
23.361691,23.307690,75.512270,18,12,30,0.65836,-0.33386,848,75644269,296020738,-1,1078664
23.436556,23.391240,74.865730,18,12,30,0.65836,-0.33386,968,74744500,296040928,-1,1078644
23.512288,23.458040,75.731270,18,12,30,0.65836,-0.33386,912,75739692,296047561,-1,1079412
23.587864,23.541580,75.576540,18,12,30,0.65836,-0.33386,848,75122423,296047405,-1,1079424
23.663612,23.608380,75.748190,18,12,30,0.65836,-0.33386,4552,75877346,296056590,-1,1079424
23.739611,23.691910,75.998920,18,12,30,0.65836,-0.33386,888,76154730,296055486,-1,1041776
23.814340,23.775440,74.729030,18,12,30,0.65836,-0.33386,848,74256539,296056440,-1,1115580
23.890407,23.842270,76.066960,18,12,30,0.65836,-0.33386,848,75786807,296030066,-1,1115566
23.966125,23.925800,75.717650,18,12,30,0.65836,-0.33386,1008,75975923,296055748,-1,1115546
24.042198,23.992650,76.072770,18,12,30,0.65836,-0.33386,872,75916500,296059825,-1,1116314
24.118274,24.076200,76.076310,17,13,30,0.65836,-0.33386,6126,75834654,296099528,-1,1116326
24.195065,24.143080,76.790920,17,13,30,0.99273,-0.33386,2070,75947577,296082652,-1,1115580
24.271432,24.226640,76.367270,17,13,30,1.41049,-0.33386,808,76611653,296077451,-1,1189384
24.349641,24.293470,78.208660,17,13,30,1.74463,-0.33386,808,77983577,296064003,-1,1189370
24.429009,24.377010,79.368420,17,13,30,2.16230,-0.33386,848,79407538,296049246,-1,1226272
24.508358,24.460560,79.348960,17,13,30,2.58002,-0.33386,928,79107269,296070088,-1,1263154
24.591599,24.544080,83.240770,18,13,31,2.99769,-0.33386,2352,82359384,296959641,-1,1337726
24.671598,24.610900,79.998810,18,13,31,3.33180,-0.33386,4552,80720115,296975756,-1,1374638
24.755987,24.694440,84.389340,18,13,31,3.74951,-0.33386,1192,82984616,296885814,-1,1336992
24.831749,24.777980,75.761380,18,13,31,4.16719,-0.33386,808,76994269,296088048,-1,1336992
24.911214,24.861540,79.465460,18,13,31,4.58497,-0.33386,848,78393423,296061086,-1,1336978
24.988395,24.945070,77.180730,18,13,31,5.00260,-0.33386,808,78194346,296061086,-1,1263154
25.067448,25.011890,79.053420,18,13,31,5.33667,-0.33386,2190,78409500,296090511,-1,1263154
25.145170,25.095410,77.721850,18,13,31,5.75433,-0.33386,4616,77990961,296118782,-1,1263922
25.223217,25.178940,78.047110,18,13,31,6.17194,-0.33386,848,78228500,296101788,-1,1226286
25.300840,25.245770,77.623080,18,13,31,6.50611,-0.33386,848,77443115,296102057,-1,1263174
25.378975,25.329330,78.135040,18,13,31,6.92391,-0.33386,888,78099500,296083903,-1,1263174
25.456843,25.412840,77.867730,18,13,31,7.34148,-0.33386,848,77978231,296074142,-1,1263174
25.535857,25.479660,79.014460,18,13,31,7.67560,-0.33386,848,77865269,296074406,-1,1263154
25.612766,25.563220,76.908350,18,13,31,8.09336,-0.33386,1008,77668616,296094320,-1,1189350
25.690417,25.646730,77.650700,18,13,31,8.51093,-0.33386,4576,77086116,296124215,-1,1190118
25.768023,25.713610,77.606960,18,13,31,8.84531,-0.33386,1232,76602038,296023324,-1,1152482
25.843769,25.797160,75.745080,18,13,31,9.26312,-0.33386,888,75604500,295221154,-1,1115580
25.918432,25.864010,74.663040,18,13,31,9.59734,-0.33386,848,75084577,295194344,-1,1078664
25.992494,25.947530,74.062030,18,13,31,10.01493,-0.33386,848,74775308,295193672,-1,931036
26.064892,26.014340,72.398270,18,13,31,10.34903,-0.33386,2110,72422423,295196835,-1,931036
26.138153,26.097890,73.261230,18,13,31,10.76671,-0.33386,968,73088192,295216541,-1,931036
26.211529,26.164730,73.376080,18,13,31,11.10094,-0.33386,872,73445230,295222911,-1,931804
26.285238,26.231550,73.708530,17,14,31,11.43506,-0.33386,4944,73233231,295262387,-1,784208
26.357239,26.315090,72.000810,17,14,31,11.85278,-0.33386,2030,72552230,295243391,-1,746560
26.428290,26.381930,71.051160,17,14,31,12.18693,-0.33386,808,70554231,295229368,-1,709658
26.499692,26.448750,71.402110,17,14,31,12.52106,-0.33386,848,71281269,295211336,-1,709624
26.569807,26.532300,70.115460,17,14,31,12.93882,-0.33386,808,70480230,295215152,-1,709624
26.640868,26.599150,71.060390,18,14,32,13.27304,-0.33386,2328,71037347,296103122,-1,635820
26.709290,26.665950,68.422390,18,14,32,13.60708,-0.33386,968,67948000,296132220,-1,672722
26.782957,26.732770,73.666730,18,14,32,13.94117,-0.33386,832,73807730,296148592,-1,525882
26.850629,26.816300,67.671840,18,14,32,14.35883,-0.33386,808,66929924,296132165,-1,525894
26.930530,26.883120,79.901540,18,14,32,14.69293,-0.33386,848,80157462,296114930,-1,452090
27.013513,26.949940,82.982380,18,14,32,15.02699,-0.33386,4512,83195346,296141938,-1,452090
27.100926,27.033460,87.413570,18,14,32,15.44463,-0.33386,2070,87577730,296132068,-1,340638
27.181693,27.133680,80.767110,18,14,32,15.44463,-0.33386,888,81055270,296136110,-1,303716
27.262003,27.217220,80.309880,18,14,32,15.44463,-0.33386,968,80364230,296140772,-1,377506
27.339872,27.284060,77.868770,18,14,32,15.44463,-0.33386,872,77902653,296146685,-1,378274
27.420732,27.367600,80.859620,17,15,32,15.44463,-0.33386,4944,80614115,296176141,-1,378286
27.500015,27.451140,79.283270,17,15,32,15.44463,-0.33386,2030,79356692,296148679,-1,340638
27.577405,27.534670,77.390500,17,15,32,15.44463,-0.33386,808,77475500,296147112,-1,377526
27.658434,27.601500,81.028420,17,15,32,15.44463,-0.33386,848,80947731,296131607,-1,451330
27.724030,27.685030,65.596310,17,15,32,15.44463,-0.33386,808,65545385,296126010,-1,451330
27.790866,27.751890,66.835500,17,15,32,15.44463,-0.33386,808,66773038,296130698,-1,451310
27.857454,27.818730,66.588420,17,15,32,15.44463,-0.33386,1232,66515846,296041360,-1,451310
27.924319,27.885570,66.864880,17,15,32,15.44463,-0.33386,808,66834884,295243356,-1,451310
27.991595,27.952410,67.276080,17,15,32,15.44463,-0.33386,808,67000269,295243052,-1,451310
28.058140,28.019240,66.545580,17,15,32,15.44463,-0.33386,2190,66592499,295267765,-1,451310
28.125471,28.086060,67.330380,17,15,32,15.44463,-0.33386,832,67344769,295265154,-1,452078
28.193048,28.152880,67.576970,17,15,32,15.44463,-0.33386,808,67404500,295265296,-1,525874
28.259665,28.219700,66.617000,17,15,32,15.44463,-0.33386,848,66492885,295243061,-1,525874
28.328150,28.286500,68.485150,17,15,32,15.44463,-0.33386,4884,68541154,295291936,-1,525874
28.396034,28.353300,67.884380,17,15,32,15.44463,-0.33386,808,67817461,295291731,-1,488226
28.463521,28.420140,67.486580,17,15,32,15.44463,-0.33386,848,67258116,295291377,-1,525128
28.532151,28.486950,68.629770,17,15,32,15.44463,-0.33386,808,68730962,295273592,-1,525114
28.600306,28.553760,68.155230,17,15,32,15.44463,-0.33386,928,67970461,295299390,-1,525114
28.669646,28.637270,69.340540,18,15,33,15.44463,-0.33386,2392,69171231,296188563,-1,525882
28.738513,28.704100,68.866650,18,15,33,15.44463,-0.33386,808,68982769,296172434,-1,747304
28.811721,28.770980,73.207920,17,16,33,15.44463,-0.33386,4864,69288423,296213038,-1,747306
28.878521,28.837800,66.799840,17,16,33,15.44463,-0.33386,2030,70336961,296216755,-1,709658
28.948974,28.904600,70.453080,17,16,33,15.44463,-0.33386,768,70184385,296211757,-1,746560
29.019729,28.971390,70.755160,17,16,33,15.44463,-0.33386,1152,70766154,296108143,-1,746546
29.090427,29.054920,70.697770,17,16,33,15.44463,-0.33386,2190,70855230,295324287,-1,672742
29.160313,29.121730,69.886150,17,16,33,15.44463,-0.33386,832,69871423,295334356,-1,673490
29.229982,29.188570,69.669430,17,16,33,15.44463,-0.33386,808,69417385,295333773,-1,673502
29.299062,29.255390,69.079800,17,16,33,15.44463,-0.33386,848,69094153,295307557,-1,673502
29.369234,29.322200,70.171390,17,16,33,15.44463,-0.33386,4512,70156692,295335923,-1,673502
29.439140,29.405720,69.906730,17,16,33,15.44463,-0.33386,808,69872616,295335503,-1,635854
29.509867,29.472560,70.727040,17,16,33,15.44463,-0.33386,848,70456846,295336513,-1,672756
29.579231,29.539350,69.363770,17,16,33,15.44463,-0.33386,808,69197039,295309695,-1,820350
29.650192,29.606140,70.960880,17,16,33,15.44463,-0.33386,928,70767615,295339777,-1,820330
29.721308,29.672940,71.116040,17,16,33,15.44463,-0.33386,872,71017923,295339058,-1,821098
29.793793,29.756440,72.485270,17,16,33,15.44463,-0.33386,808,72159346,295339446,-1,821110
29.864529,29.823260,70.735340,16,17,33,15.44463,-0.33386,4864,70910269,295353063,-1,821110
29.936310,29.890080,71.780810,16,17,33,15.44463,-0.33386,2030,71653000,295359914,-1,783462
30.007748,29.956880,71.438650,16,17,33,15.44463,-0.33386,768,71371576,295355436,-1,820364
30.080400,30.040390,72.651540,17,17,34,15.44463,-0.33386,3510,72255193,295428549,-1,820350
30.153479,30.107210,73.079080,17,17,34,15.44463,0.00025,928,72585192,295444094,-1,820350
30.225752,30.174060,72.272930,17,17,34,15.44463,0.33448,792,71694616,295449776,-1,821098
30.298197,30.257610,72.445660,17,17,34,15.44463,0.75226,4472,72385193,295482332,-1,821110
30.371372,30.324460,73.175040,17,17,34,15.44463,1.08647,808,73743808,295454753,-1,783462
30.443572,30.391280,72.199920,17,17,34,15.44463,1.42057,1152,71966616,295368929,-1,894168
30.515652,30.474820,72.080120,17,17,34,15.44463,1.83824,808,71152924,294555576,-1,746546
30.587700,30.541670,72.047350,18,17,35,15.44463,2.17251,2368,73153654,295439378,-1,746546
30.658489,30.608540,70.789460,18,17,35,15.44463,2.50681,928,70131231,295454923,-1,857252
30.731131,30.692060,72.642040,19,17,36,15.44463,2.92445,6056,72236731,295571072,-1,858000
30.804899,30.758910,73.767500,19,17,36,15.44463,3.25872,848,74052462,295552015,-1,820364
30.876874,30.825730,71.975000,19,17,36,15.44463,3.59283,808,71569730,295549153,-1,857266
30.950141,30.909300,73.267190,19,17,36,15.44463,4.01067,808,73287538,295535100,-1,931056
31.022182,30.976100,72.041270,19,17,36,15.44463,4.34470,888,72319346,295524663,-1,931056
31.095987,31.042910,73.804380,20,17,37,15.44463,4.67870,3590,73146423,295611440,-1,931036
31.169432,31.126430,73.444850,20,17,37,15.44463,5.09632,1008,73844616,295636082,-1,931036
31.243095,31.193250,73.663350,20,17,37,15.44463,5.43042,4656,73712384,295670498,-1,931804
31.316519,31.276780,73.424080,20,17,37,15.44463,5.84804,888,73442384,295669725,-1,894170
31.392112,31.343600,75.592880,20,17,37,15.44463,6.18209,888,74059731,295647491,-1,931070
31.465881,31.410400,73.769310,20,17,37,15.44463,6.51609,1312,74631846,295532591,-1,1004860
31.537967,31.493930,72.085660,20,17,37,15.44463,6.93374,928,72274577,294735243,-1,857232
31.611985,31.560730,74.018620,21,17,38,15.44463,7.26776,2448,73475269,295623937,-1,857232
31.684085,31.644240,72.099690,21,17,38,15.44463,7.68534,1088,72396346,295647727,-1,931036
31.758065,31.711060,73.979650,21,17,38,15.44463,8.01943,952,73601615,295653928,-1,931804
31.833113,31.777880,75.048350,20,18,38,15.44463,8.35350,4984,75048269,295693748,-1,1005620
31.906405,31.861390,73.292380,20,18,38,15.44463,8.77105,2150,73269192,295672072,-1,967972
31.979515,31.928220,73.109230,20,18,38,15.44463,9.10519,888,73035115,295657729,-1,1004874
32.054660,32.011750,75.145770,20,18,38,15.44463,9.52284,2150,75600231,295644052,-1,1004840
32.128804,32.078600,74.143420,21,18,39,15.44463,9.85707,2488,74065500,296536582,-1,1004840
32.201953,32.162110,73.149460,21,18,39,15.44463,10.27465,1048,72598576,296561425,-1,1115546
32.275909,32.228990,73.955620,21,18,39,15.44463,10.60901,952,74065769,296566642,-1,1116314
32.351658,32.295820,75.748850,21,18,39,15.44463,10.94318,4672,75214615,296591502,-1,1116326
32.426866,32.379390,75.208500,21,18,39,15.44463,11.36101,928,74833616,296572107,-1,1078678
32.500910,32.446230,74.043770,21,18,39,15.44463,11.69520,928,74600385,296572169,-1,1115580
32.575248,32.529750,74.337540,21,18,39,15.44463,12.11279,1008,74284115,296545355,-1,1078664
32.650526,32.596600,75.277960,22,18,40,15.44463,12.44700,2488,75148769,296636161,-1,1041742
32.723566,32.680130,73.040380,22,18,40,15.44463,12.86467,1088,71727769,296660259,-1,1004840
32.803916,32.746960,80.349620,23,18,41,15.44463,13.19881,2552,82160808,296754242,-1,1005608
32.905865,32.830490,101.949800,23,18,41,15.44463,13.61641,968,101841230,296754370,-1,1005620
33.000037,32.930710,94.171150,22,19,41,15.44463,14.11755,5024,94184038,296765895,-1,1005620
33.095934,33.030960,95.897270,22,19,41,15.44463,14.61877,2190,96048500,296755271,-1,820364
33.192857,33.131200,96.923270,23,19,42,15.44463,14.61877,2488,97096884,296839140,-1,820330
33.285967,33.214720,93.109850,23,19,42,15.44463,14.61877,1008,93138769,296844117,-1,820330
33.381678,33.314970,95.710620,23,19,42,15.44463,14.61877,1048,95666000,296843189,-1,857232
33.474635,33.415220,92.957150,23,19,42,15.44463,14.61877,1392,93001153,296747615,-1,894134
33.569741,33.498730,95.106350,23,19,42,15.44463,14.61877,1008,94714115,295950791,-1,857232
33.640109,33.598970,70.367500,23,19,42,15.44463,14.61877,1088,70548308,295950419,-1,857232
33.713299,33.665800,73.190540,24,19,43,15.44463,14.61877,2568,73492885,296034649,-1,857232
33.787835,33.749360,74.536310,24,19,43,15.44463,14.61877,1048,74013231,296031686,-1,894114
33.859183,33.816220,71.347770,24,19,43,15.44463,14.61877,1088,71397000,296035018,-1,931016
33.933081,33.883070,73.898160,24,19,43,15.44463,14.61877,1048,73628385,296035358,-1,931016
34.006257,33.966630,73.175880,24,19,43,15.44463,14.61877,1048,73034807,296039454,-1,931016
34.079459,34.033460,73.201730,24,19,43,15.44463,14.61877,2430,73162039,296060227,-1,931016
34.153163,34.100330,73.703610,24,19,43,15.44463,14.61877,1112,73695500,296066492,-1,931784
34.228094,34.183880,74.931580,25,19,44,15.44463,14.61877,2608,74517500,296962953,-1,931796
34.300301,34.250750,72.207190,25,19,44,15.44463,14.61877,5204,72653116,296973077,-1,968698
34.374810,34.334300,74.508190,25,19,44,15.44463,14.61877,1088,74463077,296973152,-1,931050
34.449273,34.401170,74.463040,25,19,44,15.44463,14.61877,1088,74071807,296973718,-1,1004854
34.523393,34.484710,74.120730,25,19,44,15.44463,14.61877,1128,74361308,296960037,-1,1041742
34.598688,34.551560,75.294380,25,19,44,15.44463,14.61877,1592,75116576,296891401,-1,1041742
34.673287,34.635090,74.599340,25,19,44,15.44463,14.61877,1152,74432807,296102508,-1,1005608
34.747349,34.701950,74.062040,26,19,45,15.44463,14.61877,2688,74095807,296243513,-1,1005618
34.823054,34.768770,75.704500,26,20,46,15.44463,14.61877,6704,75488808,296417767,-1,1005620
34.897751,34.852280,74.697390,26,20,46,15.44463,14.61877,2310,74492769,296421774,-1,1041776
34.970759,34.919110,73.007970,26,20,46,15.44463,14.61877,1128,72999076,296420460,-1,1078678
35.045254,35.002660,74.495570,26,20,46,15.44463,14.61877,2310,74820923,296397902,-1,1078664
35.121205,35.069460,75.950810,26,20,46,15.44463,14.61877,1208,75824731,296418896,-1,1078644
35.197178,35.153020,75.973110,26,20,46,15.44463,14.61877,1192,75665385,296428304,-1,1079412
35.273789,35.219830,76.610340,27,20,47,15.44463,14.61877,2688,76013923,297300809,-1,1079422
35.348570,35.303380,74.781110,27,20,47,15.44463,14.61877,4872,75372692,297319013,-1,1153228
35.424570,35.370190,75.999770,27,20,47,15.44463,14.61877,1208,76106346,297322837,-1,1115580
35.500950,35.453720,76.380270,27,20,47,15.44463,14.61877,1168,76137962,297322407,-1,1152482
35.578276,35.537260,77.325810,27,20,47,15.44463,14.61877,1168,77256769,297296313,-1,1152468
35.655974,35.604100,77.697810,27,20,47,15.44463,14.61877,1328,77750808,297316315,-1,1152448
35.734213,35.687590,78.239920,27,20,47,15.44463,14.61877,1232,77594962,297326522,-1,1153216
35.811881,35.754390,77.667770,27,21,48,15.44463,14.61877,6784,77877385,298229199,-1,1153226
35.889526,35.837910,77.644770,27,21,48,15.44463,14.61877,2430,77676731,298231446,-1,1152482
35.967412,35.921430,77.886380,27,21,48,15.44463,14.61877,1168,77567000,298226900,-1,1263188
36.044986,35.988250,77.574070,27,21,48,15.44463,14.61877,1168,77919500,298210492,-1,1263174
36.123219,36.071790,78.232570,27,21,48,15.44463,14.61877,2430,78190808,298201258,-1,1263174
36.204161,36.155290,80.942340,27,21,48,15.02713,14.61877,1288,78236500,298235360,-1,1263154
36.282322,36.238830,78.160540,27,21,48,14.60942,14.61877,1232,78813576,299831148,-1,1300824
36.360780,36.305660,78.458500,28,21,49,14.27529,14.61877,6472,78667038,301560406,-1,1448442
36.440334,36.389220,79.553150,28,21,49,13.85753,14.61877,1592,78697692,301499583,-1,1521502
36.523261,36.472790,82.927310,28,21,49,13.43970,14.61877,1208,83659615,300696989,-1,1484600
36.604118,36.556340,80.857040,28,21,49,13.02201,14.61877,1248,81391269,300675623,-1,1447684
36.686524,36.639860,82.406500,28,21,49,12.60435,14.61877,1208,82030423,301473315,-1,1447664
36.772550,36.706730,86.025460,28,21,49,12.27000,14.61877,1328,85848885,302291609,-1,1521468
36.859137,36.806980,86.587270,29,22,51,11.76873,14.61877,8408,86452039,305310732,-1,1596040
36.944619,36.890550,85.482040,29,22,51,11.35084,14.61877,2430,85564654,306088304,-1,1742914
37.035412,36.974080,90.792850,29,22,51,10.93317,14.61877,1208,91163116,306064243,-1,1853606
37.133534,37.057620,98.121770,29,22,51,10.51544,14.61877,2470,97363154,306861366,-1,1853606
37.224237,37.157870,90.703190,29,22,51,10.01422,14.61877,1208,90384616,306862002,-1,1927390
37.317007,37.258120,92.769730,29,22,51,9.51296,14.61877,1448,93211038,307715460,-1,1890488
37.403465,37.341640,86.458420,30,22,52,9.09537,14.61877,10216,85751616,308652345,-1,1891256
37.487912,37.425170,84.447150,30,22,52,8.67775,14.61877,2894,84949308,308541839,-1,1927444
37.576444,37.508670,88.531460,30,22,52,8.26029,14.61877,1328,87988770,307701743,-1,1853644
37.664549,37.608870,88.105690,30,22,52,7.75928,14.61877,4968,88275346,307698917,-1,1779820
37.751759,37.692400,87.209850,30,22,52,7.34168,14.61877,2510,87182538,307707269,-1,1779840
37.838457,37.775920,86.697690,30,22,52,6.92404,14.61877,1488,86644193,307732211,-1,1706036
37.925289,37.859450,86.831960,31,22,53,6.50637,14.61877,6836,86899500,308649744,-1,1706804
38.011226,37.959690,85.936690,31,22,53,6.00521,14.61877,1328,85461923,308636469,-1,1632266
38.095642,38.043180,84.416040,31,22,53,5.58772,14.61877,2590,84702423,308622572,-1,1669136
38.180712,38.126710,85.070500,31,22,53,5.17009,14.61877,1328,84494692,309401920,-1,1632234
38.262274,38.210250,81.561580,31,22,53,4.75239,14.61877,1328,81873077,309405465,-1,1705998
38.345396,38.293760,83.122000,31,22,53,4.33481,14.61877,1528,82467692,309426699,-1,1669096
38.430487,38.377290,85.091690,31,23,54,3.91718,14.61877,6968,85417692,310343884,-1,1559158
38.512058,38.460850,81.570080,31,23,54,3.49937,14.61877,2934,80392539,310237202,-1,1595306
38.592474,38.544370,80.416810,31,23,54,3.08175,14.61877,1368,81364769,309434855,-1,1558390
38.671091,38.627930,78.616310,31,23,54,2.66393,14.61877,1328,79635192,309412001,-1,1521488
38.768375,38.694750,97.283960,31,23,54,2.32982,14.61877,1328,96899731,309426820,-1,1521468
38.886202,38.795000,117.827200,31,23,54,1.82856,14.61877,1488,117573038,309432307,-1,1484566
39.000057,38.911940,113.854900,33,23,56,1.24388,14.61877,8680,114241231,310495846,-1,1485334
39.117887,39.028900,117.830200,33,23,56,0.65912,14.61877,2630,117257807,310492409,-1,1484600
39.231292,39.145860,113.404800,33,23,56,0.65912,14.61877,1368,114193923,310451484,-1,1484586
39.346127,39.262820,114.835500,33,23,56,0.65912,14.61877,1408,114529000,310470428,-1,1484566
39.456595,39.379760,110.467800,33,23,56,0.65912,14.61877,1568,110483769,310476367,-1,1521468
39.538064,39.480010,81.469460,34,23,57,0.65912,14.61877,3032,80992423,311386897,-1,1522236
39.615762,39.563580,77.697690,34,23,57,0.65912,14.61877,5152,77821230,311388963,-1,1559148
39.697754,39.647170,81.991960,34,23,57,0.65912,14.61877,1448,82027461,311383456,-1,1521502
39.777224,39.730700,79.469500,34,23,57,0.65912,14.61877,1488,79184693,311378273,-1,1558370
39.859510,39.797550,82.286160,34,23,57,0.65912,14.61877,1448,82487461,311361087,-1,1558370
39.940473,39.881100,80.963160,34,23,57,0.65912,14.61877,1608,80871730,311386117,-1,1558370
40.022198,39.964660,81.725040,33,24,57,0.65912,14.61877,5608,81274193,311433436,-1,1596040
40.104118,40.048220,81.920040,34,24,58,0.65912,14.61877,4574,82139961,312212184,-1,1558404
40.186335,40.131770,82.216650,34,24,58,0.65912,14.61877,1448,81846385,311409201,-1,1595292
40.267552,40.215300,81.217160,34,24,58,0.65912,14.61877,1488,81346231,311392768,-1,1595292
40.349395,40.298860,81.843190,34,24,58,0.65912,14.61877,1448,81510115,311387411,-1,1632194
40.431800,40.382400,82.405460,34,24,58,0.65912,14.61877,1568,82605923,311407989,-1,1632174
40.514342,40.465960,82.541380,33,25,58,0.65912,14.61877,5568,82194116,311456704,-1,1706746
40.597355,40.549530,83.013110,34,25,59,0.65912,14.61877,4190,83457692,312322978,-1,1669110
40.678490,40.633090,81.135570,34,25,59,0.65912,14.61877,1448,80562116,312320811,-1,1779802
40.762082,40.699920,83.591840,34,25,59,0.65912,14.61877,1488,83690962,312294125,-1,1779802
40.847339,40.783460,85.256810,34,25,59,0.65912,14.61877,1448,85248154,312317803,-1,1816684
40.932271,40.867020,84.932040,34,25,59,0.65912,14.61877,1448,84631423,312302485,-1,1816684
41.016161,40.967250,83.889460,35,25,60,0.65912,14.61877,3128,84218039,313308626,-1,1816684
41.101527,41.050800,85.366350,36,25,61,0.65912,14.61877,7958,85267347,314200221,-1,1854354
41.183416,41.134340,81.888660,36,25,61,0.65912,14.61877,1488,81687962,314183090,-1,1890522
41.269097,41.217880,85.681300,36,25,61,0.65912,14.61877,1528,85435577,314173479,-1,1927410
41.360047,41.301450,90.950460,36,25,61,0.65912,14.61877,1488,90965384,314155341,-1,1927390
41.442384,41.384980,82.336310,36,25,61,0.65912,14.61877,1576,82258808,313622781,-1,1927390
41.528433,41.468510,86.049610,36,25,61,0.65912,14.61877,1688,86164077,313644935,-1,1964292
41.614249,41.552050,85.815960,35,26,61,0.65912,14.61877,5648,85378500,313683850,-1,2001962
41.700356,41.635600,86.106460,35,26,61,0.65912,14.61877,3134,86356885,313573368,-1,1964326
41.786879,41.735840,86.523380,35,26,61,0.65912,14.61877,1568,85953500,312771049,-1,1927410
41.871784,41.819370,84.904730,35,26,61,0.65912,14.61877,1528,85162000,312744363,-1,1927410
41.956839,41.902890,85.055190,35,26,61,0.65912,14.61877,1528,85048654,312744363,-1,1927390
42.042559,41.986430,85.720150,35,26,61,0.65912,14.61877,1688,85552000,312764941,-1,1927390
42.128441,42.069960,85.882000,34,27,61,0.65912,14.61877,7214,85693770,312716521,-1,1928158
42.215870,42.153500,87.429040,34,27,61,0.65912,14.20103,2710,85245000,311902997,-1,1816718
42.299082,42.237060,83.211540,34,27,61,0.65912,13.78326,1528,84348500,311896663,-1,1927410
42.385349,42.320600,86.266880,34,27,61,0.65912,13.36557,1488,86059500,311870001,-1,1927410
42.471314,42.420820,85.964840,34,27,61,0.65912,12.86446,1488,86117385,311864897,-1,2038096
42.558150,42.504330,86.836270,34,27,61,0.65912,12.44691,1648,86728577,311885279,-1,2038096
42.644316,42.587880,86.166270,34,27,61,0.65912,12.02918,5216,86011231,311913458,-1,2075766
42.731201,42.671390,86.885040,34,27,61,0.65912,11.61164,1488,86702769,311896619,-1,2038130
42.817816,42.754930,86.614880,34,27,61,0.65912,11.19390,1528,86366077,311890540,-1,2185724
42.909041,42.838460,91.224770,34,27,61,0.65912,10.77627,1488,91588462,311865837,-1,2185724
43.000888,42.938690,91.846890,34,27,61,0.65912,10.27510,1488,91776923,311866228,-1,2185704
43.090207,43.022220,89.318960,35,27,62,0.65912,9.85743,4390,89076730,311972756,-1,2185704
43.179181,43.122470,88.974620,34,28,62,0.65912,9.35621,5568,88437153,312811083,-1,2260276
43.269634,43.205990,90.452960,34,28,62,0.65912,8.93862,3054,90699000,312700457,-1,2296444
43.362016,43.289540,92.382160,34,28,62,0.65912,8.52091,1488,92341846,311880837,-1,2259528
43.451043,43.389770,89.026310,34,28,62,0.65912,8.01973,1448,88337384,311871321,-1,2259528
43.539614,43.473330,88.571460,34,28,62,0.65912,7.60194,1488,88481654,311871145,-1,2296410
43.631618,43.573560,92.003880,34,28,62,0.65912,7.10075,1648,91789693,311891739,-1,2296410
43.722481,43.657090,90.862620,34,28,62,0.65912,6.68309,1512,91326038,311897570,-1,2297178
43.812446,43.757350,89.965420,34,28,62,0.65912,6.18173,5576,90324077,311815983,-1,2334090
43.905062,43.840900,92.616230,34,28,62,0.65912,5.76405,1528,92341077,311003628,-1,2222640
43.993619,43.924450,88.556620,34,28,62,0.65912,5.34630,1488,88524577,310986823,-1,2259508
44.082273,44.024700,88.654500,34,28,62,0.65912,4.84506,2710,88486692,310991086,-1,2259508
44.171033,44.108250,88.759770,34,28,62,0.65912,4.42732,1648,88645423,311011256,-1,2222606
44.260082,44.191790,89.048770,34,28,62,0.65912,4.00962,5216,89000423,311041468,-1,2223374
44.348405,44.292020,88.323000,34,28,62,0.65912,3.50843,1488,88344038,311024497,-1,2185738
44.436057,44.375580,87.651700,34,28,62,0.65912,3.09065,1528,87663577,311001044,-1,2259528
44.525755,44.459140,89.698200,34,28,62,0.65912,2.67285,1488,88793846,310991767,-1,2259528
44.613035,44.559400,87.280350,34,28,62,0.65912,2.17152,1488,88008962,311033570,-1,2222606
44.735081,44.642960,122.045700,34,28,62,0.65912,1.75376,1648,122054923,311054380,-1,2222606
44.865446,44.759920,130.365300,33,29,62,0.65912,1.16900,5952,130787692,310963506,-1,2223374
44.998734,44.893540,133.288000,33,29,62,0.65912,0.50090,2710,132762116,310184317,-1,2111934
45.131711,45.027180,132.977400,34,29,63,0.65912,-0.16729,4190,133109307,311035764,-1,2148822
45.260201,45.160780,128.489700,34,29,63,0.65912,-0.16729,1488,129062000,311042497,-1,2185704
45.379858,45.294400,119.656700,34,29,63,0.65912,-0.16729,1448,119506076,311005655,-1,2222606
45.467217,45.411270,87.359500,34,29,63,0.65912,-0.16729,1488,87234230,310995419,-1,2222606
45.555300,45.494780,88.082660,34,29,63,0.65912,-0.16729,1488,87731385,310983795,-1,2222606
45.643451,45.578340,88.150960,34,29,63,0.65912,-0.16729,1488,88375154,310983716,-1,2222586
45.731938,45.678600,88.487340,34,29,63,0.65912,-0.16729,1528,88420576,310983716,-1,2259488
45.818763,45.762180,86.824620,34,29,63,0.65912,-0.16729,1488,86596961,310983300,-1,2259488
45.908391,45.845700,89.627850,34,29,63,0.65912,-0.16729,1488,89725038,310983228,-1,2259488
45.996906,45.929260,88.514770,34,29,63,0.65912,-0.16729,1648,88434808,311003974,-1,2259488
46.085745,46.029540,88.839840,34,29,63,0.65912,-0.16729,2734,88491923,311009980,-1,2260256
46.174179,46.113080,88.433350,34,29,63,0.65912,-0.16729,1488,88547576,310993215,-1,2260266
46.263607,46.196660,89.427810,33,30,63,0.65912,-0.16729,5956,89287769,311023039,-1,2297170
46.353194,46.296950,89.587770,33,30,63,0.65912,-0.16729,2670,89461154,311022263,-1,2296424
46.442357,46.380520,89.162380,33,30,63,0.65912,-0.16729,1832,89110654,310915688,-1,2333312
46.536279,46.464140,93.922160,33,30,63,0.65912,-0.16729,1608,93765538,310138891,-1,2222606
46.623062,46.564390,86.782840,33,30,63,0.65912,-0.16729,1472,86186923,310145138,-1,2260276
46.711142,46.647920,88.080270,33,30,63,0.65912,-0.16729,1448,88303231,310128381,-1,2260286
46.800112,46.731480,88.970500,33,30,63,0.65912,-0.16729,5192,88897346,310146633,-1,2260288
46.885976,46.831730,85.863960,33,30,63,0.65912,-0.16729,1448,85949654,310146179,-1,2222640
46.976391,46.915250,90.414380,33,30,63,0.65912,-0.16729,1448,90170385,310119493,-1,2259528
47.065405,46.998780,89.014580,33,30,63,0.65912,-0.16729,1608,88912846,310140087,-1,2259508
47.155732,47.099030,90.327080,34,30,64,0.65912,-0.16729,4214,90143231,311029827,-1,2260276
47.244234,47.182570,88.501150,33,31,64,0.65912,-0.16729,5504,88529000,311048058,-1,2297188
47.335597,47.266080,91.362960,33,31,64,0.65912,-0.16729,2670,91461231,311038164,-1,2296444
47.424907,47.366300,89.310460,33,31,64,0.65912,-0.16729,1408,89091423,311040197,-1,2333332
47.515650,47.449810,90.742460,33,31,64,0.65912,-0.16729,1408,90793693,311013471,-1,2370234
47.611433,47.550060,95.783310,33,31,64,0.65912,-0.16729,1608,95776923,311033625,-1,2370214
47.705976,47.633560,94.542730,33,31,64,0.65912,-0.16729,1472,93786308,311039800,-1,2370982
47.795870,47.733760,89.894270,33,31,64,0.65912,-0.16729,5152,90454116,311047239,-1,2407894
47.891170,47.817310,95.299800,33,31,64,0.65912,-0.16729,1872,95044000,310951643,-1,2370248
47.981318,47.917500,90.148500,33,31,64,0.65912,-0.16729,1448,90017192,310127405,-1,2333332
48.083112,48.017700,101.794000,33,31,64,0.65912,-0.16729,2710,102062077,310175339,-1,2333312
48.162834,48.117940,79.721730,33,31,64,1.16026,-0.16729,1568,78047539,310157630,-1,2333312
48.253112,48.184720,90.278080,33,31,64,1.49418,-0.16729,1472,90444230,310158052,-1,2334080
48.343794,48.284970,90.682540,32,32,64,1.99546,-0.16729,5544,90223961,310193068,-1,2334092
48.434176,48.368450,90.381160,32,32,64,2.41286,-0.16729,2630,90536769,310166074,-1,2370248
48.531439,48.468660,97.263040,32,32,64,2.91385,-0.16729,1408,96631616,310134108,-1,2407136
48.624759,48.552140,93.320500,32,32,64,3.33123,-0.16729,1448,94093846,310134029,-1,2407116
48.719233,48.652360,94.473340,32,32,64,3.83230,-0.16729,1528,93832692,310154255,-1,2407116
48.810865,48.752590,91.632190,32,32,64,4.33347,-0.16729,1472,91892577,310158098,-1,2444786
48.904678,48.836110,93.813390,32,32,64,4.75100,-0.16729,5496,93929500,310080867,-1,2370992
48.996074,48.936360,91.396350,32,32,64,5.25224,-0.16729,1408,91078500,309278697,-1,2259542
49.087100,49.019900,91.026000,32,32,64,5.66992,-0.16729,2670,90448000,309252114,-1,2296430
49.176615,49.120120,89.514380,33,32,65,6.17102,-0.16729,2928,90224462,309338176,-1,2296410
49.267503,49.203670,90.888620,33,32,65,6.58880,-0.16729,1528,90203730,309357939,-1,2222606
49.356631,49.287220,89.127190,33,32,65,7.00653,-0.16729,1472,89302000,309364114,-1,2260276
49.444553,49.387500,87.921960,32,33,65,7.50795,-0.16729,5464,88061154,309377733,-1,2186482
49.532779,49.471020,88.226040,32,33,65,7.92559,-0.16729,2590,88433000,309366446,-1,1853620
49.616301,49.554580,83.522040,32,33,65,8.34339,-0.16729,1448,83386769,309338900,-1,1890508
49.700494,49.638140,84.193040,32,33,65,8.76118,-0.16729,1408,84119539,309338425,-1,1742880
49.783029,49.721660,82.534840,32,33,65,9.17880,-0.16729,1528,82018192,309357143,-1,1742880
49.864942,49.805180,81.913500,32,33,65,9.59635,-0.16729,1472,82095961,309363318,-1,1596040
49.946614,49.888730,81.671540,32,33,65,10.01413,-0.16729,5496,81310230,309282063,-1,1448442
50.026926,49.972310,80.312880,32,33,65,10.43196,-0.16729,1408,79598423,308478777,-1,1263188
50.102487,50.055850,75.560580,32,33,65,10.84968,-0.16729,2670,75831346,308481813,-1,1226272
50.177095,50.122680,74.607540,32,33,65,11.18383,-0.16729,1408,75223923,308455574,-1,1226272
50.252036,50.206210,74.941040,32,33,65,11.60148,-0.16729,1408,74871346,308454803,-1,1152448
50.327378,50.272990,75.342270,32,33,65,11.93542,-0.16729,1568,74992231,308479725,-1,783428
50.397455,50.356520,70.077460,32,33,65,12.35304,-0.16729,1432,70236808,308478372,-1,710392
50.468697,50.423360,71.241920,32,33,65,12.68724,-0.16729,1408,71583884,308478594,-1,636598
50.541685,50.490170,72.988080,31,34,65,13.02132,-0.16729,5504,72561884,308498307,-1,562796
50.645880,50.573700,104.195100,31,34,65,13.43898,-0.16729,2590,96129346,308494110,-1,451344
50.713172,50.673920,67.291230,31,34,65,13.94004,-0.16729,1368,75077846,308478435,-1,488246
50.794207,50.740720,81.035770,31,34,65,14.27408,-0.16729,1408,81616731,308461963,-1,414408
50.877984,50.824230,83.776080,31,34,65,14.69164,-0.16729,1368,83242385,308461091,-1,340604
50.957496,50.907750,79.512120,31,34,65,15.10920,-0.16729,1368,79489961,308465859,-1,266800
51.032106,50.991270,74.610270,31,34,65,15.52683,-0.16729,1792,74490423,308375649,-1,192996
51.108577,51.058090,76.470810,31,34,65,15.86089,-0.16729,2590,76374500,307572872,-1,192996
51.182212,51.141630,73.635150,32,34,66,15.86089,-0.16729,2888,74276384,307664970,-1,192996
51.256653,51.208450,74.441310,32,34,66,15.86089,-0.16729,1408,74410346,307665023,-1,192996
51.332986,51.291960,76.333270,32,34,66,15.86089,-0.16729,1368,76401692,307655511,-1,192996
51.396670,51.358800,63.683070,32,34,66,15.86089,-0.16729,1368,63607461,307650448,-1,192976
51.460943,51.425660,64.273650,32,34,66,15.86089,-0.16729,1408,64239923,307650128,-1,192976
51.524591,51.492510,63.647350,32,34,66,15.86089,-0.16729,1368,63577385,307651348,-1,192976
51.588605,51.559390,64.014040,32,34,66,15.86089,-0.16729,1408,63937692,307650928,-1,192976
51.652240,51.609540,63.635350,32,34,66,15.86089,-0.16729,1408,63597423,307652032,-1,192976
51.716755,51.676360,64.515580,32,34,66,15.86089,-0.16729,1448,64421077,307651692,-1,192976
51.780811,51.743210,64.055190,32,34,66,15.86089,-0.16729,1408,64016961,307651524,-1,266780
51.844767,51.810040,63.955840,32,34,66,15.86089,-0.16729,1408,63683423,307651244,-1,266780
51.909673,51.876880,64.906690,32,34,66,15.86089,-0.16729,1448,64974923,307651528,-1,266780
51.974255,51.943700,64.582190,32,34,66,15.86089,-0.16729,1408,64520923,307651524,-1,266780
52.038870,52.010540,64.614920,32,34,66,15.86089,-0.16729,2630,64624654,307651587,-1,266780
52.103054,52.060640,64.183730,32,34,66,15.86089,-0.16729,1792,64128500,307563465,-1,266780
52.168056,52.127440,65.001460,32,34,66,15.86089,-0.16729,1448,64947577,306765722,-1,266780
52.232765,52.194270,64.709300,32,34,66,15.86089,-0.16729,1408,64605270,306766134,-1,266780
52.298662,52.261080,65.896800,32,34,66,15.86089,-0.16729,1408,65874577,306766302,-1,266780
52.364775,52.327930,66.113460,32,34,66,15.86089,-0.16729,1448,66046077,306766854,-1,340584
52.430641,52.394760,65.865730,32,34,66,15.86089,-0.16729,1408,65797500,306767786,-1,414388
52.496497,52.461600,65.856380,32,34,66,15.86089,-0.16729,1408,65791461,306767482,-1,414388
52.562785,52.528420,66.288230,32,34,66,15.86089,-0.16729,1448,66214923,306768066,-1,414388
52.629403,52.595280,66.617460,32,34,66,15.86089,-0.16729,1408,66554884,306767390,-1,414388
52.696126,52.662110,66.722690,32,34,66,15.86089,-0.16729,1408,66670307,306767390,-1,414388
52.762802,52.728960,66.676380,32,34,66,15.86089,-0.16729,1568,66588346,306788112,-1,414388
52.829368,52.795820,66.566000,32,34,66,15.86089,-0.16729,1432,66508000,306794633,-1,415156
52.896794,52.862660,67.426080,32,34,66,15.86089,-0.16729,1408,67055693,306795257,-1,415168
52.963084,52.929520,66.290380,32,34,66,15.86089,-0.16729,1448,66548808,306772530,-1,488972
53.030955,52.996350,67.870730,32,34,66,15.86089,-0.16729,5484,67802192,306797309,-1,488972
53.098504,53.063160,67.548690,32,34,66,15.86089,-0.16729,2630,67483577,306796871,-1,525128
53.165325,53.130000,66.821430,32,34,66,15.86089,-0.16729,1448,66565731,306797109,-1,488226
53.233212,53.196840,67.887040,33,34,67,15.86089,-0.16729,2928,67971193,306865515,-1,488212
53.301499,53.263640,68.286610,33,34,67,15.86089,-0.16729,1528,68240423,306892173,-1,488212
53.369117,53.330470,67.617580,33,34,67,15.86089,-0.16729,1472,67573846,306891990,-1,562784
53.437450,53.397290,68.333530,33,34,67,15.86089,-0.16729,1408,68108500,306892206,-1,562796
53.505970,53.464100,68.520000,32,35,67,15.86089,-0.16729,5464,68506499,306910267,-1,636600
53.573947,53.530930,67.976540,32,35,67,15.86089,-0.16729,2630,67731308,306905210,-1,598952
53.642057,53.597750,68.110380,32,35,67,15.86089,-0.16729,1368,67726539,306900212,-1,635854
53.712306,53.664600,70.248850,32,35,67,15.86089,-0.16729,1408,70724885,306882808,-1,635840
53.782128,53.748130,69.821850,32,35,67,15.86089,-0.16729,1448,69586769,306873907,-1,783448
53.852327,53.814960,70.199420,32,35,67,15.86089,-0.16729,1528,70266461,306895149,-1,709624
53.922303,53.881810,69.976350,32,35,67,15.86089,-0.16729,1432,69652154,306901474,-1,710392
53.991593,53.948660,69.289730,32,35,67,15.86089,-0.16729,1448,69390116,306905618,-1,710404
54.061266,54.015490,69.672650,32,35,67,15.86089,-0.16729,6334,69517000,306915186,-1,710404
54.132284,54.082330,71.018000,32,35,67,15.86089,0.16691,1408,70430154,306924954,-1,672756
54.202757,54.165890,70.473040,32,35,67,15.86089,0.58471,1448,69701847,306924121,-1,709658
54.272300,54.232760,69.542880,32,35,67,15.86089,0.91908,1408,70104769,306897879,-1,709644
54.343582,54.299600,71.282420,32,35,67,15.86089,1.25330,1408,71160000,306896467,-1,709624
54.414678,54.366420,71.095920,32,35,67,15.86089,1.58738,1568,70925654,306921357,-1,783428
54.486207,54.449960,71.529270,32,35,67,15.86089,2.00509,1432,71458308,306922480,-1,858000
54.557386,54.516800,71.178380,32,35,67,15.86089,2.33930,5112,70971193,306933519,-1,931814
54.631196,54.583620,73.810580,32,35,67,15.86089,2.67341,1448,72558769,306933975,-1,894168
54.703085,54.650420,71.888850,32,35,67,15.86089,3.00744,1408,72422500,306932757,-1,1004874
54.775857,54.733970,72.772350,32,35,67,15.86089,3.42521,1408,73152923,306916024,-1,931056
54.850100,54.800830,74.242080,32,35,67,15.86089,3.75950,1448,73923038,306911027,-1,1078664
54.924014,54.884360,73.914190,32,35,67,15.86089,4.17718,1528,73808000,306932241,-1,1004840
54.997315,54.951220,73.301120,32,35,67,15.86089,4.51146,1432,73347500,306937322,-1,1005608
55.072404,55.018010,75.089350,31,36,67,15.86089,4.84544,6726,74883923,306975989,-1,1153228
55.146908,55.101540,74.503390,31,36,67,15.86089,5.26308,2974,74370538,306869139,-1,1041776
55.220502,55.168330,73.594230,31,36,67,15.86089,5.59704,1368,73688269,306071230,-1,1078678
55.293713,55.251840,73.210690,32,36,68,15.86089,6.01456,2928,73047846,306131859,-1,1078664
55.368102,55.318640,74.389000,32,36,68,15.86089,6.34859,1368,74357923,306131815,-1,1078644
55.443143,55.402170,75.041340,32,36,68,15.86089,6.76621,1488,74998615,306156237,-1,1078644
55.516958,55.468990,73.814890,32,36,68,15.86089,7.10031,5136,73624115,306194436,-1,1153216
55.592114,55.552480,75.156230,32,36,68,15.86089,7.51779,1368,74378923,306194223,-1,1115582
55.665984,55.619290,73.870160,32,36,68,15.86089,7.85181,1368,74278500,306175205,-1,1115580
55.741024,55.686120,75.040120,32,36,68,15.86089,8.18597,1448,75202693,306158472,-1,1115566
55.816281,55.769640,75.257120,32,36,68,15.86089,8.60357,1408,74520692,306153015,-1,1115566
55.891245,55.836470,74.963460,32,36,68,15.86089,8.93773,1408,75773615,306153019,-1,1115546
55.970531,55.920040,79.286230,32,36,68,15.86089,9.35559,1568,78565462,306171845,-1,1115546
56.045642,56.003590,75.110460,32,36,68,15.86089,9.77333,2654,75176692,306183643,-1,1116314
56.120928,56.070430,75.286460,32,36,68,15.86089,10.10749,5112,75245923,306190742,-1,1116324
56.195883,56.153970,74.955500,32,36,68,15.86089,10.52520,1448,75376654,306188935,-1,1078678
56.272263,56.220830,76.379460,32,36,68,15.86089,10.85953,1408,75502538,306179420,-1,1115580
56.348273,56.304400,76.009930,32,36,68,15.86089,11.27737,1408,75452154,306162171,-1,1115546
56.422019,56.371260,73.746230,32,36,68,15.86089,11.61170,1448,75169384,306164831,-1,1041742
56.500697,56.454830,78.678000,32,36,68,15.86089,12.02956,1528,78341423,306186297,-1,1041742
56.600112,56.521630,99.415310,32,36,68,15.86089,12.36354,1432,99657846,306196918,-1,1042510
56.700169,56.621860,100.056900,32,36,68,15.86089,12.86469,1448,99800577,306196858,-1,1042522
56.798470,56.722060,98.300690,31,37,68,15.86089,13.36572,5848,98054846,306119669,-1,1042520
56.896729,56.822260,98.258730,31,37,68,15.86089,13.86668,2630,98355693,305313373,-1,894168
56.995318,56.922450,98.589230,31,37,68,15.86089,14.36761,1368,98312269,305295596,-1,931036
57.090122,57.022650,94.804190,31,37,68,15.86089,14.86865,2630,95199116,305304328,-1,931036
57.184728,57.122880,94.605500,31,37,68,15.86089,14.86865,1368,95185538,305309700,-1,820330
57.281018,57.206350,96.290810,31,37,68,15.86089,14.86865,1368,96174884,305326222,-1,931036
57.356584,57.306570,75.565310,32,37,69,15.86089,14.86865,2928,75312461,306191659,-1,1041742
57.428446,57.390090,71.862500,32,37,69,15.86089,14.86865,1368,72070154,306186435,-1,1078644
57.503628,57.456950,75.181500,32,37,69,15.86089,14.86865,1368,75005731,306177355,-1,1115546
57.579069,57.540500,75.440730,32,37,69,15.86089,14.86865,1408,75270423,306180764,-1,1189330
57.653229,57.607380,74.160500,32,37,69,15.86089,14.86865,1368,74029000,306180148,-1,1189330
57.729126,57.674210,75.896920,32,37,69,15.86089,14.86865,1368,75677884,306180560,-1,1189330
57.805449,57.757770,76.323460,32,37,69,15.86089,14.86865,1448,76407962,306184688,-1,1189330
57.881181,57.841310,75.731160,32,37,69,15.86089,14.86865,1408,75687615,306184688,-1,1189330
57.957006,57.908170,75.825310,32,37,69,15.86089,14.86865,1408,75625654,306188652,-1,1189330
58.034238,57.991740,77.232000,32,37,69,15.86089,14.86865,1448,76805846,306189128,-1,1226232
58.112262,58.058590,78.024310,32,37,69,15.86089,14.86865,2630,78165500,306194107,-1,1300036
58.189263,58.142150,77.000920,32,37,69,15.86089,14.86865,1408,77220153,306198927,-1,1410742
58.267773,58.225690,78.510150,32,37,69,15.86089,14.86865,1568,78510116,306219242,-1,1447644
58.346857,58.292550,79.083380,32,37,69,15.86089,14.86865,1432,78873269,306229819,-1,1448412
58.426473,58.376100,79.616580,32,37,69,15.86089,14.86865,1792,79306538,306141157,-1,1448424
58.505741,58.459630,79.268270,32,37,69,15.86089,14.86865,1448,79327116,305323338,-1,1374620
58.583852,58.526450,78.110890,32,37,69,15.86089,14.86865,5484,78206192,305355521,-1,1374620
58.663493,58.610020,79.640300,32,37,69,15.86089,14.86865,1408,79410808,305355784,-1,1336972
58.742164,58.693550,78.671620,32,37,69,15.86089,14.86865,1448,78407654,305359570,-1,1447678
58.826125,58.777080,83.960810,32,37,69,15.86089,14.86865,1528,79599346,305368203,-1,1447664
58.901920,58.843900,75.795070,32,37,69,15.86089,14.86865,1432,80192846,305394268,-1,1559138
58.981741,58.927470,79.820730,32,37,69,15.86089,14.86865,1448,79650039,305398580,-1,1522248
59.063448,59.011010,81.707580,31,38,69,15.86089,14.86865,6686,81452961,305412056,-1,1596052
59.143957,59.094540,80.508960,31,38,69,15.86089,14.86865,2590,80860461,305405481,-1,1484600
59.225690,59.178090,81.732310,31,38,69,15.86089,14.86865,1408,81059616,305403078,-1,1558390
59.306390,59.261600,80.699880,31,38,69,15.86089,14.86865,1368,80976039,305376182,-1,1669096
59.388893,59.328460,82.503430,32,38,70,15.86089,14.86865,3008,82484346,306284966,-1,1742880
59.470649,59.411980,81.755730,32,38,70,15.86089,14.86865,1432,81680615,306292221,-1,1854354
59.556305,59.495530,85.656200,32,38,70,15.86089,14.86865,5072,85345385,306303772,-1,1854364
59.640471,59.579080,84.166270,32,38,70,15.86089,14.86865,1368,84073730,306297622,-1,1816718
59.725022,59.662600,84.550460,32,38,70,15.86089,14.86865,1408,84313308,306297727,-1,1853606
59.810614,59.746120,85.592610,32,38,70,15.86089,14.86865,1368,85673346,306274736,-1,1927410
59.895742,59.846380,85.127340,32,38,70,15.86089,14.86865,1528,84821385,306294458,-1,1927390
59.982078,59.929920,86.336000,32,38,70,15.86089,14.86865,1472,85944154,306301113,-1,1928158
60.068356,60.013470,86.278620,32,39,71,15.86089,14.86865,8206,86136999,306413509,-1,1928168
60.156180,60.096990,87.823270,32,39,71,15.44326,14.86865,2590,87734115,307205374,-1,1890522
60.243391,60.180500,87.211460,33,39,72,15.02571,14.86865,2928,85792884,307296142,-1,2038116
60.331305,60.264080,87.914190,33,39,72,14.60782,14.86865,1368,89057115,308865820,-1,2038116
60.419558,60.364290,88.252730,34,39,73,14.10679,14.86865,3008,88086538,309765084,-1,2148802
60.508056,60.447800,88.497810,34,39,73,13.68923,14.86865,5136,87924577,309799850,-1,2186472
60.598213,60.531310,90.157650,35,39,74,13.27168,14.86865,2928,90057076,309868354,-1,2148836
60.696935,60.631540,98.721500,36,39,75,12.77055,14.86865,7032,99613654,310675171,-1,2185724
60.780155,60.731760,83.219810,37,39,76,12.26944,14.86865,4230,82367231,310736621,-1,2185744
60.872377,60.815290,92.221920,37,39,76,11.85178,14.86865,1488,92084730,310740628,-1,2259546
60.970836,60.898810,98.459690,38,39,77,11.43419,14.86865,6808,98499923,311660004,-1,2259546
61.065351,60.999080,94.514850,39,39,78,10.93286,14.86865,8298,93785193,312632691,-1,2297236
61.161870,61.099330,96.518460,40,39,79,10.43159,14.86865,4310,96397423,312715714,-1,2259600
61.256802,61.182880,94.932460,40,39,79,10.01386,14.86865,1608,95347423,313480472,-1,2222684
61.351155,61.283120,94.352690,41,39,80,9.51265,14.86865,3168,93733039,314379077,-1,2259566
61.444370,61.383370,93.215080,43,39,82,9.01139,14.86865,4688,93686923,316218971,-1,2296450
61.532350,61.466900,87.979800,43,39,82,8.59373,14.86865,1808,88417038,316222470,-1,2296430
61.630328,61.567130,97.978610,44,39,83,8.09261,14.86865,7016,97070885,317934657,-1,2223394
61.720028,61.650670,89.699960,44,39,83,7.67493,14.86865,2112,89871615,318618747,-1,2222660
61.809070,61.750920,89.042110,45,39,84,7.17365,14.86865,3288,89043154,319478346,-1,2148822
61.896614,61.834470,87.543270,45,39,84,6.75591,14.86865,1888,88017500,319474668,-1,2222606
61.988106,61.918000,91.492500,46,39,85,6.33830,14.86865,3368,91116346,321498109,-1,2222606
62.079349,62.018230,91.242690,47,39,86,5.83711,14.86865,4750,90468923,323230916,-1,2296410
62.167880,62.101800,88.531110,47,39,86,5.41929,14.86865,1952,88914538,323207151,-1,2370982
62.260139,62.202030,92.259500,47,40,87,4.91811,14.86865,7504,92616923,324189348,-1,2260286
62.354675,62.285580,94.535540,47,40,87,4.50041,14.86865,3110,93583346,324208163,-1,2185738
62.460965,62.385830,106.290000,48,40,88,3.99917,14.86865,7168,107340307,325054710,-1,2222606
62.598561,62.486030,137.595700,49,40,89,3.49814,14.86865,4710,137193346,325952634,-1,2148822
62.733024,62.619640,134.463700,50,40,90,2.83006,14.86865,3648,134804538,326854111,-1,2148840
62.880532,62.753330,147.507900,51,40,91,2.16166,14.86865,10936,147164230,326994063,-1,2186510
63.021482,62.903650,140.949600,52,40,92,1.41004,14.86865,4790,140673193,327860327,-1,2148876
63.160709,63.054020,139.227100,53,40,93,0.65816,14.86865,4830,139472077,328745929,-1,2185762
63.268400,63.187670,107.690900,54,40,94,0.65816,14.86865,3808,108030654,329717182,-1,2222664
63.363596,63.304610,95.196300,55,40,95,0.65816,14.86865,7416,95232654,330641816,-1,2260296
63.454926,63.388160,91.330350,56,40,96,0.65816,14.86865,7448,91288654,331525639,-1,2296464
63.545233,63.488400,90.306960,57,40,97,0.65816,14.86865,4990,90300231,331579956,-1,2407194
63.642966,63.571940,97.733040,57,40,97,0.65816,14.86865,2248,97752923,331589260,-1,2407154
63.740330,63.672200,97.364070,58,40,98,0.65816,14.86865,3848,96884423,332491542,-1,2407154
63.834522,63.772450,94.192000,59,40,99,0.65816,14.86865,3968,94497923,333410084,-1,2480958
63.930718,63.855990,96.195230,58,41,99,0.65816,14.86865,6832,95939307,333362057,-1,2555530
64.028685,63.956240,97.966930,59,41,100,0.65816,14.86865,5150,97576115,333431543,-1,2480992
64.123757,64.056490,95.072150,60,41,101,0.65816,14.86865,5110,95471500,334308781,-1,2591684
64.223991,64.156720,100.234100,61,41,102,0.65816,14.86865,3968,97630461,335239298,-1,2628566
64.321519,64.256990,97.527660,62,41,103,0.65816,14.86865,3968,99682500,336293021,-1,2665448
64.420295,64.357270,98.776270,63,41,104,0.65816,14.86865,4128,98964500,337219474,-1,2776154
64.520586,64.457530,100.291000,63,42,105,0.65816,14.86865,8088,100088846,338159732,-1,2813824
64.621329,64.541060,100.743300,63,42,105,0.65816,14.86865,3710,100651116,338143269,-1,2813090
64.721769,64.658060,100.440000,64,42,106,0.65816,14.86865,4088,100408038,338207328,-1,2886880
64.824020,64.758320,102.250700,65,42,107,0.65816,14.86865,5144,102275500,340089949,-1,2886860
64.925448,64.858620,101.428500,66,42,108,0.65816,14.86865,4288,101293116,340170697,-1,2960664
65.029945,64.958880,104.497100,67,42,109,0.65816,14.86865,7896,104322692,341151904,-1,3035236
65.133776,65.059120,103.830800,68,42,110,0.65816,14.86865,9110,103703230,342109479,-1,3034502
65.236729,65.159340,102.953200,69,42,111,0.65816,14.86865,5430,103098115,342920921,-1,3182116
65.342626,65.259600,105.896900,70,42,112,0.65816,14.86865,4288,105434423,343822258,-1,3255900
65.448783,65.376550,106.156800,71,42,113,0.65816,14.86865,4408,106482923,343947635,-1,3329704
65.558660,65.476790,109.877000,72,43,115,0.65816,14.86865,10352,109556384,345730915,-1,3330472
65.662798,65.593730,104.138300,73,43,116,0.65816,14.86865,5550,104066807,344964076,-1,3292836
65.768807,65.694000,106.008400,74,43,117,0.65816,14.86865,4408,106114538,345159817,-1,3440430
65.876537,65.794250,107.730300,75,43,118,0.65816,14.86865,4408,107615538,345297439,-1,3477312
65.984793,65.911220,108.255500,76,43,119,0.65816,14.86865,4608,108233769,345419960,-1,3551096
66.093004,66.011460,108.211400,77,43,120,0.65816,14.86865,9478,107943808,346357465,-1,3588766
66.201646,66.128390,108.641600,78,43,121,0.65816,14.28399,4992,107724038,347153860,-1,3661836
66.309353,66.228610,107.707400,79,43,122,0.65816,13.78285,4608,107801270,346417742,-1,3698724
66.421023,66.345550,111.669500,80,43,123,0.65816,13.19815,8368,111405961,347329944,-1,3735606
66.531536,66.445790,110.513500,80,43,123,0.65816,12.69693,4506,110693500,347363422,-1,3846332
66.644171,66.562720,112.634900,79,44,123,0.65816,12.11231,7328,112381808,347406226,-1,3994706
66.765705,66.679660,121.533600,79,44,123,0.65816,11.52759,4426,121204308,348196410,-1,4030874
66.884733,66.796620,119.028300,79,44,123,0.65816,10.94281,3288,119370230,348161242,-1,4178468
67.006788,66.913570,122.054800,79,44,123,0.65816,10.35808,3288,121585500,348169402,-1,4215350
67.136155,67.030530,129.367100,79,44,123,0.65816,9.77325,4666,129152885,348993805,-1,4289154
67.256173,67.164200,120.018200,79,44,123,0.65816,9.10494,11080,119781462,348949337,-1,4437510
67.381324,67.281140,125.151000,79,44,123,0.65816,8.52022,3328,125533923,348132829,-1,4362992
67.502225,67.414790,120.901400,79,44,123,0.65816,7.85197,3288,120738961,348119839,-1,4510566
67.630158,67.531760,127.932300,80,44,124,0.65816,7.26714,4968,127924231,348229746,-1,4547468
67.758310,67.665410,128.152300,80,44,124,0.65816,6.59893,7016,128194269,349072287,-1,4511334
67.876923,67.782390,118.612900,80,44,124,0.65816,6.01402,3328,118648923,349064519,-1,4695110
68.007565,67.899370,130.642500,80,44,124,0.65816,5.42911,6968,130620346,349035317,-1,4768900
68.141683,68.033040,134.117800,80,44,124,0.65816,4.76076,8386,133691576,349082728,-1,4768880
68.267462,68.166690,125.778900,80,44,124,0.65816,4.09247,7056,122712692,349142363,-1,4843472
68.426101,68.300390,158.638600,80,44,124,0.65816,3.42400,3752,160532692,349042992,-1,4842738
68.633459,68.450740,207.357800,80,44,124,0.65816,2.67225,3328,206968962,347861563,-1,4842724
68.842710,68.667920,209.251500,80,44,124,0.65816,1.58636,3488,209583423,347874202,-1,4768900
69.045997,68.868400,203.287300,80,44,124,0.65816,0.58394,7096,202882192,347878926,-1,4695844
69.210676,69.068880,164.679000,80,44,124,0.65816,-0.41845,4586,164632692,347843676,-1,4658154
69.330458,69.235940,119.781200,80,44,124,0.65816,-0.41845,3448,120641962,348666998,-1,4658154
69.450128,69.352910,119.670400,79,45,124,0.65816,-0.41845,7448,119379500,348705006,-1,4695824
69.571854,69.469890,121.726100,79,45,124,0.65816,-0.41845,4506,121587884,348670993,-1,4731992
69.692214,69.603540,120.359900,80,45,125,0.65816,-0.41845,4848,120204423,348735409,-1,4768860
69.812426,69.720480,120.212000,80,45,125,0.65816,-0.41845,3288,120531808,348735330,-1,4768860
69.933551,69.837420,121.124600,80,45,125,0.65816,-0.41845,3448,121036731,348761530,-1,4768860
70.055280,69.954410,121.729200,80,45,125,0.65816,-0.41845,7016,121385769,348787157,-1,4769628
70.176384,70.088070,121.103600,80,45,125,0.65816,-0.41845,4586,121123462,348768992,-1,4805796
70.298205,70.205000,121.821600,80,45,125,0.65816,-0.41845,3328,121947692,349552201,-1,4916468
70.423879,70.321950,125.673800,80,45,125,0.65816,-0.41845,3368,125438730,349546434,-1,5027174
70.555348,70.455610,131.469500,80,45,125,0.65816,-0.41845,3448,131416577,349568484,-1,5027174
70.686711,70.589260,131.362700,79,46,125,0.65816,-0.41845,7448,131090846,349604277,-1,5027942
70.810763,70.706210,124.052200,79,46,125,0.65816,-0.41845,4506,123863500,349575449,-1,4990306
70.935171,70.839900,124.407400,79,46,125,0.65816,-0.41845,3328,124626654,349554890,-1,5064076
71.063444,70.956840,128.273700,79,46,125,0.65816,-0.41845,3408,128205539,349575605,-1,5137880
71.194366,71.090490,130.921600,79,46,125,0.65816,-0.41845,8658,130759461,349522083,-1,5138648
71.323327,71.224170,128.961200,79,46,125,0.65816,-0.41845,3288,128837462,348709872,-1,5027208
71.448255,71.357850,124.928200,79,46,125,0.65816,-0.41845,7008,125119846,348691003,-1,5064096
71.573805,71.474790,125.549800,79,46,125,0.65816,-0.41845,3408,125459923,348706869,-1,5137900
71.702091,71.608430,128.285700,80,46,126,0.65816,-0.41845,8576,128058653,348825188,-1,5138668
71.831970,71.725370,129.878700,80,46,126,0.65816,-0.41845,6968,129460230,348828033,-1,5137934
71.958064,71.859040,126.094800,80,46,126,0.65816,-0.41845,7104,126482884,348805106,-1,5174842
72.087171,71.992680,129.107100,80,46,126,0.65816,-0.41845,3408,128980769,348826140,-1,5174842
72.216567,72.109610,129.395300,80,46,126,0.65816,-0.41845,8314,129260962,348851448,-1,5175610
72.345031,72.243280,128.463900,80,46,126,1.32649,-0.41845,7392,127516000,348766465,-1,5174856
72.472200,72.376930,127.169300,80,46,126,1.99474,-0.41845,11132,126776039,347968101,-1,5248666
72.607010,72.493900,134.810300,80,46,126,2.57959,-0.41845,7128,135179192,347997207,-1,5285588
72.746702,72.627570,139.691200,80,46,126,3.24791,-0.41845,7096,139365346,348037371,-1,5286356
72.884963,72.777920,138.261300,80,46,126,3.99968,-0.41845,7008,138038730,348013676,-1,5174896
73.013844,72.911560,128.881600,80,46,126,4.66785,-0.41845,3368,129160077,347969389,-1,5211804
73.144681,73.045210,130.836400,80,46,126,5.33613,-0.41845,4666,130085769,347986767,-1,5101058
73.272189,73.162190,127.508000,80,46,126,5.92099,-0.41845,7096,128032615,348015594,-1,4917276
73.396649,73.295850,124.460200,80,46,126,6.58932,-0.41845,3328,124082538,347944170,-1,4658228
73.516742,73.429500,120.093200,80,46,126,7.25759,-0.41845,3368,120538577,347911963,-1,4399860
73.637237,73.546460,120.494300,80,46,126,7.84239,-0.41845,3448,119211153,347922782,-1,4399840
73.754474,73.663410,117.237700,81,46,127,8.42716,-0.41845,8616,117352616,348042486,-1,3810176
73.863816,73.780390,109.341700,81,46,127,9.01202,-0.41845,3328,109236462,348016931,-1,3698736
73.972071,73.897360,108.254600,81,46,127,9.59688,-0.41845,3368,108604923,347977123,-1,3292800
74.075385,73.997630,103.314400,81,46,127,10.09826,-0.41845,3328,103333923,347928428,-1,2923760
74.173928,74.097890,98.543430,81,46,127,10.59956,-0.41845,4746,98296384,347986932,-1,2702348
74.268005,74.198140,94.076580,81,46,127,11.10081,-0.41845,3392,94564077,347951884,-1,2334096
74.403395,74.298390,135.389900,81,46,127,11.60200,-0.41845,7112,135449423,347995031,-1,2186498
74.539670,74.432010,136.275200,81,46,127,12.27014,-0.41845,3368,136286269,347945998,-1,1927440
74.663180,74.565660,123.510200,81,46,127,12.93835,-0.41845,3408,123240154,347927009,-1,1521484
74.779303,74.682590,116.123100,81,46,127,13.52297,-0.41845,3368,116204846,347930349,-1,1226268
74.883757,74.799510,104.453100,81,46,127,14.10756,-0.41845,3408,104333308,347929181,-1,1078660
74.986274,74.916430,102.517900,81,46,127,14.69217,-0.41845,3368,101803423,347922405,-1,783444
75.068475,75.016640,82.200960,81,46,127,15.19321,-0.41845,4626,82615730,347910972,-1,709640
75.139740,75.100150,71.264960,81,46,127,15.19321,-0.41845,3368,72080231,347915405,-1,488208
75.210061,75.167020,70.320730,81,46,127,15.19321,-0.41845,3368,70340115,347913846,-1,488208
75.281392,75.233840,71.331080,81,46,127,15.19321,-0.41845,3408,71237654,347913990,-1,488208
75.352630,75.300690,71.237390,81,46,127,15.19321,-0.41845,3368,71166692,347908886,-1,562012
75.423689,75.384220,71.059000,81,46,127,15.19321,-0.41845,3368,70962692,347910026,-1,562012
75.494809,75.451080,71.120190,81,46,127,15.19321,-0.41845,3408,71134808,347908918,-1,635816
75.566390,75.517920,71.581120,81,46,127,15.19321,-0.41845,3368,71410039,347909054,-1,635816
75.639492,75.601470,73.101810,81,46,127,15.19321,-0.41845,3368,73041231,347909646,-1,709620
75.713109,75.668320,73.617840,82,46,128,15.19321,-0.41845,4928,73634654,348804539,-1,783424
75.785996,75.735200,72.886730,82,46,128,15.19321,-0.41845,3368,72598616,348804539,-1,894130
75.860391,75.818760,74.395000,82,46,128,15.19321,-0.41845,3368,74224115,348804699,-1,894130
75.936818,75.885640,76.426350,82,46,128,15.19321,-0.41845,3408,76590269,348804555,-1,967934
76.012866,75.969190,76.048610,82,46,128,15.19321,-0.41845,3368,75704230,348805259,-1,1041738
76.088749,76.036060,75.882500,82,46,128,15.19321,-0.41845,4586,75974269,348806098,-1,1041738
76.165883,76.119580,77.133890,82,46,128,15.19321,-0.41845,3568,76897423,348827546,-1,1115542
76.244020,76.186450,78.137080,82,46,128,15.19321,-0.41845,3432,78073500,348831984,-1,1190114
76.321059,76.269960,77.039340,82,46,128,15.19321,-0.41845,3408,76850461,348831984,-1,1337734
76.399748,76.353480,78.688610,82,46,128,15.19321,-0.41845,7524,78639346,348838143,-1,1337734
76.479840,76.420350,80.092080,82,46,128,15.19321,-0.41845,3408,79873038,348838222,-1,1300086
76.560179,76.503850,80.338840,82,46,128,15.19321,-0.41845,3408,80513653,348838232,-1,1336988
76.641747,76.587390,81.568850,82,46,128,15.19321,-0.41845,3448,81336692,348820425,-1,1410778
76.722428,76.670910,80.681080,82,46,128,15.19321,-0.41845,3528,80807000,348848081,-1,1410778
76.804888,76.754450,82.459150,82,46,128,15.19321,-0.41845,3432,81896731,348848536,-1,1411546
76.887739,76.838010,82.851270,81,47,128,15.19321,-0.41845,7504,82798423,348866658,-1,1485360
76.969676,76.921520,81.937610,81,47,128,15.19321,-0.41845,4586,82024923,348862107,-1,1595322
77.053257,76.988350,83.580310,81,47,128,15.19321,-0.41845,3368,83378461,348857308,-1,1779818
77.136305,77.088600,83.048000,81,47,128,15.19321,-0.41845,4626,83376423,348831040,-1,1927426
77.224552,77.155430,88.247420,81,47,128,15.19321,-0.41845,3368,88073923,348831068,-1,2001210
77.313889,77.255710,89.336880,81,47,128,15.19321,-0.41845,3488,89477846,348851537,-1,2001210
77.402298,77.339250,88.409120,81,47,128,15.19321,-0.41845,3432,88008077,348857552,-1,2001978
77.490801,77.422840,88.502580,80,48,128,15.19321,-0.41845,7424,88654115,348876018,-1,2001988
77.579398,77.523090,88.597380,80,48,128,15.19321,-0.41845,4546,87964154,348865611,-1,2259558
77.669764,77.606650,90.365880,80,48,128,15.19321,-0.41845,3368,90454230,348839400,-1,2222642
77.762252,77.690170,92.487540,81,48,129,15.19321,-0.41845,4848,92788308,349727961,-1,2296426
77.854540,77.790450,92.288690,81,48,129,15.19321,-0.41845,3448,92239577,349749329,-1,2444034
77.947691,77.873980,93.151120,81,48,129,15.19321,-0.41845,3392,92342616,349790991,-1,2592410
78.042573,77.974270,94.882000,81,48,129,15.19321,-0.41845,7032,95172192,349802937,-1,2666224
78.137816,78.074550,95.243080,81,48,129,15.19321,-0.41845,4586,95029538,349763891,-1,2628578
78.235858,78.158100,98.041730,81,48,129,15.19321,-0.00070,3368,97148769,349768255,-1,2665466
78.334053,78.258340,98.195190,81,48,129,15.19321,0.50053,3368,98159615,349767980,-1,2739250
78.432786,78.358610,98.732700,81,48,129,15.19321,1.00189,3528,98246192,349782948,-1,2813054
78.532409,78.458880,99.622650,80,49,129,15.19321,1.50322,7832,99743808,349723748,-1,2813822
78.630383,78.559130,97.973850,80,49,129,15.19321,2.00448,4586,97837615,348903564,-1,2923794
78.729038,78.659380,98.655350,80,49,129,15.19321,2.50572,3328,98997039,348887942,-1,2739270
78.828975,78.759580,99.936880,80,49,129,15.19321,3.00675,10988,99234077,348904797,-1,2739270
78.929541,78.859840,100.566500,80,49,129,15.19321,3.50805,3448,100804962,348991465,-1,2960702
79.029480,78.960080,99.938800,80,49,129,15.19321,4.00923,7096,99982769,349021656,-1,3182882
79.130340,79.060330,100.859700,80,49,129,15.19321,4.51053,4930,100631961,348916184,-1,2997638
79.234513,79.160560,104.173300,80,49,129,15.19321,5.01167,7144,103915769,348104835,-1,2960722
79.334855,79.260800,100.342200,80,49,129,15.19321,5.51288,3328,100899577,348108283,-1,3108330
79.438166,79.361040,103.310700,80,49,129,15.19321,6.01404,3488,103037807,348137733,-1,3108330
79.542356,79.461280,104.190100,80,49,129,15.19321,6.51525,7056,103534885,348155852,-1,3330510
79.646915,79.561520,104.558600,80,49,129,15.19321,7.01646,3368,104535231,348073300,-1,3292834
79.751990,79.678480,105.075500,80,49,129,15.19321,7.60123,3328,105074770,348118180,-1,3329722
79.857198,79.778750,105.207300,81,49,130,15.19321,8.10255,4888,105443115,348209366,-1,3403506
79.962725,79.878960,105.527200,81,49,130,15.19321,8.60363,3448,105328654,348223957,-1,3329702
80.070870,79.995940,108.144900,80,50,130,15.19321,9.18854,7448,107433577,348263476,-1,3293548
80.195847,80.096200,124.977600,80,50,130,15.19321,9.68983,4890,126268384,348149119,-1,3255912
80.360859,80.229840,165.011500,80,50,130,15.19321,10.35806,3328,164374616,347318973,-1,3145192
80.520705,80.380180,159.846000,80,50,130,15.19321,11.10975,3448,160342346,347338016,-1,2997564
80.677264,80.547250,156.558900,80,50,130,15.19321,11.94509,7096,156136384,347375033,-1,2998332
80.835269,80.697610,158.005600,80,50,130,15.19321,12.69690,3328,157753000,347348856,-1,2886878
80.970645,80.864680,135.376000,80,50,130,15.19321,13.53225,3368,135219231,347276035,-1,2776152
81.069997,80.998340,99.351270,80,50,130,15.19321,14.20053,3448,99246077,347347016,-1,2665446
81.167714,81.098600,97.717810,80,50,130,15.19321,14.70185,4610,97001692,347313887,-1,2629312
81.263790,81.198880,96.075810,79,51,130,15.19321,14.70185,7384,97242115,347375116,-1,2481714
81.358039,81.282420,94.248660,79,51,130,15.19321,14.70185,4506,94273462,347370878,-1,2554754
81.452409,81.382650,94.370420,79,51,130,15.19321,14.70185,3328,94623616,347359501,-1,2665446
81.549103,81.482890,96.693730,79,51,130,15.19321,14.70185,3288,96834115,347360006,-1,2702348
81.646258,81.583160,97.155110,79,51,130,15.19321,14.70185,3328,97145999,347370526,-1,2776152
81.743638,81.666700,97.380350,79,51,130,15.19321,14.70185,3672,97058077,347287256,-1,2813054
81.841397,81.766980,97.758730,79,51,130,15.19321,14.70185,3288,97737923,346489112,-1,2813054
81.941118,81.867280,99.721270,80,51,131,15.19321,14.70185,4848,99755115,347380980,-1,2813054
82.040596,81.967500,99.477230,80,51,131,15.19321,14.70185,3288,99397923,347377172,-1,2960662
82.142009,82.067800,101.413200,80,51,131,15.19321,14.70185,4666,101374923,347403282,-1,3034446
82.244330,82.168030,102.320700,80,51,131,15.19321,14.70185,3312,102066039,347414177,-1,3109018
82.347315,82.268250,102.985300,80,51,131,15.19321,14.70185,3328,103008884,347402821,-1,3072126
82.451739,82.368420,104.424400,80,51,131,15.19321,14.70185,7404,103849769,347425476,-1,3109028
82.555828,82.485360,104.089200,80,51,131,15.19321,14.70185,3368,103655807,347436597,-1,3182088
82.658940,82.585560,103.111900,80,51,131,15.19321,14.70185,3448,104007962,347448282,-1,3403486
82.765414,82.685770,106.473700,80,51,131,15.19321,14.70185,3392,106019385,347459737,-1,3514960
82.872560,82.785980,107.145500,79,52,131,15.19321,14.70185,7384,107186885,347477540,-1,3551872
82.982547,82.902890,109.987700,79,52,131,15.19321,14.70185,4930,110039692,347384797,-1,3588030
83.091011,83.003140,108.463300,79,52,131,15.19321,14.70185,4506,108479653,346575643,-1,3661820
83.200262,83.120090,109.251500,79,52,131,15.19321,14.70185,3448,108839000,346592173,-1,3661820
83.309687,83.220310,109.424700,79,52,131,15.19321,14.70185,3312,109068077,346601117,-1,3662568
83.421611,83.337250,111.924000,79,52,131,15.19321,14.70185,7032,112237692,346621044,-1,3736382
83.531789,83.454200,110.178700,79,52,131,15.19321,14.70185,3288,109964423,346619734,-1,3809442
83.644361,83.554440,112.571300,79,52,131,15.19321,14.70185,3328,112493923,346599464,-1,3957036
83.758203,83.671380,113.841800,79,52,131,15.19321,14.70185,3408,113997154,346624502,-1,4067722
83.872335,83.788310,114.132300,78,53,131,15.19321,14.70185,7408,113471923,346666201,-1,4105392
83.988878,83.905270,116.542800,79,53,132,15.19321,14.70185,5986,116944769,347551462,-1,4104658
84.104528,84.022280,115.650500,79,53,132,15.19321,14.70185,4506,115356385,347527999,-1,4436762
84.226025,84.139190,121.497100,79,53,132,14.60864,14.70185,3248,120828116,347543184,-1,4510546
84.346156,84.256200,120.131000,79,53,132,14.02362,14.70185,3408,119922116,347580455,-1,4842664
84.472279,84.373120,126.123000,79,53,132,13.43899,14.70185,10696,125904423,350025367,-1,5101746
84.599285,84.506770,127.005800,79,53,132,12.77076,14.70185,7652,127122884,349921530,-1,5359346
84.736746,84.623700,137.460600,79,53,132,12.18612,14.70185,3288,136496000,351509295,-1,5322430
84.870811,84.757400,134.065500,79,53,132,11.51760,14.70185,7128,135072539,352342616,-1,5433136
85.007946,84.891060,137.134700,79,53,132,10.84929,14.70185,10792,136651385,352387822,-1,5433924
85.148165,85.041420,140.219100,79,53,132,10.09748,14.70185,8226,140099115,353192297,-1,5285602
85.281197,85.175090,133.031800,79,53,132,9.42913,14.70185,3288,133287077,353128831,-1,5285608
85.415773,85.308740,134.576500,79,53,132,8.76088,14.70185,3448,134686423,353952201,-1,5027234
85.545970,85.442410,130.196800,78,54,132,8.09251,14.70185,7752,129963038,353891331,-1,5028002
85.673927,85.576070,127.956600,78,54,132,7.42423,14.70185,4506,127593039,353050783,-1,4732032
85.794918,85.693030,120.991800,78,54,132,6.83945,14.70185,3248,121172577,353016840,-1,4547468
85.915086,85.826720,120.167100,78,54,132,6.17101,14.70185,3408,120766423,353032598,-1,4473644
86.036920,85.943680,121.834600,79,54,133,5.58621,14.70185,8496,121494885,353148756,-1,4216098
86.203776,86.060650,166.855900,79,54,133,5.00134,14.70185,4506,167121462,353131351,-1,4067756
86.402536,86.227740,198.760300,79,54,133,4.16594,14.70185,3248,198559730,353092956,-1,3957036
86.596713,86.428210,194.177000,79,54,133,3.16360,14.70185,3408,194036769,353113686,-1,3698702
86.783461,86.628790,186.748000,78,55,133,2.16068,14.70185,7408,186285808,353130726,-1,3441156
86.955235,86.812540,171.773500,78,55,133,1.24193,14.70185,4466,172199846,353883070,-1,3218976
87.073039,86.979490,117.804500,78,55,133,0.40715,14.70185,3288,117609847,353885060,-1,3145172
87.178212,87.096420,105.172200,78,55,133,-0.17750,14.70185,4850,104948846,353791076,-1,3034466
87.276921,87.213320,98.709770,78,55,133,-0.17750,14.70185,3288,99317153,353002584,-1,2997564
87.372344,87.296850,95.423000,78,55,133,-0.17750,14.70185,3248,95426230,353003249,-1,2997564
87.481241,87.397060,108.896500,78,55,133,-0.17750,14.70185,3248,108783961,353008834,-1,3034446
87.585162,87.514150,103.921300,78,55,133,-0.17750,14.70185,3288,103785153,353002066,-1,3071348
87.686621,87.614420,101.458800,78,55,133,-0.17750,14.70185,3248,101389577,353001962,-1,3071348
87.788587,87.714680,101.966000,78,55,133,-0.17750,14.70185,3408,101941462,353028043,-1,3071348
87.890745,87.814950,102.158100,78,55,133,-0.17750,14.70185,3272,101912000,353039870,-1,3072116
87.993070,87.915250,102.324500,78,55,133,-0.17750,14.70185,3288,102163692,353027753,-1,3109028
88.097159,88.015670,104.089100,79,55,134,-0.17750,14.70185,10062,104209384,353948321,-1,3145930
88.199381,88.132650,102.222300,79,55,134,-0.17750,14.70185,3288,101955385,353955435,-1,3182088
88.304420,88.232950,105.038700,79,55,134,-0.17750,14.70185,3368,105157577,353964306,-1,3255878
88.407641,88.333180,103.221900,79,55,134,-0.17750,14.70185,3696,102935615,353885884,-1,3256646
88.510992,88.433460,103.350100,78,56,134,-0.17750,14.70185,7304,103524923,353107679,-1,3256656
88.615640,88.533700,104.648300,78,56,134,-0.17750,14.70185,4506,104259038,353105049,-1,3292814
88.720049,88.650660,104.409400,78,56,134,-0.17750,14.70185,3248,104513693,353091848,-1,3403506
88.828971,88.750870,108.921400,78,56,134,-0.17750,14.70185,3408,106090461,353109006,-1,3403506
88.933129,88.851050,104.158500,78,56,134,-0.17750,14.70185,3272,106779654,353122924,-1,3478058
89.040078,88.967920,106.948900,78,56,134,-0.17750,14.70185,6992,106688807,353135387,-1,3441166
89.145679,89.068080,105.600500,78,56,134,-0.17750,14.70185,4466,105771000,353139885,-1,3477324
89.252666,89.168230,106.987700,78,56,134,-0.17750,14.70185,3288,106960769,353116430,-1,3661820
89.361013,89.285110,108.347000,78,56,134,-0.17750,14.70185,3368,108339961,353141062,-1,3698702
89.470596,89.385280,109.582400,78,56,134,-0.17750,14.70185,3312,109300923,353154061,-1,3699470
89.580433,89.502170,109.837700,77,57,134,-0.17750,14.70185,7304,109981423,353175164,-1,3773284
89.690993,89.602360,110.559700,77,57,134,-0.17750,14.70185,4466,110304808,353176422,-1,3846344
89.800394,89.719250,109.401100,77,57,134,-0.17750,14.70185,3208,109466346,353151180,-1,3957036
89.912359,89.819420,111.964800,77,57,134,-0.17750,14.70185,3368,111925808,353181714,-1,3993918
90.025492,89.936300,113.133300,77,57,134,-0.17750,14.70185,6936,112859038,353222262,-1,4031588
90.138845,90.053240,113.352900,79,57,136,-0.17750,14.70185,7506,112985153,354992703,-1,4104658
90.254040,90.170200,115.194700,79,57,136,-0.17750,14.11701,3592,114757077,354883278,-1,4215350
90.369869,90.287170,115.829200,79,57,136,-0.17750,13.53219,3248,115623423,354084678,-1,4141546
90.487718,90.404140,117.849300,79,57,136,-0.17750,12.94737,7008,117755192,354123139,-1,4215330
90.604307,90.521330,116.588900,79,57,136,-0.17750,12.36138,10996,116484000,354173537,-1,4289922
90.831986,90.638300,227.678600,80,57,137,-0.17750,11.77655,4808,227643500,354248854,-1,4326110
90.863654,90.855580,31.667580,80,57,137,-0.17750,10.69012,7008,32070808,353859115,-1,4510586
90.959494,90.889010,95.840000,80,57,137,-0.17750,10.52302,3288,95466270,353851908,-1,4658214
91.079909,90.989250,120.415100,80,57,137,-0.17750,10.02182,3408,120363000,353877597,-1,4658214
91.202706,91.106190,122.797500,80,57,137,-0.17750,9.43714,12090,122269923,353913078,-1,4732786
91.326501,91.223120,123.794300,81,57,138,-0.17750,8.85246,5232,123514808,354676939,-1,4768954
91.447027,91.356740,120.526400,81,57,138,-0.17750,8.18434,3368,121127731,353859423,-1,4805802
91.572014,91.473660,124.987500,81,57,138,-0.17750,7.59976,3328,124848423,353852259,-1,4842704
91.695606,91.590610,123.592000,81,57,138,-0.17750,7.01506,3488,123571962,353879383,-1,4879586
91.821069,91.724230,125.462300,82,57,139,-0.17750,6.34694,8616,125208307,354799826,-1,4954158
91.946356,91.841150,125.287200,82,57,139,-0.17750,5.76235,3408,125191462,354768744,-1,5101032
92.073557,91.974840,127.201100,82,57,139,-0.17750,5.09391,3368,127079384,354748187,-1,5248586
92.224740,92.091780,151.182500,83,57,140,-0.17750,4.50918,6266,151275346,354855250,-1,5248586
92.451032,92.258920,226.292800,84,57,141,-0.17750,3.67349,8656,226241423,355033526,-1,5249354
92.672487,92.476060,221.454300,84,57,141,-0.17750,2.58779,3448,221402923,355019165,-1,5248606
92.890786,92.693150,218.298800,84,57,141,-0.17750,1.50236,3448,219008692,354993819,-1,5433096
93.045724,92.910240,154.938200,85,57,142,-0.17750,0.41688,5048,154185884,355905294,-1,5469998
93.177214,93.077260,131.490600,85,57,142,-0.17750,-0.41824,4706,131107769,356702070,-1,5543782
93.307016,93.210960,129.801300,85,57,142,-0.17750,-0.41824,3528,130538885,356710438,-1,5654488
93.439267,93.327930,132.251500,85,57,142,-0.17750,-0.41824,3528,132378731,356710239,-1,5654488
93.571921,93.461580,132.653800,86,57,143,-0.17750,-0.41824,5088,132582692,357594607,-1,5654488
93.701872,93.595230,129.950800,86,57,143,-0.17750,-0.41824,3528,129969231,357593991,-1,5691390
93.835844,93.728870,133.972400,86,57,143,-0.17750,-0.41824,3688,133787461,357615855,-1,5691390
93.970667,93.862500,134.823000,86,57,143,-0.17750,-0.41824,3552,134707500,358421078,-1,5692158
94.102689,93.996150,132.021700,87,57,144,-0.17750,-0.41824,9204,132149807,359321517,-1,5729070
94.238033,94.129790,135.343800,88,57,145,-0.17750,-0.41824,6306,135131692,360210388,-1,5802130
94.378216,94.263480,140.183700,88,57,145,-0.17750,-0.41824,3728,139914692,360215054,-1,5912822
94.518701,94.397170,140.484800,88,57,145,-0.17750,-0.41824,3592,140514615,360221060,-1,5950492
94.662238,94.547520,143.536600,88,58,146,-0.17750,-0.41824,9224,143592154,361132013,-1,5987404
94.807976,94.697870,145.738300,88,58,146,-0.17750,-0.41824,4826,145443769,361113447,-1,5986660
94.944511,94.831500,136.535000,88,58,146,-0.17750,-0.41824,3768,136686769,361122684,-1,6060430
95.085276,94.965130,140.765600,88,58,146,-0.17750,-0.41824,3632,140565461,361128796,-1,6098100
95.228269,95.115420,142.992300,89,58,147,-0.17750,-0.41824,10130,143071308,361232621,-1,6098110
95.370924,95.248930,142.655300,89,58,147,-0.17750,-0.41824,3648,142442038,362020075,-1,6060464
95.508552,95.399160,137.628200,89,58,147,-0.17750,-0.41824,3808,137444462,362023348,-1,6171136
95.652257,95.532700,143.704500,88,59,147,-0.17750,-0.41824,7728,143748193,362058047,-1,6171904
95.798248,95.682970,145.991000,89,59,148,-0.17750,-0.41824,6426,145953270,362978083,-1,6134268
95.937769,95.833260,139.521700,89,59,148,-0.17750,-0.41824,3648,139558039,362945980,-1,6208058
96.080986,95.966890,143.216900,89,59,148,-0.17750,-0.41824,3808,143097923,362968493,-1,6244940
96.226410,96.100520,145.423900,88,60,148,-0.17750,-0.41824,8946,145231538,363003382,-1,6245708
96.372553,96.250850,146.142700,90,60,150,0.57417,-0.41824,8330,145216615,364669098,-1,6208072
96.510992,96.401210,138.438900,90,60,150,1.32601,-0.41824,3648,138263039,363852764,-1,6392548
96.667630,96.534840,156.638400,90,60,150,1.99410,-0.41824,7488,156730462,363890999,-1,6466352
96.827325,96.701860,159.694800,90,60,150,2.82921,-0.41824,7376,159434500,363927739,-1,6467140
96.978936,96.852230,151.611100,91,60,151,3.58104,-0.41824,13004,151867423,364019811,-1,6355686
97.122226,97.002590,143.290100,91,60,151,4.33288,-0.41824,4946,143341000,363986876,-1,6429510
97.267411,97.153000,145.184900,91,60,151,5.08491,-0.41824,3888,144933307,364001789,-1,6097392
97.408483,97.286710,141.072300,90,61,151,5.75344,-0.41824,8192,140647000,363924843,-1,5839846
97.545182,97.437130,136.698600,91,61,152,6.50553,-0.41824,6506,136626961,363980518,-1,5433170
97.677151,97.570810,131.969000,91,61,152,7.17395,-0.41824,3728,132407500,363927464,-1,5211724
97.805174,97.704500,128.023100,91,61,152,7.84240,-0.41824,3888,126724884,363936973,-1,4768860
97.926669,97.838230,121.494800,91,61,152,8.51107,-0.41824,7840,121899077,363843564,-1,4326804
98.044148,97.955250,117.479500,92,61,153,9.09614,-0.41824,5328,117858615,363907818,-1,3920148
98.217123,98.072220,172.974400,92,61,153,9.68102,-0.41824,4986,173233308,363884830,-1,3661800
98.426772,98.239340,209.648800,92,61,153,10.51662,-0.41824,3928,209962038,363891342,-1,3366584
98.603526,98.456540,176.754500,93,62,155,11.60263,-0.41824,10928,176015308,364730636,-1,2740018
98.746722,98.623630,143.195700,93,62,155,12.43806,-0.41824,4986,143463231,364678147,-1,1890524
98.872224,98.774010,125.502200,93,62,155,13.18998,-0.41824,3808,124919615,364665179,-1,1558386
98.953421,98.891010,81.197430,93,62,155,13.77497,-0.41824,3848,81351962,364662900,-1,1078660
99.031469,98.974590,78.047310,94,62,156,14.19285,-0.41824,5912,78259577,365482836,-1,857248
99.103801,99.058140,72.332230,94,62,156,14.61065,-0.41824,5090,72064000,364676067,-1,636604
99.174467,99.124980,70.665960,94,62,156,14.61065,-0.41824,7924,71467154,364686309,-1,562790
99.246154,99.208520,71.687390,94,62,156,14.61065,-0.41824,3888,71751962,364681205,-1,525144
99.316564,99.275370,70.409970,94,62,156,14.61065,-0.41824,3848,69939615,364681055,-1,562046
99.389293,99.342190,72.729000,94,62,156,14.61065,-0.41824,3848,73041423,364659012,-1,562032
99.462177,99.409030,72.884000,94,62,156,14.61065,-0.41824,3928,72836577,364658436,-1,635836
99.535080,99.492580,72.902460,95,62,157,14.61065,-0.41824,5528,72841615,365569232,-1,709640
99.607901,99.559390,72.821340,95,62,157,14.61065,-0.41824,3912,72410731,365576153,-1,858016
99.681235,99.642930,73.334110,94,63,157,14.61065,-0.41824,7984,73291769,365607852,-1,858028
99.755695,99.709770,74.459470,94,63,157,14.61065,-0.41824,5066,74337807,365578988,-1,894184
99.831032,99.776610,75.337390,94,63,157,14.61065,-0.41824,3848,75105731,365579222,-1,857282
99.906603,99.860160,75.570420,94,63,157,14.61065,-0.41824,3888,75667693,365551724,-1,1004876
99.981855,99.927020,75.252920,94,63,157,14.61065,-0.41824,3888,75158615,365552040,-1,931052
100.060955,100.010600,79.099080,95,63,158,14.61065,-0.41824,6746,79301115,365673171,-1,1004856
100.137712,100.094100,76.757920,95,63,158,14.61065,-0.41824,4336,76308923,365586718,-1,1153232
100.216715,100.160900,79.002230,95,63,158,14.61065,-0.41824,3888,79033154,364773602,-1,1300850
100.294411,100.244400,77.695850,95,63,158,14.61065,-0.41824,7592,77849269,364796733,-1,1522264
100.375007,100.328000,80.596660,95,63,158,14.61065,-0.41824,3928,80620077,364797671,-1,1484616
100.456894,100.394800,81.886890,95,63,158,14.61065,-0.41824,3888,81628500,364788220,-1,1521504
100.538812,100.478300,81.917850,96,63,159,14.61065,-0.41824,5448,82007193,364860472,-1,1595288
100.620993,100.561800,82.181110,97,63,160,14.61065,-0.41824,5608,81948769,365032776,-1,1595288
100.704618,100.645400,83.624730,97,63,160,14.61065,-0.41824,3952,83399154,365032983,-1,1596056
100.788599,100.728900,83.981040,96,64,160,14.61065,-0.41824,7984,84025500,365043497,-1,1743674
100.874517,100.812400,85.917850,96,64,160,14.61065,-0.41824,5146,85810192,365072721,-1,1779832
100.958634,100.895900,84.117650,96,64,160,14.61065,-0.41824,3888,83809269,365039355,-1,2185740
101.048923,100.979400,90.289000,96,64,160,14.61065,-0.41824,3928,90506423,365013048,-1,2185740
101.141148,101.079700,92.224810,97,64,161,14.61065,-0.41824,6866,92067885,365960870,-1,2185720
101.231071,101.163200,89.923310,97,64,161,14.61065,-0.41824,3992,89801500,365965437,-1,2518606
101.322795,101.263500,91.723660,97,64,161,14.61065,-0.41824,8056,91580808,365883264,-1,2592420
101.415928,101.347000,93.132610,97,64,161,14.61065,-0.41824,4008,92729192,365047603,-1,2480970
101.509389,101.447300,93.461730,97,64,161,14.61065,-0.41824,3968,93738038,365055119,-1,2517858
101.603843,101.530900,94.454040,97,64,161,14.61065,-0.41824,4008,94208230,365050519,-1,2665446
101.700317,101.631100,96.473850,98,64,162,14.61065,-0.41824,5688,96508692,365968639,-1,2665446
101.795617,101.731400,95.299960,97,65,162,14.61065,-0.41824,8088,94772077,366007433,-1,2850724
101.893435,101.814900,97.817570,97,65,162,14.61065,-0.41824,5186,97803231,365991625,-1,2960696
101.993101,101.915100,99.666420,97,65,162,14.61065,-0.41824,4008,99732808,365978073,-1,3145192
102.093872,102.015400,100.770300,97,65,162,14.61065,-0.41824,5186,100686846,365963346,-1,3440408
102.199546,102.115600,105.674300,97,65,162,14.61065,0.08299,4048,103927884,366004872,-1,3514192
102.306001,102.232600,106.454900,98,65,163,14.61065,0.66763,9328,107472346,366929538,-1,3514192
102.411843,102.332800,105.842300,98,65,163,14.61065,1.16877,7776,104941769,366952601,-1,3625686
102.519858,102.433000,108.014400,98,65,163,14.61065,1.66994,4392,107722000,366831938,-1,3588050
102.627840,102.550000,107.982000,99,65,164,14.61065,2.25473,9248,108357038,366917567,-1,3477310
102.733440,102.650200,105.600300,99,65,164,14.61065,2.75606,4008,104888577,366917031,-1,3661840
102.842713,102.750500,109.273300,100,65,165,14.61065,3.25743,9668,110198077,367048095,-1,3661840
102.950873,102.867400,108.160200,100,65,165,14.61065,3.84209,7872,107415423,367081457,-1,3810236
103.062244,102.984400,111.370900,100,65,165,14.61065,4.42677,7768,111549730,367078570,-1,3772600
103.173681,103.084600,111.437100,100,65,165,14.61065,4.92766,5306,111640077,367049039,-1,3809488
103.283644,103.201500,109.962300,100,65,165,14.61065,5.51229,4128,110112115,367055399,-1,3957076
103.403536,103.318400,119.892600,100,65,165,14.61065,6.09670,4248,119085500,367071319,-1,4030880
103.519542,103.435300,116.005800,100,65,165,14.61065,6.68144,8280,116082269,367016202,-1,4031628
103.634759,103.552300,115.217300,100,65,165,14.61065,7.26616,4128,115326730,366191340,-1,3993992
103.748147,103.669200,113.387400,100,65,165,14.61065,7.85082,4168,113296692,366161637,-1,3993938
103.862589,103.769400,114.442100,100,65,165,14.61065,8.35190,4128,114839539,366165885,-1,4030820
103.979946,103.886300,117.357100,100,65,165,14.61065,8.93650,4288,117823384,366988519,-1,4030820
104.113568,104.003300,133.621400,100,65,165,14.61065,9.52116,9074,133563577,367020397,-1,4068490
104.300474,104.136900,186.906100,100,65,165,14.61065,10.18936,4168,186767731,366995354,-1,3993952
104.484697,104.320600,184.223700,100,65,165,14.61065,11.10800,4128,184162653,366975474,-1,3809408
104.668078,104.504400,183.380800,100,65,165,14.61065,12.02671,4288,183073307,366997512,-1,3772506
104.840167,104.688100,172.088800,99,66,165,14.61065,12.94525,8208,171035192,367023760,-1,3551862
104.948375,104.871800,108.207900,99,66,165,14.61065,13.86389,5346,108712231,366985997,-1,3440388
105.053821,104.972000,105.446300,99,66,165,14.61065,14.36495,4088,105238731,366983697,-1,3366584
105.158748,105.072300,104.926900,100,66,166,14.61065,14.86638,6866,104837269,367876540,-1,3218976
105.261668,105.189200,102.920200,100,66,166,14.61065,14.86638,4088,103730307,367889801,-1,3108270
105.364620,105.289500,102.951900,100,66,166,14.61065,14.86638,4128,102871230,368694738,-1,3329682
105.467978,105.389700,103.357500,100,66,166,14.61065,14.86638,4088,103449000,368689170,-1,3403486
105.574235,105.489900,106.257200,100,66,166,14.61065,14.86638,4248,106273192,368722113,-1,3440368
105.681857,105.606800,107.622500,100,66,166,14.61065,14.86638,4152,107195269,368734616,-1,3588744
105.789052,105.707000,107.194500,100,66,166,14.61065,14.86638,4168,107473769,368722867,-1,3662558
105.898817,105.824000,109.765800,100,66,166,14.61065,14.86638,8204,109625769,368749502,-1,3736362
106.008601,105.924200,109.783800,100,66,166,14.61065,14.86638,4168,109675653,368758687,-1,3772520
106.119573,106.041100,110.972200,100,66,166,14.61065,14.86638,5466,110940615,368773143,-1,3883212
106.233194,106.141300,113.620300,100,66,166,14.61065,14.86638,4192,113500885,368786822,-1,3920882
106.346769,106.258200,113.575800,99,67,166,14.61065,14.86638,8184,113734846,368805980,-1,4031598
106.461054,106.375100,114.284300,99,67,166,14.61065,14.86638,5730,113964499,368712581,-1,4141560
106.577435,106.492000,116.381000,99,67,166,14.61065,14.86638,4088,116446384,367900510,-1,4289154
106.692700,106.608900,115.265500,99,67,166,14.61065,14.86638,4248,115195654,367926968,-1,4178448
106.810622,106.725800,117.922100,100,67,167,14.61065,14.86638,5632,117539308,368026935,-1,4253000
106.925616,106.842700,114.993200,100,67,167,14.61065,14.86638,7832,114926308,368042952,-1,4437520
107.046777,106.959600,121.161800,100,67,167,14.61065,14.86638,4088,121219346,368040249,-1,4473678
107.165756,107.076600,118.978200,100,67,167,14.61065,14.86638,5346,119086269,368022073,-1,4547448
107.288339,107.193500,122.583600,100,67,167,14.61065,14.86638,4248,122470385,368051239,-1,4621252
107.411004,107.310400,122.664300,100,67,167,14.61065,14.86638,7896,122397115,368091880,-1,4622020
107.540249,107.444000,129.245100,100,67,167,14.61065,14.86638,4128,128894308,368091532,-1,4695090
107.663735,107.560900,123.486800,100,67,167,14.61065,14.86638,4168,123898923,368068709,-1,5100998
107.805686,107.694500,141.950000,100,67,167,14.61065,14.86638,4248,141850923,368094387,-1,5248586
107.934320,107.828200,128.634900,99,68,167,14.61065,14.86638,8248,128144885,368139931,-1,5249354
108.068009,107.961800,133.688400,99,68,167,14.61065,14.86638,5690,133824961,368032231,-1,5248620
108.197120,108.095400,129.111300,99,68,167,14.61065,14.86638,5346,129254192,367215066,-1,5174802
108.331344,108.229200,134.223900,99,68,167,13.94201,14.86638,4208,132842307,367256050,-1,5396194
108.461854,108.362800,130.509500,100,68,168,13.27393,14.86638,13056,130796077,368207249,-1,5913590
108.618010,108.479700,156.156100,100,68,168,12.68918,14.86638,4088,155767346,368996261,-1,6097386
108.764003,108.646800,145.993500,100,68,168,11.85409,14.86638,11844,146243577,372262428,-1,6429490
108.925068,108.797100,161.065100,100,68,168,11.10254,14.86638,4208,159971038,372216791,-1,6724726
109.084980,108.947400,159.911400,100,68,168,10.35104,14.86638,11576,159578577,373856771,-1,6614788
109.235910,109.114400,150.930800,100,68,168,9.51591,14.86638,5346,152155077,374683603,-1,6540270
109.386779,109.264700,150.868100,100,68,168,8.76422,14.86638,4168,150918846,374587246,-1,6392608
109.535746,109.415000,148.967100,100,68,168,8.01260,14.86638,4248,148523346,374587200,-1,6208098
109.681749,109.565400,146.003400,100,68,168,7.26104,14.86638,8280,146163077,374524049,-1,6024316
109.821406,109.715700,139.657300,100,68,168,6.50950,14.86638,4128,139495577,373693283,-1,5728366
109.971571,109.849300,150.164900,100,68,168,5.84146,14.86638,4168,150709153,373673000,-1,5506900
110.172980,109.999600,201.408700,100,68,168,5.09002,14.86638,4248,200789461,373680021,-1,5359292
110.403344,110.200000,230.364000,100,68,168,4.08788,14.86638,9114,230227423,373712538,-1,5027942
110.657122,110.433800,253.778000,100,68,168,2.91869,14.86638,4168,253951808,373656619,-1,4768880
110.832999,110.684400,175.876600,100,68,168,1.66595,14.86638,4288,174721308,373665505,-1,4436742
110.949543,110.851400,116.544300,99,69,168,0.83060,14.86638,8208,116957615,373691283,-1,4068490
111.063323,110.968500,113.780500,99,69,168,0.24519,14.86638,5346,113925192,373665759,-1,3957016
111.175271,111.085500,111.947300,99,69,168,-0.33987,14.86638,5306,111547885,373654478,-1,3809408
111.285307,111.202500,110.036100,99,69,168,-0.33987,14.86638,4128,111339692,373658703,-1,3772506
111.395923,111.319500,110.615800,99,69,168,-0.33987,14.86638,4088,110600077,373662792,-1,3772506
111.507400,111.419800,111.477300,100,69,169,-0.33987,14.86638,5648,111348385,373754400,-1,3772506
111.617816,111.536800,110.416400,100,69,169,-0.33987,14.86638,4088,110426962,373757213,-1,3809408
111.728668,111.637000,110.851400,100,69,169,-0.33987,14.86638,4128,110801346,373756798,-1,3883192
111.841421,111.754000,112.753500,100,69,169,-0.33987,14.86638,4088,112603076,373766558,-1,3920094
111.952720,111.870900,111.298500,100,69,169,-0.33987,14.86638,4248,111269885,373793585,-1,3956996
112.068661,111.987900,115.941500,100,69,169,-0.33987,14.86638,4152,115661615,373805952,-1,3994666
112.176426,112.088200,107.764800,100,69,169,-0.33987,14.86638,5386,107620231,373434614,-1,4068480
112.288774,112.205100,112.348000,100,69,169,-0.33987,14.86638,8204,112552154,373460885,-1,4068480
112.404060,112.322100,115.285800,100,69,169,-0.33987,14.86638,4168,114941000,373463304,-1,4104638
112.516757,112.439000,112.696600,100,69,169,-0.33987,14.86638,4248,112926616,373470320,-1,4178428
112.632457,112.539300,115.700000,100,69,169,-0.33987,14.86638,4576,115430539,373390594,-1,4253000
112.747008,112.656200,114.551000,99,70,169,-0.33987,14.86638,8184,114644038,372609675,-1,4326814
112.863226,112.773100,116.218800,99,70,169,-0.33987,14.86638,5346,115926192,372601041,-1,4362972
112.979887,112.890100,116.660300,100,70,170,-0.33987,14.86638,5608,116723423,373460120,-1,4436762
113.096420,113.007100,116.533500,100,70,170,-0.33987,14.86638,5466,116542538,373489897,-1,4473644
113.215290,113.124100,118.870200,100,70,170,-0.33987,14.86638,4112,118288077,373493068,-1,4548216
113.333971,113.241100,118.680800,100,70,170,-0.33987,14.86638,7832,119166347,373506689,-1,4622030
113.453929,113.358000,119.957700,100,70,170,-0.33987,14.86638,4128,119722885,373497811,-1,4768894
113.575277,113.475000,121.347800,100,70,170,-0.33987,14.86638,4168,121275192,373477880,-1,4805762
113.698357,113.608700,123.080600,100,70,170,-0.33987,14.86638,4248,123141731,373499525,-1,4879566
113.822285,113.725600,123.928100,99,71,170,-0.33987,14.86638,8248,123667230,373547269,-1,4880334
113.945927,113.842600,123.641900,99,71,170,-0.33987,14.86638,5306,123569423,373527422,-1,5027208
114.071222,113.976300,125.295200,99,71,170,-0.33987,14.86638,4128,125310077,373498747,-1,5100998
114.203802,114.093200,132.579800,99,71,170,-0.33987,14.86638,5306,132473730,373503011,-1,5211684
114.333091,114.226900,129.289100,100,71,171,-0.33987,14.19802,5768,128107269,373633818,-1,5322390
114.472865,114.360500,139.773100,100,71,171,-0.33987,13.52989,11880,139311884,374371176,-1,5507668
114.603241,114.494100,130.376800,100,71,171,-0.33987,12.86180,4128,130595269,373544969,-1,5433150
114.740932,114.627700,137.690300,100,71,171,-0.33987,12.19376,4088,137727846,373534970,-1,5506920
114.873398,114.761300,132.466200,100,71,171,-0.33987,11.52585,11908,131818154,373586547,-1,5691430
115.017665,114.894900,144.266700,100,71,171,-0.33987,10.85778,7952,145044770,373629487,-1,5839846
115.153584,115.045200,135.919200,100,71,171,-0.33987,10.10644,9066,135887000,373608569,-1,6023622
115.305002,115.178700,151.418000,100,71,171,-0.33987,9.43881,4128,151364346,373585818,-1,6060490
115.444443,115.329000,139.441700,100,71,171,-0.33987,8.68751,7968,138408270,373619973,-1,6171196
115.591615,115.462600,147.171800,100,71,171,-0.33987,8.01971,8240,147601807,373542800,-1,6245788
115.733409,115.612800,141.794100,100,71,171,-0.33987,7.26833,4168,141263039,372726782,-1,6208112
115.879362,115.763100,145.953000,100,71,171,-0.33987,6.51704,4128,146885154,372695285,-1,6392588
116.065650,115.913400,186.288100,100,71,171,-0.33987,5.76555,7968,186210499,372737670,-1,6503274
116.338646,116.097100,272.995300,100,71,171,-0.33987,4.84711,9074,272613461,372759386,-1,6504062
116.594526,116.364200,255.880700,100,71,171,-0.33987,3.51148,4168,256016769,373521974,-1,6503294
116.806084,116.614600,211.557400,100,71,171,-0.33987,2.25935,4288,211501231,373535092,-1,6761588
116.958540,116.831600,152.456000,100,71,171,-0.33987,1.17431,7896,152247538,373550919,-1,6836140
117.117618,116.982000,159.077900,100,71,171,-0.33987,0.42251,4128,158940923,373520628,-1,6835372
117.268151,117.149100,150.532900,100,71,171,-0.33987,-0.41285,5506,150598500,373536445,-1,6982980
117.458583,117.299400,190.432000,99,72,171,-0.33987,-0.41285,8208,191141423,373591728,-1,6983748
117.618330,117.483100,159.747100,99,72,171,-0.33987,-0.41285,5346,159383500,373559242,-1,6983014
117.850743,117.650100,232.413500,100,72,172,-0.33987,-0.41285,5728,232690846,373644862,-1,6982980
117.997214,117.883900,146.470300,99,73,172,-0.33987,-0.41285,8208,146322539,373684442,-1,7020650
118.146924,118.017600,149.710700,99,73,172,-0.33987,-0.41285,5266,149883077,373632683,-1,6983000
118.295853,118.168000,148.928800,100,73,173,-0.33987,-0.41285,5768,148690115,373742062,-1,6946078
118.443734,118.318300,147.880800,100,73,173,-0.33987,-0.41285,4112,147686923,373746561,-1,7020650
118.594477,118.468600,150.743500,100,73,173,-0.33987,-0.41285,7832,151003615,373744000,-1,6983758
118.742840,118.619000,148.362600,100,73,173,-0.33987,-0.41285,4088,147921653,373740291,-1,7019896
118.896860,118.769400,154.020200,100,73,173,-0.33987,-0.41285,4288,150646231,373744955,-1,7056784
119.046282,118.919700,149.422000,99,74,173,-0.33987,-0.41285,8208,152779077,373795216,-1,7094454
119.203356,119.070100,157.073700,100,74,174,-0.33987,-0.41285,7250,156855615,374566749,-1,7056818
119.353479,119.237200,150.123400,100,74,174,-0.33987,-0.41285,4088,150346077,373738012,-1,7093706
119.502997,119.387600,149.518000,100,74,174,-0.33987,-0.41285,4248,149458385,373764842,-1,7130588
119.659821,119.537900,156.824000,100,74,174,-0.33987,-0.41285,7816,156470269,373791622,-1,7131356
119.812725,119.688300,152.903700,100,74,174,-0.33987,-0.41285,4552,152721462,373672646,-1,7056818
119.962520,119.838700,149.794900,100,74,174,-0.33987,-0.41285,4128,150117731,372857999,-1,7019882
120.112666,119.989100,150.146000,100,74,174,-0.33987,-0.41285,4288,150100039,372875264,-1,7019882
120.263693,120.139500,151.027400,99,75,174,-0.33987,-0.41285,9426,150643692,372913926,-1,7057552
120.415406,120.289900,151.712400,99,75,174,0.41232,-0.41285,5346,150903038,372895711,-1,6983014
120.565930,120.440300,150.524400,99,75,174,1.16443,-0.41285,4088,150533385,372873887,-1,7204392
120.724257,120.590800,158.327100,99,75,174,1.91668,-0.41285,8312,158024923,372811829,-1,7241294
120.903904,120.757900,179.646400,100,75,175,2.75216,-0.41285,9336,179652230,372931352,-1,7242082
121.059213,120.924900,155.309000,100,75,175,3.58753,-0.41285,7808,156068346,372911048,-1,7167530
121.261006,121.092000,201.793200,100,75,175,4.42310,-0.41285,5426,200652808,372900198,-1,6983020
121.413531,121.292600,152.525300,100,75,175,5.42572,-0.41285,11536,152747423,372930376,-1,6614768
121.558637,121.443000,145.106000,100,75,175,6.17776,-0.41285,4128,145300499,372877487,-1,6134294
121.696478,121.593300,137.840100,100,75,175,6.92957,-0.41285,4288,137668500,372869545,-1,5802156
121.829018,121.727000,132.540600,100,75,175,7.59773,-0.41285,7856,132791269,372864391,-1,5286276
122.037570,121.860600,208.552300,100,75,175,8.26579,-0.41285,4552,208121461,372764047,-1,4732012
122.243080,122.061000,205.509800,100,75,175,9.26796,-0.41285,5386,205813539,371909015,-1,4252272
122.492640,122.278100,249.559800,100,75,175,10.35334,-0.41285,4288,249300000,371900183,-1,3661800
122.647042,122.511900,154.401500,100,75,175,11.52233,-0.41285,7896,153779807,371869836,-1,2850724
122.742860,122.678800,95.818460,100,75,175,12.35695,-0.41285,4128,95892346,371829656,-1,2001210
122.831066,122.762200,88.206120,100,75,175,12.77388,-0.41285,4168,88819154,371821848,-1,1447680
122.913766,122.862400,82.700120,100,75,175,13.27469,-0.41285,4248,82238962,371841730,-1,1373876
122.993139,122.945800,79.372380,100,75,175,13.69209,-0.41285,4152,78784962,371846349,-1,1153232
123.071543,123.012600,78.403960,99,76,175,14.02600,-0.41285,9442,78325615,371858847,-1,931830
123.145289,123.096100,73.746800,100,76,176,14.02600,-0.41285,6826,75318769,371938601,-1,598968
123.218990,123.179700,73.700120,100,76,176,14.02600,-0.41285,4088,73544192,371933904,-1,709654
123.292821,123.246400,73.831890,100,76,176,14.02600,-0.41285,4128,73889038,372710572,-1,931052
123.367291,123.313200,74.469460,100,76,176,14.02600,-0.41285,4088,74083731,372706244,-1,1041758
123.445063,123.396700,77.771690,100,76,176,14.02600,-0.41285,4088,77705231,372707164,-1,1041758
123.522292,123.480200,77.228960,100,76,176,14.02600,-0.41285,4248,77226846,372733166,-1,1189366
123.600755,123.547100,78.463840,100,76,176,14.02600,-0.41285,4152,78330115,372733283,-1,1190134
123.677699,123.630600,76.944080,100,76,176,14.02600,-0.41285,4128,76691615,372733227,-1,1263950
123.756588,123.697500,78.888810,100,76,176,14.02600,-0.41285,4168,78966615,372711060,-1,1190146
123.836794,123.781100,80.205850,100,76,176,14.02600,-0.41285,7832,80202384,372734247,-1,1263950
123.915536,123.864600,78.741730,100,76,176,14.02600,-0.41285,4128,78489654,372734857,-1,1373890
123.996170,123.948100,80.633880,100,76,176,14.02600,-0.41285,4168,80406769,372735810,-1,1410778
124.075732,124.014900,79.562040,100,76,176,14.02600,-0.41285,5466,79638230,372744257,-1,1632190
124.158966,124.098500,83.234150,100,76,176,14.02600,-0.41285,4152,83298269,372744936,-1,1632958
124.243243,124.182000,84.276730,99,77,176,14.02600,-0.41285,8224,84165115,372767028,-1,1854380
124.327742,124.265500,84.499730,99,77,176,14.02600,-0.41285,5306,84612653,372762349,-1,1816734
124.413341,124.349100,85.598300,99,77,176,14.02600,-0.41285,4088,85342769,372757502,-1,1853622
124.499413,124.432600,86.072300,99,77,176,14.02600,-0.41285,4128,86174230,372740073,-1,2001230
124.587478,124.532800,88.065350,99,77,176,14.02600,-0.41285,4208,87926269,372751410,-1,2075034
124.675691,124.616300,88.213040,100,77,177,14.02600,-0.41285,6016,88125307,372754689,-1,2149586
124.765176,124.699800,89.484610,99,78,177,14.02600,-0.41285,8184,89532616,371972730,-1,2149596
124.854185,124.800000,89.008800,99,78,177,14.02600,-0.41285,5266,88945654,371963035,-1,2259558
124.944346,124.883600,90.160690,99,78,177,14.02600,-0.41285,4048,90080923,371979323,-1,2370250
125.036775,124.967100,92.429420,99,78,177,14.02600,-0.41285,4088,92371385,371967859,-1,2444054
125.130216,125.067400,93.440650,99,78,177,14.02600,-0.41285,5426,92974846,371989840,-1,2591642
125.225424,125.150900,95.208530,100,78,178,14.02600,-0.41285,5632,95328884,372886415,-1,2666214
125.320820,125.251200,95.395610,100,78,178,14.02600,-0.41285,7832,95197769,372899061,-1,2813832
125.418641,125.351400,97.821730,100,78,178,14.02600,-0.41285,4088,97878538,372895095,-1,2776186
125.514972,125.451700,96.330540,100,78,178,14.02600,-0.41285,4128,96245846,372872035,-1,3182094
125.616442,125.535300,101.469600,100,78,178,14.02600,-0.41285,4088,101493423,372868323,-1,3329682
125.719678,125.635600,103.236200,100,78,178,14.02600,-0.41285,4248,103002193,372900513,-1,3329682
125.823471,125.752500,103.792800,99,79,178,14.02600,-0.41285,8248,103531615,372939173,-1,3404254
125.927945,125.852800,104.474800,99,79,178,14.02600,-0.41285,5690,104436654,372820096,-1,3514226
126.033793,125.953000,105.847500,99,79,178,14.02600,-0.41285,4128,106145616,371997821,-1,3624918
126.141039,126.053300,107.245700,99,79,178,14.02600,-0.41285,5306,106622077,371997645,-1,3846310
126.251297,126.170300,110.258500,99,79,178,14.02600,0.17199,4248,109503000,372026834,-1,3920114
126.361737,126.270500,110.440100,100,79,179,14.02600,0.67320,13016,110202269,372213033,-1,3994686
126.472986,126.387500,111.248400,100,79,179,14.02600,1.25795,8192,111280192,372122183,-1,4030874
126.584782,126.504500,111.796400,100,79,179,14.02600,1.84295,7768,111510807,371318728,-1,4067782
126.698097,126.604700,113.315000,100,79,179,14.02600,2.34422,7808,113146653,371335092,-1,4215390
126.812835,126.721700,114.737800,100,79,179,14.02600,2.92898,4208,114364308,371358250,-1,4289214
126.929131,126.838600,116.296100,100,79,179,14.02600,3.51368,11576,116222231,371409229,-1,4216178
127.043526,126.955600,114.395400,100,79,179,14.02600,4.09842,8348,113857154,371398282,-1,4178562
127.158434,127.072500,114.908000,100,79,179,14.02600,4.68323,5386,114389846,371356249,-1,4215470
127.275366,127.189500,116.931300,100,79,179,14.02600,5.26792,4128,117883231,371371585,-1,4289214
127.393051,127.306400,117.685500,100,79,179,14.02600,5.85270,7968,117732500,371408907,-1,4436802
127.510773,127.423400,117.721600,99,80,179,14.02600,6.43748,8592,117752808,371364864,-1,4511374
127.637802,127.540300,127.029000,99,80,179,14.02600,7.02225,5346,126573962,370535248,-1,4399934
127.755282,127.657300,117.480700,99,80,179,14.02600,7.60702,4088,118126384,370506783,-1,4510586
127.904254,127.774200,148.971800,99,80,179,14.02600,8.19185,4128,148920730,370505673,-1,4362958
128.102206,127.924600,197.952100,100,80,180,14.02600,8.94375,5728,198213653,370615078,-1,4362958
128.302617,128.125100,200.411000,100,80,180,14.02600,9.94600,9074,200019153,370628061,-1,4363726
128.497105,128.325500,194.488100,100,80,180,14.02600,10.94820,4128,194070385,370591847,-1,4141526
128.651928,128.525900,154.822200,100,80,180,14.02600,11.95036,4288,154585961,370607618,-1,3993918
128.766500,128.676200,114.572600,100,80,180,14.02600,12.70184,7856,114246923,370638433,-1,3994686
128.878402,128.793200,111.902100,100,80,180,14.02600,13.28668,4168,112135269,370613701,-1,3772540
128.988828,128.910200,110.425800,100,80,180,14.02600,13.87153,4128,110186385,370591244,-1,3624898
129.098667,129.010400,109.838500,100,80,180,14.02600,14.37276,5386,109608962,370592683,-1,3477290
129.203755,129.127300,105.088800,100,80,180,14.02600,14.37276,4632,106361770,370533285,-1,3329682
129.311940,129.227600,108.184400,100,80,180,14.02600,14.37276,4192,107408346,369750685,-1,3330450
129.417594,129.344500,105.654300,99,81,180,14.02600,14.37276,8184,106203154,369761827,-1,3441166
129.525079,129.444800,107.484700,99,81,180,14.02600,14.37276,5346,107104308,369761452,-1,3588010
129.633178,129.545000,108.099200,99,81,180,14.02600,14.37276,4088,108227808,369752691,-1,3661800
129.742824,129.662000,109.646000,100,81,181,14.02600,14.37276,5768,109734346,370665999,-1,3809408
129.853473,129.762300,110.649200,100,81,181,14.02600,14.37276,4112,110245808,370680102,-1,3957784
129.964997,129.879300,111.523500,99,82,181,14.02600,14.37276,8184,111759077,370704103,-1,4068500
130.077647,129.996200,112.650700,99,82,181,14.02600,14.37276,5266,112433308,370698872,-1,4104658
130.192860,130.096500,115.212800,99,82,181,14.02600,14.37276,5306,115242500,370679527,-1,4141546
130.309131,130.213500,116.271200,100,82,182,14.02600,14.37276,5728,116030769,371600008,-1,4289134
130.426729,130.330400,117.598200,100,82,182,14.02600,14.37276,4152,117085269,371610768,-1,4437510
130.543636,130.447400,116.906800,99,83,182,14.02600,14.37276,8144,117395962,371639409,-1,4437520
130.663820,130.564300,120.183700,99,83,182,14.02600,14.37276,5306,119699692,371626321,-1,4473678
130.782839,130.698000,119.018900,99,83,182,14.02600,14.37276,4088,119432846,371617496,-1,4658154
130.906880,130.814900,124.041100,100,83,183,14.02600,14.37276,5768,123877730,372445003,-1,4731958
131.029245,130.931900,122.364700,100,83,183,14.02600,14.37276,7816,122216500,372572267,-1,4954138
131.153531,131.048800,124.285900,100,83,183,14.02600,14.37276,5730,124342500,372472151,-1,5101012
131.278969,131.182500,125.438300,100,83,183,14.02600,14.37276,4088,125510730,371660207,-1,5100998
131.408762,131.299400,129.793100,100,83,183,14.02600,14.37276,4168,129607538,371662256,-1,5100978
131.537933,131.433100,129.170900,100,83,183,14.02600,14.37276,4248,128910154,371692418,-1,5174782
131.675890,131.566800,137.957600,99,84,183,14.02600,14.37276,8632,137814769,371639134,-1,5360060
131.806898,131.700500,131.007400,99,84,183,14.02600,14.37276,5306,131194923,370823786,-1,5322424
131.945306,131.834100,138.408600,99,84,183,14.02600,14.37276,4128,138420731,370808203,-1,5506900
132.081938,131.967700,136.631900,100,84,184,14.02600,14.37276,5728,136533038,370928984,-1,5691410
132.216002,132.101400,134.064100,100,84,184,14.02600,14.37276,9458,133803230,370879073,-1,5618374
132.359524,132.235100,143.522000,100,84,184,13.35778,14.37276,4088,142374346,370872255,-1,5617640
132.496437,132.385500,136.912100,100,84,184,12.60586,14.37276,7808,136284808,370899006,-1,6060430
132.649698,132.519100,153.261200,100,84,184,11.93770,14.37276,4248,153658000,370926433,-1,6577078
132.800852,132.669400,151.153800,100,84,184,11.18590,14.37276,11576,151107038,372569882,-1,6799258
132.967748,132.819800,166.896500,100,84,184,10.43429,14.37276,4128,167255577,372542840,-1,6724740
133.122259,132.986800,154.510700,100,84,184,9.59916,14.37276,11528,154259731,374137321,-1,6650902
133.272682,133.153900,150.423000,100,84,184,8.76381,14.37276,5466,150413461,374153872,-1,6577138
133.429788,133.304200,157.106500,100,84,184,8.01227,14.37276,8280,156234423,374082825,-1,6467180
133.570817,133.454500,141.028700,100,84,184,7.26050,14.37276,7808,141589384,372960771,-1,6060524
133.713986,133.604900,143.169200,100,84,184,6.50888,14.37276,4168,143180654,373729940,-1,5875980
133.922373,133.738500,208.386600,100,84,184,5.84069,14.37276,4248,208755423,373719909,-1,5654568
134.161150,133.955600,238.776900,100,84,184,4.75504,14.37276,7896,238281807,373723578,-1,5507688
134.391251,134.189400,230.101500,100,84,184,3.58591,14.37276,5386,230522269,373664881,-1,5100998
134.575879,134.423300,184.628100,100,84,184,2.41675,14.37276,7968,184171499,373686974,-1,4768860
134.698979,134.607000,123.099400,100,84,184,1.49803,14.37276,7856,122921423,373687726,-1,4474432
134.816635,134.724000,117.656700,100,84,184,0.91314,14.37276,4168,117419577,373651177,-1,4141546
134.931256,134.841000,114.620300,100,84,184,0.32826,14.37276,4128,114562885,373647877,-1,4104644
135.045422,134.957900,114.165900,100,84,184,-0.25661,14.37276,4288,114391538,373657639,-1,4030840
135.158131,135.074900,112.709000,99,85,184,-0.84149,14.37276,9426,112575577,373682326,-1,3884000
135.268963,135.191900,110.832600,99,85,184,-0.84149,14.37276,5346,111602577,373667963,-1,3809442
135.380875,135.292100,111.912100,99,85,184,-0.84149,14.37276,4088,111948346,373634882,-1,3883232
135.493256,135.409100,112.381300,100,85,185,-0.84149,14.37276,5648,112309731,374518365,-1,3883212
135.604228,135.526100,110.971700,100,85,185,-0.84149,14.37276,4088,110843423,374520957,-1,3993918
135.717553,135.626400,113.324900,100,85,185,-0.84149,14.37276,4128,113326961,374527557,-1,4067722
135.830907,135.743400,113.354300,100,85,185,-0.84149,14.37276,4088,112968385,374521565,-1,4104624
135.944218,135.860300,113.310700,100,85,185,-0.84149,14.37276,4248,113481461,374536874,-1,4104624
136.058326,135.977300,114.108000,100,85,185,-0.84149,14.37276,4152,113926116,374543042,-1,4179176
136.172888,136.077500,114.562500,99,86,185,-0.84149,14.37276,9814,114641192,374565045,-1,4179186
136.287685,136.194500,114.796400,99,86,185,-0.84149,14.37276,5306,114484615,374557470,-1,4178442
136.402426,136.311500,114.741000,99,86,185,-0.84149,14.37276,4128,114913616,374544192,-1,4252232
136.518790,136.428500,116.363800,99,86,185,-0.84149,14.37276,4208,116296038,374570674,-1,4362938
136.636213,136.545400,117.423500,99,86,185,-0.84149,14.37276,4152,117096192,374578545,-1,4474412
136.754174,136.662400,117.961100,99,87,186,-0.84149,14.37276,9664,118058462,375484301,-1,4511324
136.871784,136.779300,117.610100,99,87,186,-0.84149,14.37276,5690,117006269,375372534,-1,4621286
136.990262,136.896300,118.477800,99,87,186,-0.84149,14.37276,4048,118947077,374558135,-1,4658154
137.110030,137.013200,119.767800,99,87,186,-0.84149,14.37276,5426,119628307,374590720,-1,4658154
137.230559,137.130200,120.529200,99,87,186,-0.84149,14.37276,4112,120297923,374590771,-1,4806530
137.352118,137.263800,121.559000,99,88,187,-0.84149,14.37276,9704,121578077,374698320,-1,4806540
137.474141,137.380800,122.022800,99,88,187,-0.84149,14.37276,5266,121856577,374694130,-1,4768894
137.596743,137.497800,122.602300,100,88,188,-0.84149,14.37276,5608,122621346,375564431,-1,5027174
137.721289,137.631400,124.545800,100,88,188,-0.84149,14.37276,4168,124499461,375586031,-1,5174782
137.854434,137.748400,133.145200,100,88,188,-0.84149,14.37276,8240,132797346,375532121,-1,5175550
137.974745,137.882000,120.311200,100,88,188,-0.84149,14.37276,4088,120148154,374724011,-1,5137914
138.101657,137.999000,126.912000,100,88,188,-0.84149,14.37276,4168,127407846,374695048,-1,5285508
138.230770,138.132600,129.113100,100,88,188,-0.84149,14.37276,5466,128943192,374718618,-1,5396194
138.363312,138.266300,132.541500,99,89,188,-0.84149,13.70453,8248,131019807,374766700,-1,5433864
138.494384,138.383200,131.071600,100,89,189,-0.84149,13.11986,7210,131212385,374742986,-1,5580738
138.626337,138.516800,131.953700,100,89,189,-0.84149,12.45159,7808,132033538,373920290,-1,5580724
138.758306,138.650500,131.968800,100,89,189,-0.84149,11.78328,7888,131784807,373967401,-1,5617626
138.891926,138.784200,133.620400,100,89,189,-0.84149,11.11498,11892,133115769,374007495,-1,5876728
139.028086,138.917900,136.159600,100,89,189,-0.84149,10.44611,4512,135872038,373902089,-1,5839112
139.163438,139.051600,135.352000,100,89,189,-0.84149,9.77789,5386,136158731,373073494,-1,5949804
139.300577,139.185200,137.138800,100,89,189,-0.84149,9.10977,7928,136920731,373107677,-1,5986686
139.438181,139.318900,137.604300,100,89,189,-0.84149,8.44143,7896,137283115,373132175,-1,6061258
139.576365,139.469300,138.183800,100,89,189,-0.84149,7.68947,4128,137703615,373096351,-1,6134308
139.753392,139.602900,177.026700,100,89,189,-0.84149,7.02113,4168,178353846,373083418,-1,6244960
140.007910,139.786700,254.518400,100,89,189,-0.84149,6.10209,7928,254445577,373125945,-1,6429470
140.262746,140.037300,254.835900,99,90,189,-0.84149,4.84916,9850,253966499,373054485,-1,6467160
140.478014,140.287800,215.267900,99,90,189,-0.84149,3.59658,5466,215499730,373037763,-1,6466372
140.618951,140.505000,140.937100,99,90,189,-0.84149,2.51097,7856,140538499,373055081,-1,6577846
140.762434,140.638600,143.482500,100,90,190,-0.84149,1.84291,5608,143952154,373906976,-1,6613980
140.916303,140.788900,153.869600,100,90,190,-0.84149,1.09148,4248,144443846,373931547,-1,6798470
141.051700,140.939200,135.396700,100,90,190,-0.84149,0.33981,4112,143906269,373929733,-1,6873042
141.196974,141.072800,145.274600,100,90,190,-0.84149,-0.32828,9050,145312462,373941542,-1,6836150
141.339774,141.223200,142.799700,100,90,190,-0.84149,-0.32828,4128,143440038,373930498,-1,6835406
141.485255,141.373500,145.480900,100,90,190,-0.84149,-0.32828,4168,145823962,373912344,-1,6835372
141.630378,141.507200,145.123000,100,90,190,-0.84149,-0.32828,4128,145172116,373912660,-1,6835372
141.776152,141.657500,145.773800,100,90,190,-0.84149,-0.32828,4288,145640346,373931243,-1,6835372
141.922974,141.808000,146.822300,100,90,190,-0.84149,-0.32828,4536,146633115,373840123,-1,6909944
142.069355,141.958400,146.381000,100,90,190,-0.84149,-0.32828,8244,146432115,373046309,-1,6836130
142.214658,142.092000,145.303100,100,90,190,-0.84149,-0.32828,5346,145100808,373042163,-1,6798484
142.360818,142.242400,146.160400,100,90,190,-0.84149,-0.32828,4288,145983500,373047691,-1,6835372
142.507071,142.392800,146.252500,100,90,190,-0.84149,-0.32828,4152,146144000,373055287,-1,6873042
142.653687,142.526500,146.616300,99,91,190,-0.84149,-0.32828,8224,146886538,373067725,-1,6909954
142.801033,142.676900,147.345400,99,91,190,-0.84149,-0.32828,5306,147100653,373049778,-1,6909210
142.948791,142.827300,147.757900,99,91,190,-0.84149,-0.32828,4248,147756846,373055060,-1,6946078
143.103302,142.977700,154.511100,99,92,191,-0.84149,-0.32828,9688,154256500,373979428,-1,6983748
143.250438,143.128100,147.136700,99,92,191,-0.84149,-0.32828,5306,147221038,373963102,-1,6983014
143.400841,143.278400,150.402500,99,92,191,-0.84149,-0.32828,4048,150149577,373931103,-1,7056804
143.550316,143.428800,149.475600,99,92,191,-0.84149,-0.32828,4208,149683193,373952202,-1,7093686
143.709876,143.579200,159.559500,99,93,192,-0.84149,-0.32828,9688,159211538,374885881,-1,7094454
143.858661,143.729500,148.785200,100,93,193,-0.84149,-0.32828,6826,148922846,374945938,-1,7204426
144.014359,143.879900,155.697500,100,93,193,-0.84149,-0.32828,4048,155620154,374922023,-1,7241294
144.169453,144.047000,155.094300,100,93,193,-0.84149,-0.32828,5426,155052000,374948778,-1,7241294
144.321959,144.197400,152.506100,99,94,193,-0.08951,-0.32828,8552,151502231,374893100,-1,7242062
144.475033,144.347800,153.073300,99,94,193,0.66250,-0.32828,9026,152592038,374079218,-1,7241328
144.628415,144.498200,153.382900,99,94,193,1.41435,-0.32828,7768,153480000,374072700,-1,7352020
144.791512,144.648600,163.096900,99,94,193,2.16630,-0.32828,8572,163330461,374011972,-1,7352040
144.954374,144.815700,162.861800,100,94,194,3.00184,-0.32828,13112,162752039,373342978,-1,7315926
145.109932,144.982800,155.558100,100,94,194,3.83747,-0.32828,7808,155283577,373325590,-1,6983080
145.259026,145.133200,149.094200,100,94,194,4.58948,-0.32828,5306,149416500,373281071,-1,6872374
145.407279,145.283600,148.252700,100,94,194,5.34128,-0.32828,4632,147900846,373191188,-1,6503334
145.547626,145.433900,140.346700,100,94,194,6.09319,-0.32828,7856,140648116,372368153,-1,5950552
145.733660,145.567600,186.034100,100,94,194,6.76148,-0.32828,4168,186365307,372350289,-1,5470072
145.959937,145.768100,226.277000,100,94,194,7.76391,-0.32828,4168,225845076,372306161,-1,4990292
146.169930,145.985300,209.993500,100,94,194,8.84988,-0.32828,4672,209805539,372181245,-1,4326036
146.357647,146.202500,187.717000,100,94,194,9.93593,-0.32828,9114,186591346,371401854,-1,3293548
146.461761,146.386200,104.114000,100,94,194,10.85472,-0.32828,4128,104493500,371322659,-1,2591642
146.555320,146.486500,93.558230,100,94,194,11.35588,-0.32828,4288,93606038,371334462,-1,2038112
146.642208,146.586700,86.888380,100,94,194,11.85698,-0.32828,7856,86549154,371363099,-1,1817468
146.727491,146.670300,85.283270,100,94,194,12.27473,-0.32828,4128,85256077,371344580,-1,1189400
146.804741,146.753800,77.249420,100,94,194,12.69236,-0.32828,4168,77384307,371318061,-1,1152484
146.881846,146.837300,77.105120,100,94,194,13.11007,-0.32828,4128,77430923,371308776,-1,1078680
146.958939,146.904100,77.093040,100,94,194,13.44423,-0.32828,4128,76850769,371307436,-1,783444
147.031646,146.987700,72.706850,100,94,194,13.86185,-0.32828,4288,72907038,371327986,-1,709640
147.104107,147.054500,72.461310,100,94,194,14.19608,-0.32828,5370,72351538,371334282,-1,488996
147.173118,147.138100,69.010500,99,95,194,14.19608,-0.32828,8184,69762423,371372332,-1,489008
147.243053,147.204900,69.935350,99,95,194,14.19608,-0.32828,5346,70026423,371348173,-1,451360
147.312726,147.271800,69.673500,99,95,194,14.19608,-0.32828,4088,69468116,371349071,-1,488262
147.383299,147.338600,70.572430,99,95,194,14.19608,-0.32828,4088,70569769,371317044,-1,488248
147.454742,147.405500,71.443080,99,95,194,14.19608,-0.32828,4128,71459539,371317276,-1,562032
147.525481,147.489000,70.739310,100,95,195,14.19608,-0.32828,5728,70688500,371429468,-1,635836
147.596924,147.555800,71.443000,100,95,195,14.19608,-0.32828,4112,70955731,371437001,-1,636604
147.670392,147.622700,73.467580,100,95,195,14.19608,-0.32828,4128,73662116,371435937,-1,710420
147.742622,147.706200,72.229970,100,95,195,14.19608,-0.32828,7792,72279923,371441989,-1,784224
147.816547,147.773100,73.925540,100,95,195,14.19608,-0.32828,4088,73847231,371443437,-1,746576
147.890171,147.839900,73.623340,100,95,195,14.19608,-0.32828,4128,73370000,371443619,-1,1004890
147.964627,147.923400,74.456380,100,95,195,14.19608,-0.32828,4128,74409692,371416231,-1,1078680
148.040878,147.990300,76.251110,100,95,195,14.19608,-0.32828,4248,76006807,371438801,-1,1078660
148.117796,148.073800,76.917730,100,95,195,14.19608,-0.32828,5410,76704038,371448839,-1,1079428
148.195263,148.140700,77.467540,100,95,195,14.19608,-0.32828,4128,77484000,371431606,-1,1079438
148.271767,148.224200,76.503770,99,96,195,14.19608,-0.32828,8184,76413424,371455824,-1,1153244
148.348084,148.291000,76.317340,99,96,195,14.19608,-0.32828,5346,76207577,371451039,-1,1115596
148.427226,148.374500,79.141380,99,96,195,14.19608,-0.32828,4088,78887308,371451401,-1,1152498
148.506249,148.458100,79.022650,99,96,195,14.19608,-0.32828,4088,79205500,371424211,-1,1373896
148.586366,148.524900,80.117540,100,96,196,14.19608,-0.32828,5768,80010692,371536407,-1,1447680
148.669243,148.608400,82.876880,100,96,196,14.19608,-0.32828,4112,82378615,371539654,-1,1522252
148.750226,148.692000,80.983460,99,97,196,14.19608,-0.32828,8144,81434423,371557776,-1,1817478
148.834961,148.775500,84.734850,99,97,196,14.19608,-0.32828,5690,84714231,371453857,-1,1779832
148.923071,148.859000,88.109700,99,97,196,14.19608,-0.32828,4048,84345807,370657154,-1,1890524
149.004638,148.942600,81.567230,99,97,196,14.19608,-0.32828,4048,85262423,370629936,-1,1964328
149.092213,149.026100,87.574730,100,97,197,14.19608,-0.32828,6986,87492615,370769446,-1,1964308
149.181119,149.126300,88.905880,100,97,197,14.19608,-0.32828,4112,88555885,370772102,-1,2112684
149.269373,149.209800,88.253880,99,98,197,14.19608,-0.32828,8144,88477308,370771350,-1,2260302
149.359185,149.293400,89.812390,99,98,197,14.19608,-0.32828,5306,89676923,370769263,-1,2296460
149.450280,149.393600,91.095380,99,98,197,14.19608,-0.32828,4048,91001577,370773360,-1,2333348
149.542203,149.477200,91.922310,99,98,197,14.19608,-0.32828,4088,91955346,370754649,-1,2480956
149.636319,149.577400,94.115880,100,98,198,14.19608,-0.32828,5768,94076346,371707456,-1,2628544
149.731433,149.661000,95.114850,100,98,198,14.19608,-0.32828,4112,94263692,371721327,-1,2813822
149.827443,149.761300,96.009610,99,99,198,14.19608,-0.32828,8144,96074269,371740921,-1,2887636
149.923722,149.861500,96.278470,100,99,199,14.19608,-0.32828,7210,96554500,371735314,-1,2923794
150.022565,149.945100,98.843890,100,99,199,14.19608,-0.32828,4048,98530347,370920263,-1,2886878
150.122258,150.045400,99.692150,100,99,199,14.19608,-0.32828,5306,99924962,371719071,-1,3034466
150.221384,150.145700,99.126730,100,99,199,14.19608,0.17307,4248,98417076,371749977,-1,3292780
150.325821,150.245900,104.436500,100,99,199,14.19608,0.67421,7816,103664731,371781394,-1,3293548
150.429015,150.346100,103.194500,100,99,199,14.19608,1.17538,4552,103149192,371663987,-1,3366618
150.532936,150.446400,103.920200,100,99,199,14.19608,1.67672,4128,103965692,370856468,-1,3255898
150.638038,150.563400,105.102100,100,99,199,14.19608,2.26141,7848,104162769,370918161,-1,3329702
150.740150,150.663600,102.112700,100,99,199,14.19608,2.76258,4248,103046154,370947376,-1,3403506
150.845090,150.763800,104.939800,99,100,199,14.19608,3.26373,8248,104392961,370988910,-1,3404274
150.952684,150.864100,107.594000,99,100,199,14.19608,3.76499,9374,107533731,370902991,-1,3440442
151.058168,150.981000,105.483700,99,100,199,14.19608,4.34980,4128,105692153,370076300,-1,3698764
151.166619,151.081300,108.451000,100,100,200,14.19608,4.85097,6830,108289423,370969296,-1,3698744
151.273354,151.198200,106.735200,100,100,200,14.19608,5.43563,4248,106689385,370996161,-1,3735646
151.382426,151.298500,109.071500,100,100,200,14.19608,5.93707,7816,108953769,371023964,-1,3736414
151.493012,151.415400,110.586700,100,100,200,14.19608,6.52173,4512,111109192,370924833,-1,3698758
151.630420,151.515600,137.407700,100,100,200,14.19608,7.02277,4088,137413961,370099090,-1,3809450
151.810879,151.649200,180.459200,100,100,200,14.19608,7.69085,4168,180056846,370093094,-1,3846332
151.990646,151.833000,179.766900,100,100,200,14.19608,8.60954,4248,179834731,370122164,-1,3883214
152.172311,152.016700,181.664400,99,101,200,14.19608,9.52805,9470,181527192,370147056,-1,3810178
152.353097,152.200300,180.786300,100,101,201,14.19608,10.44631,6830,180802923,370210218,-1,3883214
152.463581,152.383900,110.484300,100,101,201,14.19608,11.36429,4248,109875923,370222923,-1,3809410
152.572642,152.484100,109.061100,100,101,201,14.19608,11.86499,4496,108963307,370134934,-1,3551864
152.679337,152.600800,106.695000,99,102,201,14.19608,12.44879,8224,106455077,369352751,-1,3330462
152.785188,152.701000,105.851200,100,102,202,14.19608,12.94960,6830,105752076,370221571,-1,3145208
152.888587,152.817800,103.398500,100,102,202,14.19608,13.53379,4128,103473269,370210738,-1,3145174
152.991409,152.918000,102.821800,100,102,202,14.19608,14.03454,4088,103119308,370207907,-1,3108272
153.092200,153.018200,100.791600,100,102,202,14.19608,14.53548,5350,100568730,370220290,-1,2923762
153.191032,153.118300,98.831850,100,102,202,14.19608,14.53548,4088,99831769,370223674,-1,2813056
153.289484,153.218600,98.452190,100,102,202,14.19608,14.53548,4168,98289731,370228947,-1,2813056
153.390424,153.318800,100.939200,100,102,202,14.19608,14.53548,4128,101038730,370226191,-1,2849958
153.491755,153.419000,101.331500,100,102,202,14.19608,14.53548,4168,101199385,370235200,-1,2997546
153.592038,153.519300,100.282800,100,102,202,14.19608,14.53548,4128,99875423,370242216,-1,3182056
153.696438,153.619500,104.400100,100,102,202,14.19608,14.53548,4168,104753961,370252664,-1,3255860
153.798902,153.719800,102.463700,100,102,202,14.19608,14.53548,4512,102303192,370169272,-1,3514174
153.904726,153.820100,105.824800,100,102,202,14.19608,14.53548,4168,105464000,369378536,-1,3514174
154.013252,153.937100,108.525800,100,102,202,14.19608,14.53548,4128,108807577,369388040,-1,3587978
154.120387,154.037400,107.134600,100,102,202,14.19608,14.53548,5510,106666000,369417957,-1,3698684
154.230285,154.154400,109.898000,100,102,202,14.19608,14.53548,4152,109771730,369430876,-1,3773256
154.340397,154.254700,110.111700,100,102,202,14.19608,14.53548,4552,110271077,369326567,-1,3883972
154.451943,154.371700,111.546500,100,102,202,14.19608,14.53548,8204,111464846,368558210,-1,3957776
154.564313,154.471900,112.370300,100,102,202,14.19608,14.53548,4168,112246538,368573267,-1,3993934
154.676673,154.588800,112.359900,100,102,202,14.19608,14.53548,4248,112224731,368580648,-1,4252234
154.797135,154.705800,120.461600,100,102,202,14.19608,14.53548,4192,119841654,368593279,-1,4179198
154.906249,154.822700,109.113900,99,103,202,14.19608,14.53548,8184,109380462,368310274,-1,4253012
155.022686,154.939600,116.437300,99,103,202,14.19608,14.53548,5350,116459461,368304395,-1,4326072
155.142258,155.056500,119.571500,99,103,202,14.19608,14.53548,5310,119378269,368277760,-1,4510568
155.261047,155.173400,118.789400,99,103,202,14.19608,14.53548,4248,118948807,368308787,-1,4547450
155.381405,155.290300,120.357600,99,103,202,14.19608,14.53548,4112,120191615,368312827,-1,4695826
155.504029,155.407100,122.624100,100,103,203,14.19608,14.53548,9352,122520653,369213271,-1,4843444
155.626414,155.524100,122.385000,100,103,203,14.19608,14.53548,4088,122337461,369207172,-1,5064112
155.751664,155.657700,125.249900,100,103,203,14.19608,14.53548,4128,125246115,369187085,-1,5137882
155.879285,155.774600,127.620900,100,103,203,14.19608,14.53548,4208,127536923,369208759,-1,5211686
156.006814,155.908300,127.529000,99,104,203,14.19608,14.53548,8248,127078538,369250148,-1,5286258
156.135074,156.041900,128.260800,100,104,204,14.19608,14.53548,6830,128523077,369327288,-1,5248622
156.268113,156.158800,133.038200,100,104,204,13.61156,14.53548,4128,132149923,369309057,-1,5396216
156.400032,156.292400,131.919800,100,104,204,12.94337,14.53548,4208,131503077,369337898,-1,5839020
156.537444,156.426100,137.411100,99,105,204,12.27517,14.53548,11888,137492615,370186148,-1,6135004
156.685021,156.559700,147.577700,99,105,204,11.60682,14.53548,13410,146767192,371700506,-1,6392604
156.831798,156.710100,146.776500,99,105,204,10.85499,14.53548,7808,147713961,371675178,-1,6650944
156.982097,156.860500,150.299200,99,105,204,10.10294,14.53548,4208,150228384,372491295,-1,6577140
157.133172,157.010900,151.075200,100,105,205,9.35105,14.53548,14278,150356385,373415760,-1,6541006
157.281716,157.161300,148.543700,100,105,205,8.59918,14.53548,4088,148900347,373374222,-1,6355782
157.430651,157.311600,148.935200,100,105,205,7.84731,14.53548,4128,149257961,374923359,-1,6245022
157.595882,157.462000,165.231500,100,105,205,7.09539,14.53548,4208,165137923,375723368,-1,6208080
157.847656,157.629100,251.773800,100,105,205,6.26001,14.53548,8280,251441346,375646612,-1,6024318
158.089989,157.879700,242.332500,100,105,205,5.00692,14.53548,4168,242934423,374797470,-1,5654550
158.331439,158.113600,241.450300,100,105,205,3.83745,14.53548,5510,240469461,374784530,-1,5285490
158.459877,158.364200,128.437900,100,105,205,2.58447,14.53548,8280,128597000,374702771,-1,4917238
158.584586,158.481200,124.708800,100,105,205,1.99931,14.53548,4128,124738231,373866173,-1,4510548
158.703571,158.615000,118.985200,100,105,205,1.33069,14.53548,4288,118701885,373878402,-1,4399842
158.820761,158.731900,117.190100,100,105,205,0.74582,14.53548,7856,117209923,373897810,-1,4179198
158.936115,158.848900,115.354000,100,105,205,0.16106,14.53548,4168,115193154,373877936,-1,4030856
159.049478,158.965800,113.363100,100,105,205,-0.42363,14.53548,4128,113625038,373841397,-1,3993940
159.162893,159.082800,113.415200,100,105,205,-1.00838,14.53548,5390,113347654,373839916,-1,3920116
159.274382,159.183000,111.488300,100,105,205,-1.00838,14.53548,4248,112254846,373865985,-1,3883214
159.387052,159.300000,112.670000,100,105,205,-1.00838,14.53548,4192,112082461,373873625,-1,3883982
159.498412,159.417000,111.360700,99,106,205,-1.00838,14.53548,8184,111764307,373873464,-1,3920894
159.611457,159.534000,113.044300,100,106,206,-1.00838,14.53548,6870,112738423,374754626,-1,3920130
159.722261,159.634200,110.804200,100,106,206,-1.00838,14.53548,4088,110959807,374738441,-1,4067724
159.835697,159.751200,113.435800,100,106,206,-1.00838,14.53548,4248,113258384,374759499,-1,4104626
159.949719,159.868200,114.022500,100,106,206,-1.00838,14.53548,4112,113868808,374765706,-1,4105394
160.063622,159.985200,113.903300,99,107,206,-1.00838,14.53548,8184,113950539,374782503,-1,4105404
160.178067,160.085400,114.444100,100,107,207,-1.00838,14.53548,6830,114302154,374864593,-1,4067758
160.292003,160.202400,113.936300,100,107,207,-1.00838,14.53548,4128,113943038,374838985,-1,4141548
160.407757,160.319400,115.754300,100,107,207,-1.00838,14.53548,4208,115242000,374864911,-1,4178430
160.523009,160.436300,115.251900,100,107,207,-1.00838,14.53548,4152,115402462,374874122,-1,4289904
160.639680,160.553300,116.670800,100,107,207,-1.00838,14.53548,7792,116682615,374889187,-1,4363718
160.757395,160.670200,117.715200,100,107,207,-1.00838,14.53548,4168,117588269,374877369,-1,4436778
160.874531,160.787200,117.136000,100,107,207,-1.00838,14.53548,4128,117216807,374861162,-1,4547450
160.993672,160.904100,119.140900,100,107,207,-1.00838,14.53548,4288,119067192,374889055,-1,4584352
161.112695,161.021100,119.022600,100,107,207,-1.00838,14.53548,5374,118755077,374892669,-1,4622022
161.231035,161.138100,118.339800,99,108,207,-1.00838,14.53548,8608,118572192,374813390,-1,4695836
161.353759,161.255100,122.724100,100,108,208,-1.00838,14.53548,6830,122360730,374095892,-1,4658190
161.474404,161.388700,120.644900,100,108,208,-1.00838,14.53548,4128,120462038,374076165,-1,4731960
161.596491,161.505700,122.087400,100,108,208,-1.00838,14.53548,4208,122324692,374102211,-1,4805764
161.720113,161.622600,123.621600,100,108,208,-1.00838,14.53548,8240,123240308,374044030,-1,4917238
161.843676,161.739600,123.563400,100,108,208,-1.00838,14.53548,4128,123520038,373234432,-1,4879602
161.966902,161.873200,123.225700,100,108,208,-1.00838,14.53548,4168,123379923,373204228,-1,4990294
162.092075,161.990100,125.173700,100,108,208,-1.00838,14.53548,4128,124994769,373206936,-1,5064078
162.217922,162.123800,125.847200,100,108,208,-1.00838,14.53548,5510,125830577,373236464,-1,5137882
162.346682,162.240800,128.759800,99,109,208,-1.00838,13.95071,8208,127416885,373278591,-1,5212454
162.474655,162.374400,127.973000,100,109,209,-1.00838,13.28231,10550,127963500,374154854,-1,5248622
162.603173,162.508100,128.517200,100,109,209,-1.00838,12.61413,7768,128472038,374151480,-1,5506922
162.734935,162.625000,131.762500,100,109,209,-1.00838,12.02949,4248,132041154,374172193,-1,5617648
162.868629,162.758600,133.693500,99,110,209,-1.00838,11.36124,11848,132994846,374223889,-1,5729122
163.001604,162.892300,132.975200,100,110,210,-1.00838,10.69301,7254,133359538,374205670,-1,5728408
163.136381,163.025900,134.777300,100,110,210,-1.00838,10.02483,8990,134936731,373399314,-1,5765296
163.272979,163.159600,136.598100,100,110,210,-1.00838,9.35650,4248,135287846,373414291,-1,5876002
163.408030,163.293200,135.050700,100,110,210,-1.00838,8.68825,11496,135829231,373448975,-1,5950554
163.588727,163.426900,180.697500,100,110,210,-1.00838,8.02003,4168,181460461,373422024,-1,6060526
163.837739,163.610600,249.011600,100,110,210,-1.00838,7.10124,4128,248285154,374200735,-1,6244982
164.088539,163.861200,250.799600,100,110,210,-1.00838,5.84822,4288,250770808,374221469,-1,6392590
164.303330,164.111900,214.791400,99,111,210,-1.00838,4.59514,9854,214102423,374144741,-1,6504044
164.445861,164.329100,142.531100,100,111,211,-1.00838,3.50911,6870,143271346,373401044,-1,6466354
164.588629,164.479600,142.768400,100,111,211,-1.00838,2.75656,4592,142024307,373324962,-1,6540158
164.730102,164.613300,141.472600,100,111,211,-1.00838,2.08821,4152,141828885,372535521,-1,6540926
164.872436,164.763700,142.333800,99,112,211,-1.00838,1.33618,8184,141964231,372545579,-1,6577838
165.014682,164.897400,142.245700,99,112,211,-1.00838,0.66765,5350,142527961,372536990,-1,6613976
165.157162,165.047800,142.480000,99,112,211,-1.00838,-0.08446,5310,141980730,372515796,-1,6687766
165.299582,165.181400,142.420100,100,112,212,-1.00838,-0.08446,5648,143597077,373417986,-1,6613962
165.442901,165.331800,143.319700,100,112,212,-1.00838,-0.08446,4088,143367307,373413835,-1,6650864
165.587767,165.465400,144.865500,100,112,212,-1.00838,-0.08446,4248,144639038,373426560,-1,6687766
165.730946,165.615800,143.179200,100,112,212,-1.00838,-0.08446,4112,143050077,373432808,-1,6799220
165.875196,165.766200,144.249800,100,112,212,-1.00838,-0.08446,8244,144045885,373437019,-1,6799230
166.019624,165.899800,144.428100,100,112,212,-1.00838,-0.08446,4512,144485230,373338758,-1,6724682
166.163731,166.050100,144.107000,100,112,212,-1.00838,-0.08446,5510,144097846,373344863,-1,6724668
166.308129,166.183700,144.398100,100,112,212,-1.00838,-0.08446,4152,144279269,373347554,-1,6799240
166.454993,166.334100,146.863600,99,113,212,-1.00838,-0.08446,8224,146973539,373363332,-1,6799250
166.600284,166.484400,145.291200,99,113,212,-1.00838,-0.08446,5694,145094615,373252741,-1,6724702
166.743182,166.634800,142.898100,99,113,212,-1.00838,-0.08446,4248,142988038,372460131,-1,6687766
166.890432,166.768400,147.249900,99,113,212,-1.00838,-0.08446,7816,146825539,373294316,-1,6725436
167.035546,166.918700,145.113900,100,113,213,-1.00838,-0.08446,5648,145145846,374173162,-1,6835408
167.182431,167.069100,146.885000,100,113,213,-1.00838,-0.08446,5310,147042654,374140789,-1,7019904
167.330998,167.202800,148.566900,100,113,213,-1.00838,-0.08446,4248,148514307,374161815,-1,7019884
167.478657,167.353100,147.659700,99,114,213,-1.00838,-0.08446,8168,147494807,374196543,-1,7020652
167.627827,167.503500,149.169700,100,114,214,-1.00838,-0.08446,6870,149059577,375054164,-1,6946114
167.776095,167.653900,148.267900,100,114,214,-1.00838,-0.08446,4088,148358846,375028589,-1,7019884
167.926275,167.804300,150.180300,100,114,214,-1.00838,-0.08446,4248,149843154,375051485,-1,6982982
168.076174,167.954700,149.898800,100,114,214,-1.00838,-0.08446,7816,149880269,375085199,-1,7020652
168.226690,168.105100,150.515600,100,114,214,-1.00838,-0.08446,5774,150318461,374972988,-1,6983016
168.377738,168.255500,151.048700,100,114,214,-0.25641,-0.08446,7808,150191308,374178664,-1,7056786
168.529419,168.405900,151.680300,100,114,214,0.49558,-0.08446,7968,151770423,374218031,-1,7204414
168.681860,168.556300,152.441200,99,115,214,1.24769,-0.08446,12244,152497000,374264441,-1,7279006
168.837219,168.706700,155.359200,100,115,215,1.99962,-0.08446,10550,154566885,374333619,-1,7241390
168.992218,168.857100,154.999400,100,115,215,2.75169,-0.08446,7768,154945038,374322698,-1,7167572
169.145686,169.024200,153.467800,100,115,215,3.58727,-0.08446,13370,153745615,374356946,-1,7019984
169.298294,169.174600,152.607900,100,115,215,4.33923,-0.08446,8200,152376346,374275972,-1,6688654
169.462684,169.325000,164.389900,100,115,215,5.09114,-0.08446,4168,165119884,373436007,-1,6429586
169.723242,169.492100,260.558200,100,115,215,5.92662,-0.08446,4128,260749192,373391802,-1,6023610
169.969497,169.742700,246.254900,100,115,215,7.17984,-0.08446,11648,246135000,373381218,-1,5433158
170.196274,169.993400,226.776800,100,115,215,8.43300,-0.08446,7896,225444384,373363750,-1,4622062
170.316312,170.227300,120.038500,100,115,215,9.60258,-0.08446,5390,119782769,373314250,-1,3698744
170.424461,170.344200,108.148400,100,115,215,10.18734,-0.08446,4632,108884346,373172316,-1,2997606
170.523529,170.444500,99.068120,100,115,215,10.68868,-0.08446,7896,98670423,372407338,-1,2407902
170.616024,170.544800,92.495000,100,115,215,11.18993,-0.08446,4128,92415923,372378087,-1,2296462
170.706376,170.645000,90.352500,100,115,215,11.69116,-0.08446,4168,90484654,372353526,-1,1964310
170.793571,170.728600,87.194380,100,115,215,12.10899,-0.08446,4128,87201231,372351598,-1,1669094
170.876739,170.812100,83.167960,100,115,215,12.52682,-0.08446,4128,82829847,372349742,-1,1373878
170.954862,170.895700,78.122890,100,115,215,12.94455,-0.08446,4288,78596846,372369934,-1,1152466
171.035514,170.979200,80.651960,100,115,215,13.36222,-0.08446,4152,80000000,372375757,-1,1153234
171.113046,171.062700,77.532040,99,116,215,13.77989,-0.08446,9406,77876000,372388575,-1,784224
171.185712,171.146300,72.666150,99,116,215,13.77989,-0.08446,5350,73586423,372372839,-1,672774
171.258356,171.213100,72.644350,99,116,215,13.77989,-0.08446,4088,72148576,372372033,-1,783446
171.331013,171.280000,72.657190,99,116,215,13.77989,-0.08446,4088,72771885,372354958,-1,783446
171.405118,171.363500,74.104310,99,116,215,13.77989,-0.08446,4128,74302116,372349918,-1,783446
171.479935,171.430300,74.817570,99,116,215,13.77989,-0.08446,4208,74623885,372371384,-1,857250
171.553606,171.513900,73.670880,99,116,215,13.77989,-0.08446,4112,73237731,372378055,-1,1005626
171.628614,171.580700,75.007800,100,116,216,13.77989,-0.08446,5648,75026423,373249414,-1,1005636
171.705857,171.647500,77.243270,99,117,216,13.77989,-0.08446,8144,77247116,373278663,-1,1079442
171.781531,171.731100,75.674120,99,117,216,13.77989,-0.08446,5270,75506269,373283478,-1,1115598
171.859561,171.814600,78.029620,99,117,216,13.77989,-0.08446,4088,77733384,373269515,-1,1152500
171.937282,171.881500,77.721270,99,117,216,13.77989,-0.08446,4048,77917500,373247289,-1,1300074
172.017390,171.965000,80.107890,99,117,216,13.77989,-0.08446,4168,79931654,373268923,-1,1300074
172.099027,172.048600,81.636890,99,117,216,13.77989,-0.08446,5374,81470885,373275417,-1,1448450
172.178343,172.132100,79.315770,100,117,217,13.77989,-0.08446,5608,79496769,374425532,-1,1596068
172.259658,172.199000,81.315040,99,118,217,13.77989,-0.08446,8144,81071115,374458682,-1,1669874
172.343362,172.282500,83.704420,99,118,217,13.77989,-0.08446,5310,83785654,374466937,-1,1706030
172.426977,172.366100,83.615150,99,118,217,13.77989,-0.08446,4048,83496077,374466579,-1,1816736
172.512139,172.449600,85.161540,100,118,218,13.77989,-0.08446,5568,85182461,374535025,-1,1890526
172.598422,172.533200,86.282880,100,118,218,13.77989,-0.08446,4208,86251769,374565545,-1,2038114
172.686357,172.633500,87.935580,100,118,218,13.77989,-0.08446,4112,87738731,374603311,-1,2186490
172.774122,172.717000,87.764580,100,118,218,13.77989,-0.08446,8176,87616500,374497877,-1,2334108
172.864385,172.800500,90.263500,100,118,218,13.77989,-0.08446,4128,90219577,373705471,-1,2296462
172.954852,172.884100,90.466960,100,118,218,13.77989,-0.08446,4128,90000231,373736847,-1,2407154
173.046333,172.984300,91.481160,100,118,218,13.77989,-0.08446,4128,91643654,373717419,-1,2407154
173.141380,173.067800,95.046500,100,118,218,13.77989,-0.08446,5510,95316154,373744788,-1,2554742
173.235954,173.168100,94.574270,100,118,218,13.77989,-0.08446,4152,94186731,373757403,-1,2703118
173.331671,173.268300,95.716460,99,119,218,13.77989,-0.08446,8608,95630576,373691783,-1,2776932
173.427068,173.351800,95.397500,99,119,218,13.77989,-0.08446,5310,95018346,372889488,-1,2886894
173.524669,173.452100,97.601070,99,119,218,13.77989,-0.08446,4088,97602077,372863275,-1,3071390
173.625641,173.552300,100.971700,99,119,218,13.77989,-0.08446,4128,101160731,372868764,-1,3071370
173.724865,173.652600,99.224500,99,119,218,13.77989,-0.08446,4208,99249000,372894822,-1,3292782
173.828760,173.752800,103.894700,100,119,219,13.77989,-0.08446,9376,103223462,373830186,-1,3293550
173.930241,173.853000,101.480700,100,119,219,13.77989,-0.08446,4472,101856000,373722135,-1,3440424
174.034366,173.953300,104.125500,100,119,219,13.77989,-0.08446,4128,104181384,372915344,-1,3477312
174.139302,174.070200,104.935700,100,119,219,13.77989,-0.08446,5310,104360385,372908889,-1,3624920
174.249201,174.170400,109.898800,100,119,219,13.77989,0.41670,4248,108373730,372939815,-1,3624900
174.357187,174.270700,107.985900,99,120,219,13.77989,0.91795,11888,108502384,372999487,-1,3773276
174.467524,174.387600,110.337000,99,120,219,13.77989,1.50271,5350,110454192,373030777,-1,3809464
174.578038,174.487900,110.514200,100,120,220,13.77989,2.00401,12968,110392000,373915728,-1,3993960
174.689547,174.604800,111.509500,100,120,220,13.77989,2.58880,4128,111593231,373928543,-1,3993980
174.802138,174.721800,112.590700,100,120,220,13.77989,3.17356,7888,111806077,373967832,-1,4067784
174.915519,174.822000,113.380900,100,120,220,13.77989,3.67474,11536,113358385,374020834,-1,4142376
175.030621,174.939000,115.102400,100,120,220,13.77989,4.25956,4472,115078307,373915755,-1,4178564
175.145110,175.055900,114.488600,100,120,220,13.77989,4.84421,9070,113371423,373106067,-1,4215452
175.260682,175.172900,115.572000,100,120,220,13.77989,5.42898,4128,116281615,373113371,-1,4141628
175.386196,175.289800,125.513800,100,120,220,13.77989,6.01363,4288,126509654,373127453,-1,4289236
175.582046,175.406800,195.850600,100,120,220,13.77989,6.59839,11536,195835230,373168841,-1,4437572
175.777241,175.607200,195.194100,100,120,220,13.77989,7.60067,7848,195059770,373167730,-1,4399936
175.973743,175.807700,196.502500,100,120,220,13.77989,8.60297,4288,196393654,373163529,-1,4547510
176.148132,176.008100,174.388600,100,120,220,13.77989,9.60532,9502,173506731,373099867,-1,4511356
176.267696,176.175200,119.563800,100,120,220,13.77989,10.44059,4128,120181230,372258060,-1,4436804
176.385350,176.292100,117.654400,100,120,220,13.77989,11.02529,4168,117338038,372241682,-1,4362960
176.504206,176.409100,118.856200,100,120,220,13.77989,11.60992,4248,118155808,372262640,-1,4252234
176.619720,176.526000,115.513700,99,121,220,13.77989,12.19468,8248,115739192,372297000,-1,4031590
176.736899,176.643000,117.179400,99,121,220,13.77989,12.77964,5310,116971846,372267768,-1,3883248
176.845740,176.760000,108.840900,99,121,220,13.77989,13.36457,4128,109280654,372247265,-1,3846312
176.963620,176.877000,117.879400,99,121,220,13.77989,13.94941,4088,117330846,372249386,-1,3735606
177.068370,176.993900,104.750500,99,121,220,13.77989,14.53426,4296,104985539,370978636,-1,3735606
177.177374,177.094200,109.004100,100,121,221,13.77989,15.03566,10558,108203423,371089443,-1,3478060
177.283278,177.211200,105.904000,100,121,221,13.77989,15.03566,4128,107386154,371072436,-1,3329718
177.389551,177.311400,106.273200,100,121,221,13.77989,15.03566,4088,106208692,371054790,-1,3440390
177.494622,177.411700,105.070400,100,121,221,13.77989,15.03566,4128,105210000,371046422,-1,3514194
177.602810,177.528700,108.188200,100,121,221,13.77989,15.03566,4208,107890461,371072300,-1,3551096
177.711274,177.628900,108.463900,99,122,221,13.77989,15.03566,8248,108351962,371109280,-1,3699472
177.819488,177.745900,108.214000,99,122,221,13.77989,15.03566,5310,108180269,371088496,-1,3698738
177.930343,177.846100,110.855500,99,122,221,13.77989,15.03566,4128,110988307,371056909,-1,3735626
178.045114,177.963100,114.770100,99,122,221,13.77989,15.03566,4088,114736885,371063470,-1,3809410
178.157396,178.080100,112.282300,99,122,221,13.77989,15.03566,5470,111950538,371086915,-1,4067724
178.271287,178.180300,113.891000,100,122,222,13.77989,15.03566,6016,113819500,371094050,-1,4105394
178.387811,178.297200,116.524500,100,122,222,13.77989,15.03566,7832,116413846,370308316,-1,4179208
178.502886,178.414200,115.075100,100,122,222,13.77989,15.03566,4088,114973076,370297622,-1,4326072
178.619826,178.531100,116.939300,100,122,222,13.77989,15.03566,4128,116724423,370279847,-1,4510548
178.737983,178.648000,118.157600,100,122,222,13.77989,15.03566,4208,118447654,370306679,-1,4510548
178.857782,178.764900,119.799000,99,123,222,13.77989,15.03566,8248,119029884,370339265,-1,4474414
178.982464,178.881900,124.682100,99,123,222,13.77989,15.03566,5310,120958231,370308286,-1,4510582
179.099543,178.998800,117.078300,99,123,222,13.77989,15.03566,4128,121231192,370302584,-1,4547470
179.220198,179.132400,120.655400,99,123,222,13.77989,15.03566,5310,120716500,370300800,-1,4805764
179.344283,179.249400,124.084500,99,123,222,13.77989,15.03566,4248,123988154,370323126,-1,4916470
179.470118,179.366300,125.835300,100,123,223,13.77989,15.03566,9720,125486462,371142482,-1,4954140
179.594115,179.500000,123.996900,100,123,223,13.77989,15.03566,4128,124088961,370320216,-1,4990308
179.720672,179.616900,126.556900,100,123,223,13.77989,15.03566,4088,126328770,370301593,-1,5064078
179.848746,179.750500,128.073900,100,123,223,13.77989,15.03566,4248,128278000,370332943,-1,5285490
179.978018,179.867500,129.272000,99,124,223,13.77989,15.03566,8208,129055500,370370982,-1,5507670
