wall_seconds,game_seconds,frame_ms,active_enemies,kills,spawned,player_x,player_z,gc_bytes,main_thread_ns,total_used_memory_bytes,draw_calls,triangles
0.085964,0.000000,85.964110,0,0,0,0.49006,0.00050,48044,0,284552193,-1,45442
0.110688,0.116852,24.723460,2,0,2,1.07433,0.00050,5878,23127538,287226715,-1,45354
0.171486,0.133545,60.798610,2,0,2,1.15780,0.00050,128,61864807,284985545,-1,156074
0.237711,0.201172,66.224460,2,0,2,1.49595,0.00050,168,66087115,284855330,-1,156074
0.303458,0.268051,65.747770,2,0,2,1.83035,0.00050,128,65583384,274864766,-1,156074
0.368494,0.334900,65.035920,2,0,2,2.16461,0.00050,128,64269308,274863081,-1,156074
0.431499,0.385010,63.004150,2,0,2,2.41517,0.00050,128,63396769,274863025,-1,156074
0.494901,0.451813,63.402730,2,0,2,2.74921,0.00050,168,63216000,274863257,-1,82270
0.558232,0.518601,63.330310,2,0,2,3.08312,0.00050,208,63516846,274863045,-1,82270
0.621442,0.585403,63.210690,2,0,2,3.41717,0.00050,208,63081846,274863221,-1,82270
0.685340,0.652206,63.898040,3,0,3,3.75120,0.00050,1768,63866577,275768907,-1,82270
0.748551,0.702316,63.211190,3,0,3,4.00177,0.00050,208,63194770,275768123,-1,156074
0.812818,0.769135,64.266150,3,0,3,4.33589,0.00050,208,63761385,275767535,-1,156074
0.877552,0.835953,64.734770,3,0,3,4.66996,0.00050,208,63867731,275767947,-1,156074
0.940514,0.902786,62.961580,3,0,3,5.00413,0.00050,248,63967847,275767947,-1,156074
1.004553,0.969605,64.039500,3,0,3,5.33819,0.00050,208,64030846,275766491,-1,156074
1.068254,1.036438,63.700500,3,0,3,5.67236,0.00050,1430,63505731,275899714,-1,156074
1.131810,1.086563,63.556190,3,0,3,5.92296,0.00050,248,63640577,275899906,-1,156074
1.196618,1.153366,64.807770,4,0,4,6.25699,0.00050,1808,63995000,276700497,-1,156074
1.258845,1.220169,62.227310,4,0,4,6.59099,0.00050,248,62970653,276698765,-1,192976
1.324083,1.287018,65.237880,4,0,4,6.92521,0.00050,248,65138000,276698501,-1,192976
1.388415,1.353836,64.332150,4,0,4,7.25933,0.00050,288,64200039,276698485,-1,192976
1.452850,1.420700,64.434770,4,0,4,7.59363,0.00050,248,63860923,276698265,-1,192976
1.517074,1.470856,64.223960,4,0,4,7.84442,0.00050,248,64545847,276698473,-1,192976
1.581141,1.537704,64.067270,4,0,4,8.17864,0.00050,248,64100769,276698413,-1,192976
1.645280,1.604568,64.138340,4,0,4,8.51292,0.00050,328,64258500,276698825,-1,192976
1.709619,1.671402,64.339000,5,0,5,8.84709,0.00050,1904,64294769,277593323,-1,192976
1.773389,1.738235,63.770270,5,0,5,9.18128,0.00050,288,63461462,277592315,-1,229878
1.838934,1.805099,65.545620,5,0,5,9.51563,0.00050,328,65688193,277593287,-1,229878
1.903755,1.871918,64.820960,5,0,5,9.84972,0.00050,288,64712423,277592943,-1,119172
1.966879,1.922043,63.123190,5,0,5,10.10035,0.00050,288,62918154,277591647,-1,119172
2.030317,1.988861,63.438190,5,0,5,10.43442,0.00050,288,63577731,277591467,-1,119172
2.093300,2.055679,62.983120,5,0,5,10.76851,0.00050,1550,62914923,277731014,-1,119172
2.157842,2.122498,64.541730,6,0,6,11.10261,0.00050,1848,64320962,278669960,-1,119172
2.221302,2.189377,63.460380,7,0,7,11.43700,0.00050,1848,63422000,279457143,-1,192976
2.285405,2.239471,64.102580,7,0,7,11.68750,0.00050,328,63484307,279456119,-1,266780
2.353364,2.306305,67.959300,7,0,7,12.02170,0.00050,368,68486769,279457191,-1,266780
2.421516,2.373123,68.151610,7,0,7,12.35578,0.00050,328,67829923,279456979,-1,266780
2.486354,2.439957,64.838070,7,0,7,12.68995,0.00050,328,65029269,279457331,-1,266780
2.551695,2.506775,65.341690,7,0,7,13.02405,0.00050,368,65120962,279457707,-1,266780
2.616949,2.573593,65.253850,7,0,7,13.35811,0.00050,368,65106384,279457595,-1,266780
2.681926,2.640396,64.976840,7,0,7,13.69209,0.00050,408,65304077,279457595,-1,266780
2.746840,2.707214,64.914380,8,0,8,14.02621,0.00050,1968,64816039,279565421,-1,266780
2.812309,2.774033,65.468460,8,0,8,14.36028,0.00050,408,65334039,279565397,-1,266780
2.877203,2.840866,64.894500,8,0,8,14.69448,0.00050,408,64800653,279565909,-1,266780
2.942050,2.907684,64.846960,8,0,8,15.02857,0.00050,448,64885654,279566185,-1,266780
3.007615,2.974503,65.565120,8,0,8,15.36268,0.00050,408,65375038,279566233,-1,266780
3.071728,3.024628,64.112690,8,0,8,15.61329,0.00050,1630,64150653,279697144,-1,192976
3.134651,3.091507,62.923110,8,0,8,15.61329,0.00050,408,63489731,279701212,-1,192976
3.199095,3.158325,64.443380,8,0,8,15.61329,0.00050,488,64354693,279570037,-1,229878
3.263798,3.225174,64.703800,9,0,9,15.61329,0.00050,2128,64628270,279660543,-1,229878
3.328133,3.291992,64.334540,9,0,9,15.61329,0.00050,448,64322385,279656239,-1,229878
3.393982,3.358841,65.849190,9,0,9,15.61329,0.00050,758,65754077,279948623,-1,229878
3.456452,3.425674,62.470270,9,0,9,15.61329,0.00050,472,62483384,279956436,-1,230646
3.524765,3.475845,68.312970,9,0,9,15.61329,0.00050,448,67294961,279957292,-1,230658
3.599628,3.542648,74.862810,9,0,9,15.61329,0.00050,448,74911307,279934393,-1,304462
3.679695,3.626175,80.066420,9,0,9,15.61329,0.00050,14040,80206193,280174508,-1,304462
3.763708,3.709702,84.013310,9,0,9,15.61329,0.00050,488,84267461,280175545,-1,266814
3.838026,3.793243,74.318420,10,0,10,15.61329,0.00050,2008,74178039,280219137,-1,340604
3.921388,3.860062,83.361380,10,0,10,15.61329,0.00050,648,83391692,280222973,-1,340604
4.014286,3.943604,92.898160,10,0,10,15.61329,0.00050,512,92484000,280228816,-1,341372
4.089469,4.043839,75.183190,9,1,10,15.61329,0.00050,6030,75390653,280247291,-1,341382
4.168481,4.110672,79.011960,9,1,10,15.61329,0.00050,1710,78213384,280242564,-1,303736
4.242445,4.194214,73.963960,10,1,11,15.61329,0.00050,1968,74548885,280342796,-1,340624
4.307571,4.261032,65.126460,10,1,11,15.61329,0.00050,488,65127962,280325595,-1,340624
4.373839,4.327866,66.267850,11,1,12,15.61329,0.00050,2048,66289577,281215213,-1,340624
4.439597,4.394699,65.757970,11,1,12,15.61329,0.00050,608,65583769,281224754,-1,377526
4.506653,4.461563,67.055890,11,1,12,15.61329,0.00050,512,67092884,281230383,-1,378274
4.573746,4.528412,67.092770,11,1,12,15.61329,0.00050,4232,66892769,281255363,-1,378286
4.639795,4.595261,66.049040,11,1,12,15.61329,0.00050,528,65809692,281232408,-1,340638
4.704958,4.662094,65.163310,11,1,12,15.61329,0.00050,528,65296385,281231846,-1,377540
4.771097,4.728958,66.138540,11,1,12,15.61329,0.00050,568,66206461,281215041,-1,377526
4.837754,4.795807,66.657190,11,1,12,15.61329,0.00050,568,66575885,281205620,-1,377526
4.905034,4.862656,67.279620,12,1,13,15.61329,0.00050,2088,67241500,282141858,-1,377506
4.971094,4.929489,66.060580,12,1,13,15.61329,0.00050,728,65722077,282166084,-1,414408
5.039463,4.996338,68.368690,12,1,13,15.61329,0.00050,592,68364807,282167949,-1,415176
5.108372,5.063187,68.908920,11,2,13,15.61329,0.00050,5846,68923384,282198476,-1,415188
5.175055,5.130005,66.683500,11,2,13,15.61329,0.00050,1790,66747769,282181600,-1,377540
5.241951,5.196838,66.895460,11,2,13,15.61329,0.00050,528,66705577,282171311,-1,414442
5.308502,5.263672,66.550960,11,2,13,15.61329,0.00050,528,66615884,282144842,-1,414428
5.374939,5.330490,66.437120,11,2,13,15.61329,0.00050,608,66357116,282144018,-1,414408
5.443525,5.397308,68.586390,12,2,14,15.61329,0.00050,2088,68117000,283039684,-1,414408
5.508444,5.464157,64.918390,12,2,14,15.61329,0.00050,568,65272154,283068932,-1,451310
5.578066,5.530975,69.622340,12,2,14,15.61329,0.00050,608,69431538,283108220,-1,451310
5.647343,5.597794,69.276920,12,2,14,15.61329,0.00050,568,68895846,283108148,-1,451310
5.715705,5.664612,68.362080,12,2,14,15.61329,0.00050,1120,68627692,283012078,-1,451310
5.782868,5.748184,67.162570,12,2,14,15.61329,0.00050,608,67177000,282216662,-1,377506
5.849309,5.815018,66.441000,12,2,14,15.61329,0.00050,568,66369615,282207166,-1,377506
5.916145,5.881851,66.836770,12,2,14,15.61329,0.00050,608,66795576,282207911,-1,377486
5.982640,5.948685,66.494960,13,2,15,15.61329,0.00050,2168,66411192,282300808,-1,377486
6.049822,6.015518,67.181300,13,2,15,15.61329,0.00050,1830,67095462,284528888,-1,377486
6.117637,6.082352,67.815850,13,2,15,15.61329,0.33464,608,67195961,284532876,-1,377486
6.184136,6.149185,66.498770,13,2,15,15.61329,0.66879,648,66416807,284400805,-1,377486
6.251086,6.216003,66.949580,14,2,16,15.61329,1.00292,2128,66853885,285491423,-1,377486
6.318468,6.282837,67.382580,14,2,16,15.61329,1.33711,608,67130384,285486031,-1,414388
6.385572,6.349670,67.103690,14,2,16,15.61329,1.67131,648,67307154,285486555,-1,414388
6.453508,6.416550,67.935840,14,2,16,15.61329,2.00567,648,67576500,285490239,-1,414388
6.520596,6.483414,67.088120,15,2,17,15.61329,2.33996,2168,67187539,285582933,-1,414388
6.588004,6.550278,67.408390,15,2,17,15.61329,2.67431,688,67275577,285582801,-1,414388
6.655385,6.617126,67.381080,15,2,17,15.61329,3.00854,648,66976807,285582933,-1,414388
6.722641,6.683960,67.255350,15,2,17,15.61329,3.34269,1072,67538769,285492363,-1,414388
6.789833,6.750778,67.192540,15,2,17,15.61329,3.67674,728,67152770,284696379,-1,340584
6.856543,6.817642,66.709190,15,2,17,15.61329,4.01103,688,66305000,284700471,-1,340584
6.922662,6.884460,66.119380,15,2,17,15.61329,4.34509,688,66250769,285749471,-1,340584
6.988877,6.951279,66.215350,15,2,17,15.61329,4.67918,768,66180077,285749951,-1,340584
7.055147,7.018066,66.269810,16,2,18,15.61329,5.01314,3470,66225692,286799960,-1,340584
7.121340,7.084885,66.193080,16,2,18,15.61329,5.34723,728,65758308,286803932,-1,340584
7.187047,7.151703,65.706890,16,2,18,15.61329,5.68131,888,66036000,286693343,-1,340584
7.253377,7.218521,66.330150,16,2,18,15.61329,6.01539,752,66301769,286703636,-1,341352
7.319330,7.285294,65.953000,16,2,18,15.61329,6.34923,728,65843193,286704184,-1,341364
7.385302,7.352066,65.971380,16,2,18,15.61329,6.68308,4844,65754115,286715212,-1,341364
7.451167,7.402130,65.865500,16,2,18,15.61329,6.93340,728,66063077,286715435,-1,303716
7.516832,7.468918,65.664810,16,2,18,15.61329,7.26730,768,65070346,286714957,-1,340618
7.583180,7.535706,66.348110,17,2,19,15.61329,7.60120,2576,66831423,289718106,-1,340604
7.648471,7.602509,65.291080,17,2,19,15.61329,7.93518,808,65041923,289717810,-1,377506
7.716377,7.669296,67.905880,17,2,19,15.61329,8.26915,888,67373770,289737956,-1,377506
7.784217,7.736099,67.840120,17,2,19,15.61329,8.60317,792,68287577,289745701,-1,341372
7.851176,7.802917,66.958530,16,3,19,15.61329,8.93728,4864,66768615,290577733,-1,341384
7.917283,7.869736,66.107350,16,3,19,15.61329,9.27138,1950,65427346,290554629,-1,377540
7.982586,7.936554,65.302570,16,3,19,15.61329,9.60547,728,66005500,290549523,-1,414442
8.049553,8.003387,66.967350,16,3,19,15.61329,9.93962,2030,66813808,290532306,-1,414428
8.117492,8.070236,67.939460,17,3,20,15.61329,10.27383,2288,67735539,291426732,-1,414428
8.183665,8.137085,66.172690,17,3,20,15.61329,10.60809,768,65823500,291415592,-1,451330
8.253045,8.203934,69.379880,17,3,20,15.61329,10.94232,808,68564308,291426924,-1,451310
8.321365,8.270782,68.320080,18,3,21,15.61329,11.27660,2288,69540384,292312826,-1,451310
8.388639,8.354324,67.274230,18,3,21,15.61329,11.69429,768,66127808,292305066,-1,488212
8.457366,8.404480,68.727040,18,3,21,15.61329,11.94509,808,69003076,292305198,-1,488212
8.525493,8.488037,68.127150,18,3,21,15.61329,12.36290,808,68786500,292304786,-1,488212
8.593734,8.554916,68.240270,18,3,21,15.61329,12.69728,808,67324846,292299446,-1,488212
8.661006,8.621735,67.271960,19,3,22,15.61329,13.03138,2368,67881577,292436493,-1,488192
8.729022,8.688553,68.016540,19,3,22,15.61329,13.36544,848,67528500,292436717,-1,488192
8.797133,8.755386,68.110380,19,3,22,15.61329,13.69959,848,67292500,292436297,-1,488192
8.862919,8.822220,65.786350,19,3,22,15.61329,14.03375,888,67116500,292440045,-1,488192
8.930338,8.889008,67.418690,19,3,22,15.61329,14.36769,848,67330076,292439765,-1,488192
8.997623,8.955811,67.285000,19,3,22,15.61329,14.70173,848,67042769,292440177,-1,488192
9.064701,9.022598,67.078460,19,3,22,15.61329,15.03566,2110,67022769,292440448,-1,488192
9.131573,9.089355,66.872120,19,3,22,15.61329,15.03566,888,67484154,292446312,-1,488192
9.199055,9.156128,67.481890,20,3,23,15.61329,15.03566,2408,67373269,292545259,-1,561996
9.268975,9.222885,69.920390,20,3,23,15.61329,15.03566,928,69967538,292554184,-1,488192
9.338286,9.289658,69.310500,20,3,23,15.61329,15.03566,888,69211615,292539995,-1,488192
9.410692,9.356400,72.406500,20,3,23,15.61329,15.03566,888,71788461,292540539,-1,525094
9.494355,9.439850,83.662960,20,3,23,15.61329,15.03566,1312,83991461,292391559,-1,488192
9.579928,9.523300,85.572650,20,3,23,15.61329,15.03566,888,85482192,291595319,-1,451290
9.675134,9.606766,95.205420,20,3,23,15.61329,15.03566,928,95367384,291591582,-1,451290
9.761489,9.706955,86.355930,20,3,23,15.61329,15.03566,968,85818000,291592472,-1,451290
9.845753,9.790451,84.264000,20,3,23,15.61329,15.03566,928,84402731,291590640,-1,525094
9.927600,9.873978,81.846690,20,3,23,15.61329,15.03566,928,81628038,291594876,-1,525094
10.012537,9.957489,84.936390,20,3,23,15.61329,15.03566,968,85205307,291594668,-1,525094
10.080861,10.041050,68.324730,20,3,23,15.61329,15.03566,2150,68301000,291595367,-1,525094
10.148737,10.107930,67.875580,20,3,23,15.61329,15.03566,928,67805385,291595367,-1,525094
10.216804,10.174820,68.067610,20,3,23,15.61329,15.03566,968,67999154,291599796,-1,525094
10.284596,10.241670,67.791380,20,3,23,15.61329,15.03566,928,67732269,291599384,-1,525094
10.353162,10.308500,68.566350,21,3,24,15.61329,15.03566,2448,68519615,292491574,-1,525094
10.421122,10.375340,67.959340,21,3,24,15.61329,15.03566,1088,67651961,292512400,-1,561996
10.491000,10.442170,69.878350,21,3,24,15.61329,15.03566,952,69979769,292523289,-1,562764
10.560567,10.509020,69.567380,21,3,24,15.61329,15.03566,928,69412693,292520041,-1,562776
10.629031,10.592560,68.463920,21,3,24,15.61329,15.03566,968,68554347,293299438,-1,562776
10.696708,10.659420,67.677270,21,3,24,15.61329,15.03566,5004,67568769,293323493,-1,636580
10.767390,10.726260,70.681300,21,3,24,15.61329,15.03566,968,70111308,293328080,-1,598932
10.836047,10.793060,68.657150,21,3,24,15.61329,15.03566,1008,68590154,293327518,-1,635834
10.907381,10.859880,71.334080,21,3,24,15.61329,15.03566,968,71428693,293310953,-1,635820
10.977270,10.926700,69.889040,21,3,24,15.61329,15.03566,1088,69868962,293336475,-1,635820
11.048173,11.010210,70.903340,21,3,24,15.61329,15.03566,2254,70985846,293476941,-1,562784
11.117387,11.077030,69.213770,21,3,24,15.61329,15.03566,968,69260385,293460016,-1,636598
11.185716,11.143860,68.328540,20,4,24,15.61329,15.03566,5024,68064692,293364061,-1,636600
11.255692,11.210690,69.976730,20,4,24,15.61329,15.03566,2190,69797692,293363056,-1,598952
11.324483,11.277510,68.790730,20,4,24,15.61329,15.03566,928,68816462,293357686,-1,635854
11.394690,11.344310,70.206810,20,4,24,15.61329,15.03566,928,70050423,293340802,-1,635840
11.464338,11.427840,69.647930,20,4,24,15.61329,15.03566,1088,69697153,293351475,-1,635840
11.534522,11.494660,70.184200,20,4,24,15.61329,15.03566,952,69996269,293361964,-1,636588
11.603900,11.561520,69.377460,20,4,24,15.61329,15.03566,928,69095961,293361768,-1,636600
11.673186,11.628360,69.286230,20,4,24,15.61329,15.03566,4672,69434423,293363245,-1,636600
11.743564,11.695160,70.378650,20,4,24,15.61329,15.03566,928,70507769,293363017,-1,598952
11.813382,11.761930,69.817770,20,4,24,15.61329,15.03566,928,69111269,293370327,-1,672756
11.882914,11.845410,69.531620,20,4,24,15.61329,15.03566,968,69991231,293355358,-1,672742
11.954596,11.912250,71.681810,20,4,24,15.61329,15.03566,928,71750692,293349049,-1,672742
12.025711,11.979050,71.115040,20,4,24,15.61329,15.03566,1048,70781384,293375559,-1,672722
12.096088,12.045850,70.377230,20,4,24,15.61329,15.03566,2214,70243846,293519483,-1,673490
12.169548,12.129350,73.459810,20,4,24,15.19581,15.03566,4632,72632577,294346471,-1,673502
12.242983,12.196170,73.435420,20,4,24,14.86173,15.03566,928,73697808,294199377,-1,746560
12.316506,12.262990,73.523350,20,4,24,14.52763,15.03566,968,73053423,294195515,-1,783462
12.393477,12.346500,76.970190,21,4,25,14.11004,15.03566,2448,76843615,296835725,-1,857252
12.466516,12.413300,73.039270,21,4,25,13.77606,15.03566,928,72909923,297624501,-1,1004860
12.545702,12.496750,79.185690,21,4,25,13.35877,15.03566,1088,78838615,297629701,-1,1078644
12.623380,12.563520,77.678620,20,5,25,13.02488,15.03566,5008,77945577,297674856,-1,1079412
12.702735,12.647000,79.354500,20,5,25,12.60750,15.03566,2110,79031077,297679674,-1,1004876
12.778599,12.730450,75.864730,20,5,25,12.19023,15.03566,928,76160076,299248976,-1,1041776
12.851425,12.797290,72.825460,20,5,25,11.85604,15.03566,1312,71952500,299142662,-1,1152468
12.930712,12.880750,79.287380,20,5,25,11.43875,15.03566,928,79761731,298336413,-1,1115566
13.008457,12.947530,77.745000,20,5,25,11.10491,15.03566,968,78051770,298340485,-1,1115546
13.086183,13.031040,77.725580,20,5,25,10.68734,15.03566,2270,77611346,298365934,-1,1115546
13.163164,13.114500,76.981500,20,5,25,10.27003,15.03566,952,76735193,298366313,-1,1116314
13.240084,13.181260,76.919850,20,5,25,9.93622,15.03566,4672,77013461,298385077,-1,1116324
13.316846,13.264710,76.761380,20,5,25,9.51897,15.03566,928,76400923,298385389,-1,1078678
13.392764,13.348180,75.918850,20,5,25,9.10167,15.03566,4812,75592884,298517442,-1,1115580
13.469310,13.415020,76.545190,20,5,25,8.76746,15.03566,2186,76846308,298503940,-1,1115566
13.545912,13.498520,76.602730,20,5,25,8.34995,15.03566,928,76142500,298375975,-1,1115582
13.625303,13.565310,79.390920,20,5,25,8.01604,15.03566,1048,79684654,298396985,-1,1115582
13.705795,13.648770,80.492080,20,5,25,7.59868,15.03566,4696,79959538,298432072,-1,1116350
13.785014,13.732240,79.218270,20,5,25,7.18132,15.03566,928,79569730,298419369,-1,1078714
13.864108,13.815770,79.094810,20,5,25,6.76372,15.03566,928,78373423,298427103,-1,1041780
13.939174,13.882580,75.065650,20,5,25,6.42959,15.03566,968,75504385,298409434,-1,1041780
14.014685,13.966090,75.511270,20,5,25,6.01206,15.03566,928,75125423,298400005,-1,1041780
14.089571,14.032900,74.885540,20,5,25,5.67808,15.03566,2146,74779576,298400228,-1,1004858
14.163902,14.116420,74.331570,20,5,25,5.26043,15.03566,1088,74196115,298419742,-1,1004858
14.237721,14.183240,73.818080,20,5,25,4.92635,15.03566,1336,74059923,298331890,-1,968704
14.311534,14.266750,73.813650,19,6,25,4.50879,15.03566,4984,73601807,297570006,-1,931814
14.383676,14.333620,72.141650,19,6,25,4.17444,15.03566,2146,72179884,297547794,-1,857264
14.455698,14.400470,72.022160,20,6,26,3.84023,15.03566,2408,71739808,298421165,-1,894166
14.527630,14.484010,71.931770,20,6,26,3.42253,15.03566,888,72088539,298403249,-1,967936
14.600937,14.550890,73.307430,20,6,26,3.08816,15.03566,928,72966616,298403765,-1,931034
14.673860,14.617720,72.922810,20,6,26,2.75396,15.03566,888,72832154,298403277,-1,894132
14.746061,14.701280,72.201080,20,6,26,2.33616,15.03566,888,72276923,298406729,-1,894132
14.818839,14.768100,72.778190,20,6,26,2.00203,15.03566,928,72500307,298416065,-1,857230
14.891291,14.834930,72.451650,20,6,26,1.66783,15.03566,928,72060231,298416981,-1,857230
14.963634,14.918530,72.342810,20,6,26,1.24984,15.03566,928,72598308,298410285,-1,857230
15.035629,14.985380,71.995230,20,6,26,0.91559,15.03566,968,71952769,298404677,-1,857230
15.107323,15.052230,71.694340,20,6,26,0.58133,15.03566,2146,71816385,298408032,-1,857210
15.188742,15.135790,81.418850,20,6,26,0.58133,15.03566,928,82109385,298410621,-1,783406
15.284605,15.219330,95.862960,20,6,26,0.58133,15.03566,968,95769308,298410726,-1,820308
15.381370,15.302870,96.765230,20,6,26,0.58133,15.03566,928,96943653,298413422,-1,857210
15.478778,15.403120,97.407540,20,6,26,0.58133,15.03566,928,97146615,298409458,-1,820308
15.576428,15.503360,97.650150,20,6,26,0.58133,15.03566,968,97631077,298409494,-1,820308
15.671101,15.603590,94.672920,20,6,26,0.58133,15.03566,928,94554731,298409542,-1,857210
15.767133,15.703840,96.032270,20,6,26,0.58133,15.03566,968,96127769,298409442,-1,857210
15.855627,15.787370,88.494230,20,6,26,0.58133,15.03566,928,88134307,298412822,-1,857210
15.927411,15.887590,71.783460,20,6,26,0.58133,15.03566,1312,71386576,298323692,-1,857210
15.999568,15.954420,72.157500,20,6,26,0.58133,15.03566,968,72454385,297527584,-1,820308
16.071179,16.021260,71.610420,20,6,26,0.58133,15.03566,2146,71655769,297528167,-1,820308
16.142723,16.088090,71.544080,20,6,26,0.58133,15.03566,928,71415808,297531331,-1,820308
16.213678,16.171630,70.954930,20,6,26,0.58133,15.03566,968,70918654,297532488,-1,820308
16.285369,16.238430,71.691540,20,6,26,0.58133,15.03566,928,71519769,297532356,-1,820308
16.357857,16.305220,72.488040,20,6,26,0.58133,15.03566,928,72504116,297532512,-1,820308
16.429522,16.388730,71.664960,20,6,26,0.58133,15.03566,968,71616461,297535760,-1,857210
16.501786,16.455540,72.263190,21,6,27,0.58133,15.03566,2448,72117038,298423918,-1,857210
16.573146,16.522320,71.360270,21,6,27,0.58133,15.03566,928,71287923,298424402,-1,894112
16.645290,16.605800,72.144500,21,6,27,0.58133,15.03566,968,72020039,298423858,-1,894112
16.717661,16.672610,72.370380,21,6,27,0.58133,15.03566,928,72160384,298427534,-1,894112
16.790371,16.739380,72.710300,21,6,27,0.58133,15.03566,928,72500731,298427542,-1,894112
16.862646,16.822850,72.274770,21,6,27,0.58133,15.03566,1088,72399308,298448516,-1,894112
16.935597,16.889620,72.951350,21,6,27,0.58133,15.03566,992,72515731,298455201,-1,931782
17.008516,16.956380,72.918500,21,6,27,0.58133,15.03566,968,72993846,298459065,-1,931794
17.080594,17.039830,72.078730,21,6,27,0.58133,15.03566,2226,72065693,298441517,-1,931794
17.153740,17.106610,73.145580,20,7,27,0.58133,15.03566,5396,73095308,298475668,-1,931794
17.226402,17.173400,72.661840,20,7,27,0.58133,15.03566,2146,72628192,298475691,-1,894146
17.298849,17.256900,72.447540,20,7,27,0.58133,15.03566,968,72174500,298474685,-1,931048
17.371540,17.323700,72.690690,20,7,27,0.58133,15.03566,928,72628577,298457385,-1,931034
17.444070,17.390500,72.529660,20,7,27,0.58133,15.03566,928,72312154,298462489,-1,931034
17.517223,17.474040,73.153660,20,7,27,0.58133,15.03566,1088,73196923,298483447,-1,931034
17.590383,17.540920,73.160000,20,7,27,0.58133,15.03566,952,73081038,298487940,-1,968704
17.663730,17.607760,73.346580,20,7,27,0.58133,15.03566,928,73024961,298487580,-1,968716
17.737370,17.691310,73.639770,20,7,27,0.58133,15.03566,968,73762500,298466341,-1,1005618
17.810828,17.758120,73.457890,20,7,27,0.58133,15.03566,4632,73455308,298498605,-1,1005618
17.883686,17.841630,72.858610,20,7,27,0.58133,15.03566,928,72677192,298492960,-1,967970
17.956956,17.908460,73.269650,20,7,27,0.58133,15.03566,968,72831538,298492806,-1,1004852
18.030511,17.975300,73.555310,20,7,27,0.58133,15.03566,1048,73744307,298495311,-1,1041740
18.103823,18.058810,73.312230,20,7,27,0.58133,15.03566,2170,72911000,298502169,-1,1042508
18.178835,18.125660,75.011770,20,7,27,0.58133,14.70141,968,74650039,298494240,-1,1042518
18.253371,18.209180,74.535800,19,8,27,0.58133,14.28381,4984,73314115,298522725,-1,1042520
18.326291,18.275990,72.920270,19,8,27,0.58133,13.94977,2106,73819731,298518124,-1,1004872
18.399667,18.342800,73.375920,19,8,27,0.58133,13.61566,928,73011308,298516906,-1,1041774
18.473223,18.426360,73.555540,19,8,27,0.58133,13.19791,888,73559923,298499542,-1,1041760
18.548873,18.493180,75.650730,20,8,28,0.58133,12.86384,2528,74952461,299395445,-1,1078662
18.622427,18.576720,73.553890,20,8,28,0.58133,12.44616,952,73411538,299401420,-1,1153214
18.698440,18.643600,76.013110,20,8,28,0.58133,12.11174,888,76694346,299384311,-1,1153224
18.774013,18.727160,75.572650,20,8,28,0.58133,11.69399,4976,75138808,299317621,-1,1153226
18.849703,18.793990,75.690310,20,8,28,0.58133,11.35979,928,76092193,298520989,-1,1041774
18.925037,18.877520,75.333660,20,8,28,0.58133,10.94216,888,74138423,298521643,-1,1078676
19.001335,18.944350,76.297500,20,8,28,0.58133,10.60799,928,75567384,298494297,-1,1078662
19.075002,19.027910,73.667540,20,8,28,0.58133,10.19023,2306,75101000,298519202,-1,1078642
19.150272,19.094740,75.269840,20,8,28,0.58133,9.85608,952,75245193,298525727,-1,1116312
19.225508,19.178280,75.236540,20,8,28,0.58133,9.43836,4632,75039346,298553628,-1,1116324
19.301589,19.245100,76.080500,20,8,28,0.58133,9.10428,968,75845423,298534509,-1,1078676
19.376203,19.328640,74.613810,20,8,28,0.58133,8.68655,928,74590616,298534667,-1,1078676
19.451730,19.395460,75.527340,20,8,28,0.58133,8.35247,928,75314769,298517250,-1,1115564
19.526582,19.479000,74.851500,20,8,28,0.58133,7.93480,968,75063615,298508093,-1,1115564
19.602742,19.545850,76.160650,20,8,28,0.58133,7.60056,1048,76256538,298528511,-1,1115544
19.679272,19.629410,76.529770,20,8,28,0.58133,7.18281,952,75880807,298542666,-1,1116312
19.754833,19.696240,75.561110,20,8,28,0.58133,6.84868,968,75608423,298525937,-1,1116322
19.830883,19.779800,76.049650,19,9,28,0.58133,6.43093,4984,75911385,298562445,-1,1116324
19.906546,19.846620,75.662850,19,9,28,0.58133,6.09680,2490,75833115,298473018,-1,1078676
19.981631,19.930160,75.085000,19,9,28,0.58133,5.67907,928,74688654,297667427,-1,1041774
20.056574,20.013670,74.943000,19,9,28,0.58133,5.26148,2106,74905654,297650482,-1,1078642
20.131409,20.080470,74.835620,19,9,28,0.58133,4.92747,888,74826538,297649350,-1,1078642
20.206398,20.163990,74.988540,19,9,28,0.58133,4.50989,1048,74814692,297674949,-1,1041740
20.281891,20.230770,75.492730,19,9,28,0.58133,4.17594,912,74523384,297678638,-1,1042508
20.355725,20.297580,73.834690,19,9,28,0.58133,3.84194,888,74557115,297678886,-1,1042520
20.429955,20.381090,74.229460,19,9,28,0.58133,3.42438,4632,74378538,297681555,-1,1042520
20.504870,20.447910,74.915040,19,9,28,0.58133,3.09032,888,74614154,297685179,-1,1041774
20.580528,20.531400,75.658350,20,9,29,0.58133,2.67283,2408,75173346,298560394,-1,1078676
20.653824,20.598210,73.296270,20,9,29,0.58133,2.33882,928,74065539,298542949,-1,1152446
20.731515,20.681750,77.690270,20,9,29,0.58133,1.92114,1008,77402461,298562847,-1,1152446
20.810747,20.748550,79.232500,20,9,29,0.58133,1.58716,912,79351962,298569436,-1,1153214
20.898108,20.832080,87.361000,20,9,29,0.58133,1.16950,928,87086731,298568984,-1,1153226
20.967847,20.915590,69.738880,19,10,29,0.58133,0.75198,4944,70234231,298596829,-1,1153226
21.072967,20.999100,105.120400,19,10,29,0.58133,0.33447,2110,104611654,298601834,-1,1152480
21.176200,21.099330,103.232700,19,10,29,0.58133,-0.16670,2150,103148885,298592137,-1,1189370
21.283796,21.199570,107.595500,19,10,29,0.58133,-0.16670,888,108340616,298584068,-1,1226252
21.390411,21.316510,106.615700,19,10,29,0.58133,-0.16670,928,106634000,298588533,-1,1226252
21.499334,21.416760,108.922400,19,10,29,0.58133,-0.16670,1272,108784923,298488843,-1,1263154
21.613162,21.517010,113.828500,19,10,29,0.58133,-0.16670,928,113529000,297692603,-1,1189350
21.687669,21.633960,74.507030,19,10,29,0.58133,-0.16670,888,74574269,297687079,-1,1189350
21.763004,21.717500,75.335000,19,10,29,0.58133,-0.16670,928,75481346,297686268,-1,1189330
21.838837,21.784350,75.832660,19,10,29,0.58133,-0.16670,888,75773077,297686132,-1,1189330
21.914864,21.867890,76.026890,19,10,29,0.58133,-0.16670,888,75967846,297686208,-1,1189330
21.991442,21.934720,76.578120,19,10,29,0.58133,-0.16670,928,76357654,297690288,-1,1189330
22.066846,22.018250,75.404430,19,10,29,0.58133,-0.16670,2110,75479307,297694463,-1,1189330
22.143106,22.085080,76.259540,19,10,29,0.58133,-0.16670,888,75896769,297694571,-1,1189330
22.218488,22.168580,75.382420,19,10,29,0.58133,-0.16670,928,75630461,297694252,-1,1189330
22.294318,22.252110,75.830040,19,10,29,0.58133,-0.16670,888,75758269,297694384,-1,1189330
22.370949,22.318950,76.630310,19,10,29,0.58133,-0.16670,888,76553962,297697352,-1,1189330
22.447634,22.402450,76.685770,19,10,29,0.58133,-0.16670,1048,76577615,297719350,-1,1189330
22.524165,22.469270,76.530460,19,10,29,0.58133,-0.16670,912,76444615,297725479,-1,1190098
22.600872,22.552780,76.707120,20,10,30,0.58133,-0.16670,2792,76588115,297726951,-1,1190110
22.677882,22.619600,77.010380,20,10,30,0.58133,-0.16670,5004,76822846,296938383,-1,1116306
22.753628,22.703110,75.745610,20,10,30,0.58133,-0.16670,888,75662115,296938322,-1,1078658
22.828530,22.786620,74.902270,20,10,30,0.58133,-0.16670,888,74891077,296937736,-1,1115560
22.904417,22.853470,75.886700,20,10,30,0.58133,-0.16670,928,75757885,296919795,-1,1115546
22.979836,22.937000,75.419150,20,10,30,0.58133,-0.16670,1008,75224770,296950405,-1,1115546
23.054640,23.003830,74.803460,20,10,30,0.58133,-0.16670,2174,74980038,296950717,-1,1116314
23.130395,23.087360,75.755350,20,10,30,0.58133,-0.16670,968,75562115,296951029,-1,1116326
23.206665,23.154170,76.270200,19,11,30,0.58133,-0.16670,4984,75693423,296963595,-1,1116326
23.280972,23.237700,74.306810,19,11,30,0.58133,-0.16670,2110,74935500,296963622,-1,1115580
23.357150,23.304550,76.178420,19,11,30,0.58133,-0.16670,928,75979769,296958360,-1,1152482
23.433452,23.388110,76.301540,19,11,30,0.58133,-0.16670,888,76339385,296931851,-1,1152468
23.509763,23.454990,76.311420,19,11,30,0.58133,-0.16670,1008,76130039,296952453,-1,1152448
23.585858,23.538540,76.094380,19,11,30,0.58133,-0.16670,952,75975730,296962372,-1,1153216
23.662509,23.605390,76.651120,19,11,30,0.58133,-0.16670,888,76511923,296945527,-1,1153226
23.738149,23.688930,75.640340,19,11,30,0.58133,-0.16670,4592,75580692,296968875,-1,1153228
23.814038,23.755800,75.889080,19,11,30,0.58133,-0.16670,928,75932538,296968883,-1,1152482
23.889701,23.839390,75.662810,19,11,30,0.58133,-0.16670,888,75463692,296972697,-1,1189384
23.968830,23.922930,79.128770,19,11,30,0.58133,-0.16670,888,79168308,296946019,-1,1189370
24.045021,23.989780,76.191540,19,11,30,0.58133,-0.16670,1048,76183500,296966265,-1,1189350
24.121477,24.073350,76.455230,19,11,30,0.58133,-0.16670,2134,76184808,296972667,-1,1190118
24.198920,24.140210,77.443810,18,12,30,0.91565,-0.16670,4944,76536269,296999258,-1,1190128
24.276192,24.223770,77.271500,18,12,30,1.33342,-0.16670,2110,76703269,296993258,-1,1226286
24.356832,24.307300,80.640460,18,12,30,1.75107,-0.16670,848,80696500,296992380,-1,1263188
24.435879,24.374160,79.046270,18,12,30,2.08540,-0.16670,848,79801230,296969736,-1,1300076
24.515155,24.457730,79.276810,18,12,30,2.50323,-0.16670,888,79313039,296964755,-1,1373880
24.597476,24.541290,82.320730,18,12,30,2.92105,-0.16670,968,81906346,296990589,-1,1410762
24.680248,24.624830,82.771920,19,12,31,3.33877,-0.16670,6096,82353961,297902710,-1,1411530
24.760937,24.708370,80.689270,19,12,31,3.75649,-0.16670,888,80861654,297885159,-1,1410796
24.839749,24.791920,78.811730,19,12,31,4.17423,-0.16670,1232,78810846,297800486,-1,1484586
24.922621,24.858760,82.871800,19,12,31,4.50847,-0.16670,848,82630654,296981864,-1,1410782
25.001955,24.942340,79.334110,19,12,31,4.92634,-0.16670,888,78927076,296971531,-1,1336978
25.079004,25.025890,77.048690,19,12,31,5.34415,-0.16670,2070,77481885,296970678,-1,1336958
25.157984,25.109450,78.980190,19,12,31,5.76193,-0.16670,1008,78951653,296990996,-1,1336958
25.237285,25.176320,79.301040,19,12,31,6.09628,-0.16670,952,78861961,297001402,-1,1337726
25.317878,25.259860,80.593380,18,13,31,6.51399,-0.16670,4944,78989731,297048098,-1,1337738
25.394372,25.343380,76.493650,18,13,31,6.93164,-0.16670,2070,78323538,297010879,-1,1300090
25.473410,25.426930,79.037770,18,13,31,7.34938,-0.16670,888,77840423,297010916,-1,1336958
25.551556,25.493760,78.146460,18,13,31,7.68357,-0.16670,848,79001000,296997047,-1,1263154
25.630611,25.577300,79.055110,18,13,31,8.10126,-0.16670,848,77878269,296997635,-1,1263154
25.707681,25.660840,77.070040,18,13,31,8.51895,-0.16670,1008,77861846,297022733,-1,1263154
25.784649,25.727660,76.968120,18,13,31,8.85300,-0.16670,1256,77169577,296937944,-1,1190118
25.861911,25.811130,77.261810,18,13,31,9.27034,-0.16670,4552,76703923,296182964,-1,1116326
25.937106,25.877880,75.194620,18,13,31,9.60414,-0.16670,888,74795539,296165961,-1,1004874
26.010757,25.961360,73.650960,18,13,31,10.02152,-0.16670,848,73649539,296160299,-1,1004874
26.082910,26.028140,72.152730,18,13,31,10.35536,-0.16670,2070,72442154,296135348,-1,931056
26.156162,26.111630,73.251920,18,13,31,10.77282,-0.16670,888,72792270,296135804,-1,857232
26.228026,26.178440,71.864390,18,13,31,11.10682,-0.16670,968,72081423,296160243,-1,857232
26.300723,26.245210,72.696810,18,13,31,11.44068,-0.16670,872,72550500,296166568,-1,784196
26.372932,26.328660,72.208810,17,14,31,11.85797,-0.16670,4944,72171077,296200672,-1,710404
26.443808,26.395450,70.876340,17,14,31,12.19194,-0.16670,2030,71478654,296172884,-1,672756
26.513572,26.462230,69.764420,17,14,31,12.52590,-0.16670,808,69660000,296176418,-1,709658
26.583778,26.545720,70.205310,17,14,31,12.94332,-0.16670,848,70002500,296149745,-1,709644
26.655789,26.612500,72.011080,17,14,31,13.27726,-0.16670,808,70716462,296149097,-1,635820
26.720074,26.679340,64.285610,18,14,32,13.61142,-0.16670,2448,65866231,297051829,-1,635820
26.794403,26.746140,74.328730,18,14,32,13.94542,-0.16670,872,73882923,297059154,-1,599686
26.881431,26.812910,87.027660,18,14,32,14.27931,-0.16670,808,86552192,297062850,-1,525894
26.965611,26.913100,84.180110,18,14,32,14.78024,-0.16670,4896,84212346,296983053,-1,452090
27.050137,26.996600,84.526500,18,14,32,15.19771,-0.16670,848,84826731,296185355,-1,414442
27.132852,27.080080,82.714960,18,14,32,15.61512,-0.16670,2030,82370808,296159792,-1,303722
27.213281,27.163570,80.428340,18,14,32,15.61512,-0.16670,848,80918462,296169580,-1,229898
27.288524,27.230380,75.243310,18,14,32,15.61512,-0.16670,1008,75410461,296193431,-1,229898
27.367671,27.313890,79.147540,18,14,32,15.61512,-0.16670,872,78825307,296193646,-1,304470
27.441370,27.397380,73.699000,17,15,32,15.61512,-0.16670,4904,73771269,296204105,-1,304480
27.506455,27.464200,65.084730,17,15,32,15.61512,-0.16670,2070,65252884,296203092,-1,340638
27.571807,27.531020,65.351690,17,15,32,15.61512,-0.16670,808,65123539,296198310,-1,303736
27.637226,27.597900,65.419380,17,15,32,15.61512,-0.16670,808,65508653,296180722,-1,377526
27.703845,27.664720,66.618800,17,15,32,15.61512,-0.16670,848,66519500,296171865,-1,377526
27.769603,27.731580,65.758080,17,15,32,15.61512,-0.16670,808,65753384,296171277,-1,451310
27.836213,27.798450,66.610340,17,15,32,15.61512,-0.16670,808,66531346,296174677,-1,451310
27.902822,27.865310,66.608690,17,15,32,15.61512,-0.16670,848,66575731,296179577,-1,451310
27.970056,27.932170,67.233460,17,15,32,15.61512,-0.16670,1192,67164077,296091215,-1,451310
28.037365,27.999070,67.309690,17,15,32,15.61512,-0.16670,808,67215230,295288291,-1,451310
28.105101,28.065950,67.736150,17,15,32,15.61512,-0.16670,2190,67685807,295317584,-1,451310
28.172147,28.132830,67.045500,17,15,32,15.61512,-0.16670,832,66970500,295318293,-1,452078
28.239165,28.199680,67.018190,17,15,32,15.61512,-0.16670,808,66811038,295319287,-1,452070
28.305922,28.266530,66.756540,17,15,32,15.61512,-0.16670,848,66845385,295296788,-1,452070
28.373888,28.333360,67.966650,17,15,32,15.61512,-0.16670,4884,67862654,295324971,-1,452070
28.442238,28.400180,68.349190,17,15,32,15.61512,-0.16670,808,68125000,295328338,-1,488226
28.508514,28.467000,66.276230,17,15,32,15.61512,-0.16670,848,66266385,295328116,-1,525128
28.576322,28.533810,67.808580,17,15,32,15.61512,-0.16670,808,67749923,295314995,-1,525114
28.644267,28.600620,67.944770,17,15,32,15.61512,-0.16670,928,67758616,295340993,-1,525114
28.712810,28.667430,68.542540,17,15,32,15.61512,-0.16670,872,68677769,295340670,-1,525882
28.781853,28.734240,69.043500,18,15,33,15.61512,-0.16670,2328,68831808,296229852,-1,525894
28.850900,28.801040,69.046840,17,16,33,15.61512,-0.16670,4864,69111308,296252517,-1,673502
28.920124,28.884580,69.224340,17,16,33,15.61512,-0.16670,2030,69175923,296252404,-1,709658
28.989497,28.951420,69.372310,17,16,33,15.61512,-0.16670,768,69009076,296247126,-1,746560
29.059631,29.018250,70.134190,17,16,33,15.61512,-0.16670,2374,70116038,296148835,-1,746546
29.129413,29.085100,69.782350,17,16,33,15.61512,-0.16670,808,69942192,295342830,-1,672742
29.198978,29.151900,69.565120,17,16,33,15.61512,-0.16670,808,69498115,295342335,-1,672722
29.268773,29.218730,69.795110,17,16,33,15.61512,-0.16670,808,69662577,295347439,-1,672722
29.338672,29.285540,69.899000,17,16,33,15.61512,-0.16670,968,69790884,295376573,-1,672722
29.412063,29.369130,73.390300,17,16,33,15.61512,-0.16670,832,69909693,295380808,-1,673490
29.478352,29.436000,66.289420,17,16,33,15.61512,-0.16670,808,69299038,295370814,-1,673500
29.547495,29.502880,69.143120,17,16,33,15.61512,-0.16670,848,69387038,295368173,-1,673502
29.617333,29.569700,69.838110,17,16,33,15.61512,-0.16670,4512,69849923,295382876,-1,673502
29.687650,29.636510,70.316270,17,16,33,15.61512,-0.16670,808,70152807,295383036,-1,635834
29.757144,29.720030,69.493840,17,16,33,15.61512,-0.16670,848,69392538,295386390,-1,746540
29.827534,29.786870,70.390770,17,16,33,15.61512,-0.16670,928,70316270,295390422,-1,746526
29.897480,29.853680,69.945960,17,16,33,15.61512,-0.16670,832,69877885,295397757,-1,747294
29.968835,29.920520,71.354800,17,16,33,15.61512,-0.16670,848,71183192,295397429,-1,747306
30.039900,29.987340,71.064460,16,17,33,15.61512,-0.16670,4864,70914039,295408614,-1,821110
30.110901,30.070860,71.001500,17,17,34,15.61512,-0.16670,3510,70786154,295499387,-1,783462
30.182586,30.137700,71.685460,17,17,34,15.61512,0.16750,808,70482615,295499649,-1,820364
30.254583,30.204500,71.996080,17,17,34,15.61512,0.50152,768,71831423,295482565,-1,820350
30.326626,30.271320,72.043190,17,17,34,15.61512,0.83562,768,72042461,295482433,-1,820350
30.398556,30.354840,71.930230,17,17,34,15.61512,1.25322,928,71968116,295497206,-1,820350
30.470367,30.421710,71.811070,17,17,34,15.61512,1.58755,1176,71790077,295408325,-1,821098
30.543553,30.488530,73.186200,17,17,34,15.61512,1.92164,4512,73239269,294640209,-1,747306
30.614906,30.572050,71.353120,18,17,35,15.61512,2.33928,2368,71544577,295506596,-1,783462
30.684284,30.638890,69.377880,18,17,35,15.61512,2.67344,808,68656039,295505730,-1,783462
30.756757,30.705670,72.472730,18,17,35,15.61512,3.00741,808,73016115,295493113,-1,783448
30.828796,30.789220,72.039150,19,17,36,15.61512,3.42510,2368,71369346,295569630,-1,857252
30.900239,30.856050,71.442920,19,17,36,15.61512,3.75926,928,71239384,295590000,-1,857232
30.972450,30.922900,72.210540,19,17,36,15.61512,4.09351,4536,72194770,295620339,-1,858000
31.045843,30.989720,73.393460,19,17,36,15.61512,4.42761,888,72893846,295624442,-1,820366
31.117136,31.073240,71.292730,20,17,37,15.61512,4.84527,3590,71565808,295687337,-1,857266
31.190413,31.140080,73.277380,20,17,37,15.61512,5.17948,848,72904154,295670296,-1,857252
31.262912,31.206880,72.498730,20,17,37,15.61512,5.51353,928,72839923,295670717,-1,857252
31.336614,31.290390,73.701810,20,17,37,15.61512,5.93110,888,73144808,295665808,-1,857252
31.410191,31.357210,73.577270,20,17,37,15.61512,6.26521,1008,74240231,295684534,-1,931036
31.481968,31.440720,71.777420,19,18,37,15.61512,6.68277,5008,71468346,295721685,-1,931804
31.555337,31.507540,73.368960,19,18,37,15.61512,7.01685,2110,73184692,295700327,-1,894168
31.629349,31.574360,74.011190,20,18,38,15.61512,7.35091,2792,73183577,296497501,-1,931070
31.701818,31.657870,72.469040,20,18,38,15.61512,7.76848,928,73420692,295674536,-1,931056
31.774677,31.724730,72.859230,20,18,38,15.61512,8.10279,888,72482000,295674756,-1,931036
31.847936,31.791530,73.259540,20,18,38,15.61512,8.43682,888,73389424,295674476,-1,931036
31.922130,31.875060,74.194040,20,18,38,15.61512,8.85448,1048,73644116,295695550,-1,931036
31.996104,31.941850,73.973880,20,18,38,15.61512,9.18846,912,74351962,295705855,-1,1005608
32.069301,32.025380,73.197070,20,18,38,15.61512,9.60610,5854,73033038,295739418,-1,1005620
32.143471,32.092240,74.169850,21,18,39,15.61512,9.94043,2488,74330615,296599829,-1,967972
32.216087,32.175770,72.616270,21,18,39,15.61512,10.35807,928,71976461,296594779,-1,1041776
32.290485,32.242580,74.397230,21,18,39,15.61512,10.69216,928,74381923,296577930,-1,1041742
32.365677,32.309400,75.192700,21,18,39,15.61512,11.02622,968,74521500,296577650,-1,1041742
32.438690,32.392930,73.012660,21,18,39,15.61512,11.44389,1048,74357385,296597624,-1,1041742
32.515072,32.459780,76.382310,21,18,39,15.61512,11.77813,952,76371962,296602237,-1,1042510
32.597363,32.543300,82.290890,20,19,39,15.61512,12.19580,5064,82250461,296646069,-1,1005620
32.706019,32.626850,108.655300,21,19,40,15.61512,12.61351,3670,108430231,296713401,-1,931070
32.804014,32.727080,97.995160,21,19,40,15.61512,13.11471,928,98440231,296712674,-1,967958
32.901981,32.827320,97.966800,22,19,41,15.61512,13.61585,2488,98038961,296795843,-1,967958
33.001989,32.927540,100.008600,22,19,41,15.61512,14.11699,928,98339961,296783054,-1,931036
33.095799,33.027770,93.810000,22,19,41,15.61512,14.61814,2190,94453077,296781305,-1,857232
33.190697,33.128010,94.897610,23,19,42,15.61512,14.61814,2872,94908500,296783053,-1,820330
33.284594,33.211520,93.896840,23,19,42,15.61512,14.61814,968,93572461,295991374,-1,783428
33.355858,33.311780,71.264380,23,19,42,15.61512,14.61814,1048,71197769,295986930,-1,783428
33.427319,33.378630,71.460580,23,19,42,15.61512,14.61814,1008,71298692,295981855,-1,783408
33.499701,33.445500,72.382270,23,19,42,15.61512,14.61814,1008,72435423,295981891,-1,783408
33.571356,33.529070,71.655620,23,19,42,15.61512,14.61814,1088,71418192,295985535,-1,857212
33.643497,33.595950,72.140880,23,19,42,15.61512,14.61814,1048,71703270,295985011,-1,783408
33.715394,33.662780,71.896500,24,19,43,15.61512,14.61814,2568,72146115,296075461,-1,783408
33.787058,33.746310,71.663850,24,19,43,15.61512,14.61814,1088,71723154,296075461,-1,857212
33.859743,33.813130,72.685150,24,19,43,15.61512,14.61814,1048,72535769,296079557,-1,894114
33.932530,33.879940,72.787230,24,19,43,15.61512,14.61814,1048,72736038,296079557,-1,894114
34.006303,33.963500,73.772960,24,19,43,15.61512,14.61814,1208,73892961,296100406,-1,894114
34.079125,34.030330,72.821730,24,19,43,15.61512,14.61814,2294,72530077,296110847,-1,968686
34.152514,34.097150,73.389580,24,19,43,15.61512,14.61814,1088,72949923,296110747,-1,968698
34.226631,34.180680,74.116310,25,19,44,15.61512,14.61814,7108,74253654,296912064,-1,968698
34.299526,34.247510,72.895840,25,19,44,15.61512,14.61814,1088,72716961,296123935,-1,894148
34.372522,34.331040,72.995120,25,19,44,15.61512,14.61814,1088,72749115,296123513,-1,931050
34.445877,34.397870,73.355460,25,19,44,15.61512,14.61814,1128,73458730,296106708,-1,931036
34.519173,34.464680,73.296150,25,19,44,15.61512,14.61814,1208,73271039,296131754,-1,967938
34.592910,34.548200,73.736380,25,19,44,15.61512,14.61814,1112,73628538,296142237,-1,968706
34.667408,34.615020,74.498920,25,19,44,15.61512,14.61814,1168,73948077,296125220,-1,968716
34.740616,34.698580,73.207080,25,20,45,15.61512,14.61814,6704,73751923,296307522,-1,1005620
34.815507,34.765440,74.891350,25,20,45,15.61512,14.61814,2310,74604231,296310905,-1,967972
34.889368,34.832280,73.861190,26,20,46,15.61512,14.61814,2648,73736038,296447997,-1,1004874
34.963344,34.915820,73.975430,26,20,46,15.61512,14.61814,1088,73923231,296421288,-1,1004860
35.037266,34.982650,73.922070,26,20,46,15.61512,14.61814,1208,73910423,296446026,-1,1004840
35.112837,35.066240,75.571880,26,20,46,15.61512,14.61814,2374,75285230,296452092,-1,1005608
35.186663,35.133090,73.825650,26,20,46,15.61512,14.61814,1128,73903654,296435235,-1,1079422
35.261651,35.216610,74.988080,27,20,47,15.61512,14.61814,6352,74999653,297358748,-1,1079424
35.336464,35.283460,74.812650,27,20,47,15.61512,14.61814,1208,75002500,297357872,-1,1115580
35.412388,35.367000,75.923970,27,20,47,15.61512,14.61814,1168,75748000,297358002,-1,1152482
35.488711,35.433850,76.322810,27,20,47,15.61512,14.61814,1168,76368731,297331092,-1,1152468
35.565628,35.517400,76.917300,27,20,47,15.61512,14.61814,1328,76876423,297355750,-1,1152448
35.642354,35.584230,76.726390,27,20,47,15.61512,14.61814,1192,76641924,297361739,-1,1153216
35.720492,35.667740,78.137310,26,21,47,15.61512,14.61814,5264,77168808,297400487,-1,1153228
35.796495,35.751300,76.003070,27,21,48,15.61512,14.61814,3950,76673230,298261671,-1,1115580
35.872541,35.818120,76.045850,27,21,48,15.61512,14.61814,1168,75933731,298261276,-1,1189370
35.950237,35.901640,77.696880,27,21,48,15.61512,14.61814,1168,77629884,298244191,-1,1189370
36.028280,35.968480,78.042620,27,21,48,15.61512,14.61814,1208,78122115,298239158,-1,1189370
36.107027,36.052030,78.746460,27,21,48,15.61512,14.61814,2510,78404847,298269415,-1,1263154
36.186193,36.135540,79.166310,27,21,48,15.19753,14.61814,1192,77568115,298275174,-1,1263922
36.264622,36.202380,78.428810,27,21,48,14.86334,14.61814,1248,78889231,299060106,-1,1263932
36.344819,36.285920,80.197040,28,21,49,14.44562,14.61814,6432,79663385,301608277,-1,1374640
36.420552,36.369450,75.733540,28,21,49,14.02796,14.61814,1592,76361423,301547080,-1,1521502
36.499724,36.452970,79.172040,28,21,49,13.61033,14.61814,1248,78993269,300741332,-1,1484586
36.580493,36.519820,80.769070,28,21,49,13.27607,14.61814,1208,80065615,300724382,-1,1447664
36.661477,36.603380,80.984150,28,21,49,12.85827,14.61814,1328,80390192,300744112,-1,1447664
36.745350,36.686900,83.872660,27,22,49,12.44065,14.61814,5328,83570116,302385175,-1,1448432
36.827333,36.770450,81.982850,27,22,49,12.02293,14.61814,2430,83334654,303992114,-1,1558404
36.910937,36.854000,83.604120,29,22,51,11.60518,14.61814,4248,83220653,306131592,-1,1705998
37.001007,36.937580,90.070340,29,22,51,11.18734,14.61814,1248,90435885,306114223,-1,1853606
37.094466,37.021130,93.458690,29,22,51,10.76957,14.61814,2430,92721923,306113277,-1,1853606
37.185769,37.121400,91.303310,29,22,51,10.26820,14.61814,1328,91579961,306936119,-1,1853586
37.270801,37.204970,85.031620,29,22,51,9.85035,14.61814,4976,84533116,306966315,-1,1891256
37.361225,37.288500,90.423650,29,22,51,9.43269,14.61814,5352,90264384,307705541,-1,1853620
37.445234,37.388780,84.009540,30,22,52,8.93129,14.61814,4030,83337577,307758596,-1,1816724
37.532475,37.472320,87.240270,30,22,52,8.51356,14.61814,1328,87971307,307732532,-1,1853644
37.621422,37.555860,88.947300,30,22,52,8.09583,14.61814,1288,88905346,307732716,-1,1816722
37.712251,37.639450,90.829040,30,22,52,7.67793,14.61814,5088,90706846,307768414,-1,1816722
37.799803,37.739720,87.552380,30,22,52,7.17657,14.61814,6538,87140846,307793969,-1,1780590
37.882312,37.823240,82.508770,30,22,52,6.75891,14.61814,1328,82658000,307780850,-1,1706070
37.968255,37.906750,85.942770,31,22,53,6.34133,14.61814,2848,86090423,308678038,-1,1669154
38.052831,37.990260,84.576070,31,22,53,5.92374,14.61814,1368,84309885,308645718,-1,1669154
38.141323,38.073780,88.492580,31,22,53,5.50619,14.61814,2550,87237270,308640170,-1,1669116
38.224520,38.157300,83.196580,31,22,53,5.08852,14.61814,1448,84019115,309463597,-1,1632194
38.305186,38.240860,80.666380,31,22,53,4.67074,14.61814,5096,80397500,309501785,-1,1706766
38.389722,38.324400,84.535690,31,22,53,4.25305,14.61814,1712,85274231,309409303,-1,1558424
38.483740,38.407910,94.018150,32,22,54,3.83546,14.61814,2888,94037462,309471775,-1,1521508
38.597871,38.508150,114.130500,32,22,54,3.33430,14.61814,1408,114093654,309449152,-1,1558390
38.713108,38.625080,115.237100,32,22,54,2.74966,14.61814,1368,115700308,309449152,-1,1521468
38.831954,38.742020,118.846400,32,22,54,2.16493,14.61814,1528,118536538,309474198,-1,1521468
38.950753,38.858950,118.799000,33,22,55,1.58030,14.61814,7160,118416538,309598887,-1,1485334
39.067110,38.975890,116.356800,34,22,56,0.99558,14.61814,2968,116168000,310526896,-1,1447698
39.179353,39.092850,112.243300,34,22,56,0.41079,14.61814,2630,112203230,310498579,-1,1521468
39.280562,39.209780,101.208700,34,22,56,0.41079,14.61814,1448,101633730,310498535,-1,1447664
39.358768,39.310010,78.206040,34,22,56,0.41079,14.61814,1568,78222269,310522790,-1,1484566
39.438221,39.376860,79.452960,34,22,56,0.41079,14.61814,1512,79371384,310524159,-1,1522236
39.518328,39.460430,80.106800,34,22,56,0.41079,14.61814,5232,79786962,310548479,-1,1522248
39.598976,39.544010,80.648310,35,22,57,0.41079,14.61814,3008,80814769,311424497,-1,1484600
39.677424,39.627520,78.447920,35,22,57,0.41079,14.61814,1488,77993500,311408476,-1,1558370
39.758812,39.694320,81.387540,35,22,57,0.41079,14.61814,1528,81578846,311395434,-1,1558370
39.840989,39.777830,82.177570,35,22,57,0.41079,14.61814,1488,81945500,311395582,-1,1558370
39.921382,39.861360,80.393040,35,22,57,0.41079,14.61814,1608,80646923,311421084,-1,1558370
40.004075,39.944930,82.692610,34,23,57,0.41079,14.61814,5608,82152808,311468311,-1,1559138
40.084538,40.028490,80.462880,34,23,57,0.41079,14.61814,2710,80695730,311446707,-1,1521502
40.166452,40.112030,81.913770,35,23,58,0.41079,14.61814,3008,81880269,312336022,-1,1558390
40.247140,40.195570,80.688390,35,23,58,0.41079,14.61814,1528,80638885,312308732,-1,1669096
40.330561,40.279110,83.421190,35,23,58,0.41079,14.61814,1488,83169307,312313916,-1,1669076
40.416275,40.362660,85.713460,35,23,58,0.41079,14.61814,1608,85525961,312341094,-1,1669076
40.499390,40.446180,83.114920,34,24,58,0.41079,14.61814,5608,82843461,312381649,-1,1706746
40.581950,40.529750,82.560880,34,24,58,0.41079,14.61814,2670,82765115,312359845,-1,1669110
40.667452,40.613360,85.501300,35,24,59,0.41079,14.61814,3008,85182615,313310308,-1,1742900
40.747302,40.696950,79.850540,35,24,59,0.41079,14.61814,1528,79775769,313309989,-1,1853606
40.832887,40.763790,85.584270,35,24,59,0.41079,14.61814,1488,85708346,313287222,-1,1853586
40.919137,40.864060,86.250850,36,24,60,0.41079,14.61814,3176,85758692,313692562,-1,1853586
41.002576,40.947600,83.438350,35,25,60,0.41079,14.61814,5608,83397423,313707169,-1,1891256
41.088322,41.031160,85.746000,35,25,60,0.41079,14.61814,2670,86115962,313685357,-1,1853620
41.173082,41.114700,84.760080,36,25,61,0.41079,14.61814,3008,84417731,314565996,-1,1927410
41.257592,41.198260,84.510500,36,25,61,0.41079,14.61814,1528,84777923,314569221,-1,2001214
41.345018,41.281800,87.425380,36,25,61,0.41079,14.61814,1528,87214769,314543318,-1,2001194
41.433088,41.365300,88.070770,36,25,61,0.41079,14.61814,1648,87858731,314564608,-1,2001194
41.519274,41.465480,86.185810,36,25,61,0.41079,14.61814,5296,85930885,314596251,-1,2001962
41.605811,41.549000,86.536350,36,25,61,0.41079,14.61814,1912,86587961,314490386,-1,2001228
41.691483,41.632520,85.672620,36,25,61,0.41079,14.61814,1568,85666769,313670601,-1,1964312
41.776768,41.716080,85.285230,36,25,61,0.41079,14.61814,1608,85187000,313661164,-1,1964312
41.862715,41.799590,85.946500,36,25,61,0.41079,14.61814,1568,85850154,313661164,-1,2001194
41.949349,41.883060,86.634270,36,25,61,0.41079,14.61814,1688,85876500,313681790,-1,2001194
42.035543,41.966520,86.193660,35,26,61,0.41079,14.61814,5688,86433000,313722201,-1,2001962
42.121962,42.066710,86.419350,35,26,61,0.41079,14.61814,3134,86468423,313611511,-1,1964326
42.209882,42.150210,87.919580,35,26,61,0.41079,14.20064,1528,85949499,312796862,-1,1927410
42.293659,42.233720,83.777500,35,26,61,0.41079,13.78312,1568,84993423,312789154,-1,1964312
42.380502,42.317230,86.842960,35,26,61,0.41079,13.36553,1528,86066500,312789154,-1,2001194
42.466402,42.400740,85.899460,35,26,61,0.41079,12.94801,1648,86185538,312804560,-1,2001194
42.553386,42.484250,86.984380,34,27,61,0.41079,12.53046,5648,86789423,312841139,-1,2075766
42.640725,42.584500,87.338920,34,27,61,0.41079,12.02923,3094,86345731,312730669,-1,2075032
42.726653,42.668010,85.928190,34,27,61,0.41079,11.61164,1488,86953385,311911172,-1,2075018
42.813961,42.751540,87.308150,34,27,61,0.41079,11.19400,1528,86786461,312699304,-1,2111920
42.899412,42.835050,85.451000,34,27,61,0.41079,10.77647,1488,85811999,312699368,-1,2222606
42.990632,42.918560,91.219620,35,27,62,0.41079,10.35892,3128,90724577,312845951,-1,2259508
43.082022,43.018800,91.389540,35,27,62,0.41079,9.85776,6478,91569847,312836006,-1,2260276
43.172367,43.102310,90.345230,35,27,62,0.41079,9.44018,1488,89847077,312818827,-1,2222640
43.260787,43.202530,88.419730,35,27,62,0.41079,8.93908,1488,88605654,312783962,-1,2259528
43.349121,43.286060,88.334460,35,27,62,0.41079,8.52143,1528,88069154,312783962,-1,2296410
43.442359,43.369570,93.238080,35,27,62,0.41079,8.10391,1528,93458346,312783786,-1,2333312
43.536390,43.469850,94.031390,35,27,62,0.41079,7.60254,1648,93647846,312804356,-1,2333312
43.629087,43.553380,92.696690,35,27,62,0.41079,7.18494,1592,92553308,312854906,-1,2370982
43.722102,43.653580,93.015040,34,28,62,0.41079,6.68393,5968,93333539,312739112,-1,2370992
43.813078,43.753770,90.975620,34,28,62,0.41079,6.18301,2750,90469692,311926660,-1,2296444
43.901567,43.837310,88.489070,34,28,62,0.41079,5.76533,1488,88573807,311909655,-1,2333312
43.990898,43.920840,89.331000,34,28,62,0.41079,5.34770,1488,89186270,311911688,-1,2333312
44.081086,44.021040,90.187650,34,28,62,0.41079,4.84666,2870,89906347,311936713,-1,2333312
44.170370,44.104570,89.284840,34,28,62,0.41079,4.42905,5600,89521500,311872414,-1,2334080
44.259940,44.188060,89.569310,34,28,62,0.41079,4.01154,1488,89581038,311058828,-1,2185738
44.347405,44.288300,87.465460,34,28,62,0.41079,3.51035,1528,87150539,311058529,-1,2222626
44.451515,44.371810,104.110300,34,28,62,0.41079,3.09278,1488,104648231,311026994,-1,2222626
44.586354,44.472440,134.839000,34,28,62,0.41079,2.58964,1488,134773923,311068797,-1,2222606
44.722484,44.606030,136.130000,34,28,62,0.41079,1.92167,1648,136095154,311089167,-1,2222606
44.854808,44.739590,132.323800,33,29,62,0.41079,1.25383,5568,132119115,311120114,-1,2223374
44.986145,44.873140,131.336600,33,29,62,0.41079,0.58608,2710,131229731,311092849,-1,2148836
45.102859,45.006700,116.714200,34,29,63,0.41079,-0.08171,4190,116284538,311913558,-1,2185704
45.188902,45.123520,86.042660,34,29,63,0.41079,-0.08171,1488,86997423,311917787,-1,2222606
45.277156,45.207050,88.254310,34,29,63,0.41079,-0.08171,1448,88051307,311922740,-1,2222606
45.365452,45.307250,88.295770,34,29,63,0.41079,-0.08171,1832,88353500,311833958,-1,2222606
45.453693,45.390760,88.241730,34,29,63,0.41079,-0.08171,1488,88251961,311026582,-1,2185704
45.541105,45.474290,87.411460,34,29,63,0.41079,-0.08171,1488,87112461,311017054,-1,2222606
45.629037,45.557820,87.931960,34,29,63,0.41079,-0.08171,1488,88059654,311016975,-1,2222586
45.716271,45.658050,87.234040,34,29,63,0.41079,-0.08171,1528,87114962,311016975,-1,2185684
45.803800,45.741590,87.528810,34,29,63,0.41079,-0.08171,1488,87351307,311016559,-1,2185684
45.892141,45.825120,88.341690,34,29,63,0.41079,-0.08171,1488,88261077,311016487,-1,2185684
45.980146,45.925370,88.004690,34,29,63,0.41079,-0.08171,1528,87885923,311016487,-1,2259488
46.068505,46.008900,88.358620,34,29,63,0.41079,-0.08171,2710,88324885,311016598,-1,2222586
46.156637,46.092440,88.132610,34,29,63,0.41079,-0.08171,1488,87784154,311016598,-1,2259488
46.244900,46.175950,88.262420,34,29,63,0.41079,-0.08171,1648,88343923,311037257,-1,2296390
46.333399,46.276440,88.499080,34,29,63,0.41079,-0.08171,1512,88367384,311041040,-1,2334060
46.424068,46.359990,90.668960,34,29,63,0.41079,-0.08171,1872,90663116,310934885,-1,2334070
46.515083,46.443530,91.015500,34,29,63,0.41079,-0.08171,5604,90837730,310165020,-1,2260268
46.602565,46.543760,87.482190,34,29,63,0.41079,-0.08171,1488,87103807,310164949,-1,2222620
46.690211,46.627320,87.646000,34,29,63,0.41079,-0.08171,1488,87753769,310147700,-1,2259508
46.778760,46.710850,88.548120,34,29,63,0.41079,-0.08171,1648,88343693,310168326,-1,2259508
46.867014,46.811100,88.254190,34,29,63,0.41079,-0.08171,1512,88083884,310174573,-1,2260276
46.954967,46.894640,87.953580,33,30,63,0.41079,-0.08171,5544,88032615,310192412,-1,2260286
47.044142,46.978150,89.174500,33,30,63,0.41079,-0.08171,2710,88961346,310181461,-1,2222640
47.132805,47.061740,88.663190,34,30,64,0.41079,-0.08171,4190,88476961,311065371,-1,2259528
47.221360,47.162000,88.554890,34,30,64,0.41079,-0.08171,1448,88306308,311039053,-1,2296430
47.311792,47.245540,90.432340,34,30,64,0.41079,-0.08171,1608,90817653,311060656,-1,2296410
47.401505,47.329090,89.712230,34,30,64,0.41079,-0.08171,1472,89485423,311066487,-1,2334080
47.490587,47.429350,89.082080,34,30,64,0.41079,-0.08171,5152,89240654,311073838,-1,2334090
47.579956,47.512910,89.369650,34,30,64,0.41079,-0.08171,1528,88965038,311067688,-1,2296444
47.668868,47.596450,88.911770,34,30,64,0.41079,-0.08171,1488,89113193,311050447,-1,2370234
47.761837,47.696730,92.969350,34,30,64,0.41079,-0.08171,1488,92887923,311041026,-1,2370234
47.854327,47.780290,92.490000,34,30,64,0.41079,-0.08171,1648,92401193,311063708,-1,2370214
47.944595,47.880540,90.267200,33,31,64,0.41079,-0.08171,5568,90030539,311104255,-1,2370982
48.034786,47.964050,90.191770,33,31,64,0.41079,-0.08171,2670,90070500,311082435,-1,2333346
48.124594,48.064290,89.807300,33,31,64,0.41079,-0.08171,2710,89914347,311063401,-1,2370234
48.216436,48.147830,91.842650,33,31,64,0.82851,-0.08171,1448,90456769,311058725,-1,2370234
48.307327,48.248060,90.890810,33,31,64,1.32972,-0.08171,1448,90752269,311058822,-1,2407116
48.402146,48.331620,94.818580,33,31,64,1.74746,-0.08171,1608,95129077,311125139,-1,2407116
48.497457,48.431870,95.311110,33,31,64,2.24873,-0.08171,5176,94664076,311104575,-1,2444786
48.593568,48.515400,96.111500,33,31,64,2.66638,-0.08171,1832,96181039,310998102,-1,2444052
48.687980,48.615650,94.411310,33,31,64,3.16766,-0.08171,1488,94473192,310168072,-1,2407136
48.779567,48.715870,91.587840,33,31,64,3.66879,-0.08171,1448,91599808,310168072,-1,2407116
48.870978,48.799380,91.410350,33,31,64,4.08634,-0.08171,1448,91272731,310167852,-1,2444018
48.965905,48.899610,94.927040,33,31,64,4.58751,-0.08171,1608,94823693,310193382,-1,2444018
49.060561,48.983150,94.655810,32,32,64,5.00523,-0.08171,5528,94441154,310224333,-1,2370982
49.153319,49.083420,92.757880,33,32,65,5.50655,-0.08171,4150,91692654,310288743,-1,2333346
49.242988,49.183670,89.669880,33,32,65,6.00782,-0.08171,1448,90809192,310259473,-1,2370234
49.334924,49.267210,91.935190,33,32,65,6.42555,-0.08171,1408,91326731,310254290,-1,2333312
49.425372,49.350770,90.448040,33,32,65,6.84332,-0.08171,1408,90461885,310254290,-1,2333312
49.514354,49.451000,88.982540,33,32,65,7.34450,-0.08171,1568,89179462,310274232,-1,2259508
49.603085,49.534550,88.731270,33,32,65,7.76225,-0.08171,1856,88582346,310191313,-1,2038864
49.688597,49.634780,85.511810,33,32,65,8.26341,-0.08171,5152,85429653,309405732,-1,1965070
49.773373,49.718290,84.775730,33,32,65,8.68096,-0.08171,1488,85035769,309389617,-1,1706012
49.854554,49.801800,81.180810,33,32,65,9.09851,-0.08171,1448,80950923,309371216,-1,1669076
49.937389,49.885310,82.835300,33,32,65,9.51605,-0.08171,1448,82102731,309371104,-1,1447664
50.016967,49.968860,79.577770,33,32,65,9.93372,-0.08171,1608,80348423,309391714,-1,1447664
50.096321,50.035690,79.353920,33,32,65,10.26788,-0.08171,2694,78564961,309396754,-1,1374628
50.175936,50.119260,79.614770,33,32,65,10.68570,-0.08171,5152,79867115,309419902,-1,1300836
50.258634,50.202790,82.698620,33,32,65,11.10334,-0.08171,1488,83253500,309396962,-1,1263188
50.359415,50.286330,100.780500,33,32,65,11.52105,-0.08171,1448,100275039,309396883,-1,1078664
50.457613,50.386550,98.198580,33,32,65,12.02213,-0.08171,1448,98901769,309368188,-1,931056
50.551542,50.486760,93.928380,33,32,65,12.52316,-0.08171,1488,93460462,309367528,-1,709624
50.642264,50.570250,90.722340,33,32,65,12.94066,-0.08171,1448,90824615,309371656,-1,562016
50.725724,50.670460,83.459500,33,32,65,13.44168,-0.08171,1832,83084615,309275522,-1,488212
50.809467,50.753980,83.743770,33,32,65,13.85927,-0.08171,1488,83712423,308479054,-1,414408
50.894351,50.837510,84.883230,33,32,65,14.27691,-0.08171,1448,84951962,308477561,-1,414408
50.958387,50.921040,64.036190,33,32,65,14.69454,-0.08171,1448,64068538,308476679,-1,414388
51.025027,50.987880,66.640580,33,32,65,15.02882,-0.08171,1488,66263153,308476091,-1,266780
51.089873,51.054750,64.846040,33,32,65,15.36313,-0.08171,2670,64423154,308472438,-1,192976
51.152996,51.121610,63.122650,34,32,66,15.36313,-0.08171,2968,64395923,308563240,-1,192976
51.217056,51.171740,64.059960,34,32,66,15.36313,-0.08171,1448,63950308,308562809,-1,192976
51.281184,51.238570,64.127850,34,32,66,15.36313,-0.08171,1488,64064500,308562809,-1,192976
51.345735,51.305420,64.550730,34,32,66,15.36313,-0.08171,1448,64510154,308557953,-1,192976
51.410366,51.372250,64.631500,34,32,66,15.36313,-0.08171,1448,64369269,308558245,-1,192976
51.474539,51.439090,64.173000,34,32,66,15.36313,-0.08171,1488,64297884,308558233,-1,266780
51.538532,51.505950,63.992890,34,32,66,15.36313,-0.08171,1448,63940692,308559493,-1,266780
51.604639,51.556090,66.107420,34,32,66,15.36313,-0.08171,1488,66028846,308560249,-1,266780
51.669281,51.622960,64.641960,34,32,66,15.36313,-0.08171,1488,64584000,308559657,-1,340584
51.734389,51.689820,65.107850,34,32,66,15.36313,-0.08171,1528,65043923,308560149,-1,266780
51.798609,51.756670,64.219420,34,32,66,15.36313,-0.08171,1488,64153154,308559045,-1,266780
51.863937,51.823520,65.328540,34,32,66,15.36313,-0.08171,1488,65204269,308559045,-1,266780
51.928854,51.890350,64.916810,34,32,66,15.36313,-0.08171,1528,64866923,308559345,-1,266780
51.994346,51.957200,65.491840,34,32,66,15.36313,-0.08171,1488,65416193,308559597,-1,340584
52.060150,52.024060,65.804500,34,32,66,15.36313,-0.08171,2710,65750884,308560788,-1,340584
52.125855,52.090930,65.704380,34,32,66,15.36313,-0.08171,1528,65640077,308560948,-1,340584
52.191408,52.157750,65.552930,34,32,66,15.36313,-0.08171,1488,65433731,308560841,-1,414388
52.257651,52.224580,66.243650,34,32,66,15.36313,-0.08171,1488,66251730,308561301,-1,414388
52.323843,52.274710,66.192190,34,32,66,15.36313,-0.08171,1488,66026000,308560725,-1,488192
52.390609,52.341520,66.765920,34,32,66,15.36313,-0.08171,1528,66783731,308560725,-1,488192
52.458017,52.408330,67.407920,34,32,66,15.36313,-0.08171,1488,67127423,308560725,-1,488192
52.524831,52.475110,66.813420,34,32,66,15.36313,-0.08171,1488,66942730,308560725,-1,488192
52.592107,52.541900,67.276120,34,32,66,15.36313,-0.08171,1648,67207499,308581447,-1,488192
52.659753,52.625440,67.646420,34,32,66,15.36313,-0.08171,1512,67408693,308587818,-1,488960
52.726745,52.692250,66.991420,34,32,66,15.36313,-0.08171,1488,67150307,308575261,-1,562774
52.794284,52.759030,67.539570,34,32,66,15.36313,-0.08171,1528,67470654,308570745,-1,562776
52.863169,52.825840,68.885040,33,33,66,15.36313,-0.08171,5916,68811192,308600984,-1,636580
52.930410,52.892650,67.240730,33,33,66,15.36313,-0.08171,2670,66985500,308605186,-1,598932
52.998806,52.959470,68.395770,33,33,66,15.36313,-0.08171,1488,67992269,308600808,-1,635834
53.068226,53.026290,69.420540,33,33,66,15.36313,-0.08171,2670,69769962,308586839,-1,635820
53.137860,53.093130,69.634000,33,33,66,15.36313,-0.08171,1568,69597346,308612873,-1,709624
53.207338,53.159960,69.478110,34,33,67,15.36313,-0.08171,3032,69364808,308699481,-1,636588
53.275482,53.226780,68.143810,34,33,67,15.36313,-0.08171,1448,67534346,308703897,-1,636600
53.345735,53.293620,70.253040,34,33,67,15.36313,-0.08171,5152,70581230,308714438,-1,636600
53.416299,53.377200,70.564120,34,33,67,15.36313,-0.08171,1488,70661116,308713974,-1,672756
53.485675,53.444060,69.376110,34,33,67,15.36313,-0.08171,1448,68933500,308714752,-1,783462
53.556242,53.510930,70.566150,34,33,67,15.36313,-0.08171,1448,70857038,308702203,-1,783448
53.626931,53.577800,70.689540,34,33,67,15.36313,-0.08171,1528,70426769,308692766,-1,857252
53.697966,53.644660,71.035190,34,33,67,15.36313,-0.08171,1608,70909385,308712332,-1,857232
53.768441,53.728230,70.474190,34,33,67,15.36313,-0.08171,1512,69974962,308723295,-1,858000
53.840157,53.795090,71.716800,33,34,67,15.36313,-0.08171,5584,71829038,308736938,-1,858010
53.913164,53.861890,73.006460,33,34,67,15.36313,-0.08171,2670,73183885,308739349,-1,820364
53.985388,53.945430,72.224660,33,34,67,15.36313,-0.08171,1448,72153461,308734351,-1,931070
54.057600,54.012280,72.211850,33,34,67,15.36313,-0.08171,2710,72107961,308717150,-1,1004860
54.130963,54.079100,73.362880,33,34,67,15.36313,0.25241,1448,72021846,308717469,-1,1078664
54.205754,54.162620,74.790920,33,34,67,15.36313,0.67002,1568,75113808,308738596,-1,1078644
54.279694,54.229440,73.939580,33,34,67,15.36313,1.00411,1512,73617538,308749157,-1,1153216
54.354750,54.296230,75.056080,33,34,67,15.36313,1.33806,5152,75133461,308768505,-1,1153228
54.428793,54.379760,74.042850,33,34,67,15.36313,1.75573,1448,72893423,308749694,-1,1189384
54.502431,54.446560,73.638690,33,34,67,15.36313,2.08975,1872,74296192,308660586,-1,1226286
54.577568,54.530090,75.136730,33,34,67,15.36313,2.50737,1448,75446769,307837824,-1,1152468
54.652903,54.596890,75.334810,33,34,67,15.36313,2.84138,1448,75064500,307841788,-1,1152448
54.729970,54.680430,77.067610,33,34,67,15.36313,3.25907,1608,76468423,307862446,-1,1152448
54.805589,54.747220,75.618080,33,34,67,15.36313,3.59306,1472,76106539,307868450,-1,1153216
54.879878,54.830740,74.289770,33,34,67,15.36313,4.01068,5152,73761577,307905159,-1,1153228
54.954668,54.897540,74.790040,33,34,67,15.36313,4.34470,1488,75133384,307882388,-1,1115580
55.031077,54.981120,76.408960,33,34,67,15.36313,4.76256,1448,76090269,307886094,-1,1226286
55.106379,55.047950,75.301890,33,34,67,15.36313,5.09675,2670,75461154,307859603,-1,1300076
55.182412,55.131510,76.032420,33,34,67,15.36313,5.51453,1488,75524731,307863435,-1,1300056
55.258710,55.198330,76.298190,34,34,68,15.36313,5.84868,3088,77011269,307970068,-1,1300056
55.338036,55.281880,79.326390,34,34,68,15.36313,6.26643,5176,77132616,308000643,-1,1300824
55.415455,55.365410,77.418390,34,34,68,15.36313,6.68405,1488,78781115,307987784,-1,1336992
55.491596,55.432240,76.141190,34,34,68,15.36313,7.01822,1832,75835192,307892895,-1,1447684
55.567685,55.515790,76.089580,34,34,68,15.36313,7.43599,1448,76274462,307083305,-1,1300076
55.646158,55.599340,78.472580,34,34,68,15.36313,7.85372,1488,77996538,307073868,-1,1300076
55.722574,55.666170,76.415700,34,34,68,15.36313,8.18784,1488,77176576,307073152,-1,1263154
55.800721,55.749690,78.147460,34,34,68,15.36313,8.60544,1608,77787539,307103430,-1,1263154
55.881671,55.816510,80.949460,34,34,68,15.36313,8.93952,1552,79245654,307102987,-1,1337726
55.962590,55.900050,80.919190,34,34,68,15.36313,9.35724,5192,82782077,307125416,-1,1411542
56.044332,55.983570,81.742080,34,34,68,15.36313,9.77486,1488,81754269,307115390,-1,1300090
56.151887,56.067110,107.555200,34,34,68,15.36313,10.19255,2750,107428807,307107637,-1,1336978
56.259447,56.184030,107.559700,34,34,68,15.36313,10.77715,1488,108064154,307090475,-1,1336958
56.374889,56.284260,115.442700,34,34,68,15.36313,11.27832,1648,114943538,307110590,-1,1263154
56.484146,56.401180,109.256800,34,34,68,15.36313,11.86294,1512,108938500,307120641,-1,1263922
56.589063,56.501430,104.916500,33,35,68,15.36313,12.36413,5584,104895885,307142992,-1,1190128
56.699253,56.618370,110.189800,33,35,68,15.36313,12.94886,2670,109732154,307124000,-1,1189384
56.773337,56.718660,74.084300,33,35,68,15.36313,13.45032,1488,73727615,307107583,-1,1115546
56.848940,56.802220,75.602960,33,35,68,15.36313,13.86810,1448,75686153,307108628,-1,1078644
56.925332,56.869090,76.392430,33,35,68,15.36313,14.20250,1448,76265923,307116932,-1,1041742
56.999010,56.952640,73.677890,33,35,68,15.36313,14.62021,1488,74057269,307117568,-1,1004840
57.075042,57.019510,76.031920,33,35,68,15.36313,14.95455,2670,75526654,307116323,-1,1004840
57.148860,57.103080,73.818420,33,35,68,15.36313,14.95455,1448,74941654,307121603,-1,1078644
57.223053,57.169940,74.192890,33,35,68,15.36313,14.95455,1488,74089423,307121524,-1,1152448
57.296859,57.253490,73.805810,34,35,69,15.36313,14.95455,2968,74116346,308000070,-1,1226252
57.373709,57.320340,76.849880,34,35,69,15.36313,14.95455,1448,76330500,307996667,-1,1189330
57.449280,57.403880,75.571300,34,35,69,15.36313,14.95455,1488,75647308,308000163,-1,1226232
57.524523,57.470740,75.242650,34,35,69,15.36313,14.95455,1448,75369962,307999991,-1,1263134
57.601611,57.554290,77.087880,34,35,69,15.36313,14.95455,1448,76797538,308000015,-1,1263134
57.678592,57.621160,76.980840,34,35,69,15.36313,14.95455,1488,77144269,308003675,-1,1263134
57.756699,57.704690,78.107730,34,35,69,15.36313,14.95455,1488,77686269,308004403,-1,1263134
57.833066,57.788240,76.366310,34,35,69,15.36313,14.95455,1488,76543807,308008435,-1,1373840
57.910487,57.855070,77.420920,34,35,69,15.36313,14.95455,1528,77433423,308008343,-1,1373840
57.989045,57.938600,78.558190,34,35,69,15.36313,14.95455,1488,78454807,308008659,-1,1373840
58.068477,58.022170,79.431850,34,35,69,15.36313,14.95455,2710,79255846,308016938,-1,1447644
58.146979,58.089040,78.502040,34,35,69,15.36313,14.95455,1912,78539000,307928068,-1,1521448
58.225303,58.172560,78.324310,34,35,69,15.36313,14.95455,1488,77900539,307135557,-1,1447644
58.304545,58.256090,79.241840,34,35,69,15.36313,14.95455,1488,79160385,307135565,-1,1447644
58.384479,58.322920,79.934040,34,35,69,15.36313,14.95455,1648,80204153,307156359,-1,1447644
58.465271,58.406450,80.792500,34,35,69,15.36313,14.95455,1512,80569962,307166542,-1,1559118
58.545585,58.490000,80.313650,34,35,69,15.36313,14.95455,1488,80234577,307150085,-1,1559128
58.628647,58.573520,83.061500,34,35,69,15.36313,14.95455,5604,82642461,307178176,-1,1669836
58.709902,58.657050,81.254920,34,35,69,15.36313,14.95455,1488,81651654,307178849,-1,1742894
58.792524,58.740550,82.622570,34,35,69,15.36313,14.95455,1488,82397000,307183050,-1,1669076
58.875103,58.824070,82.578460,34,35,69,15.36313,14.95455,1648,82631923,307185994,-1,1742880
58.957776,58.907590,82.673730,34,35,69,15.36313,14.95455,1512,82337424,307192425,-1,1669844
59.040577,58.974410,82.800380,34,35,69,15.36313,14.95455,1488,82982000,307179720,-1,1743658
59.123780,59.057950,83.203540,33,36,69,15.36313,14.95455,6806,82735769,307208527,-1,1743660
59.207661,59.141490,83.880580,33,36,69,15.36313,14.95455,2670,83820000,307207380,-1,1706012
59.290758,59.225030,83.096770,33,36,69,15.36313,14.95455,1448,82980731,307207538,-1,1779802
59.376122,59.308530,85.364150,34,36,70,15.36313,14.95455,3008,85147308,308068906,-1,1890508
59.464171,59.408760,88.049690,34,36,70,15.36313,14.95455,1568,84273807,308094580,-1,2001194
59.546159,59.492290,81.987620,34,36,70,15.36313,14.95455,1472,85105269,308117112,-1,2001962
59.634020,59.575800,87.861420,34,36,70,15.36313,14.95455,5192,88142962,308136358,-1,2075776
59.720843,59.659310,86.822500,34,36,70,15.36313,14.95455,1448,86875384,308137112,-1,2038130
59.807018,59.742820,86.175420,34,36,70,15.36313,14.95455,1488,85871423,308136025,-1,2075018
59.894173,59.826350,87.154660,34,36,70,15.36313,14.95455,1528,86814384,308109466,-1,2075018
59.981256,59.926560,87.082620,34,36,70,15.36313,14.95455,1608,87363039,308126407,-1,2074998
60.068457,60.010070,87.201160,35,36,71,15.36313,14.95455,4254,86804384,308222901,-1,2075766
60.157894,60.093630,89.437030,34,37,71,14.94534,14.95455,5584,88892039,309039676,-1,2075776
60.245781,60.177140,87.886890,35,37,72,14.52777,14.95455,4190,87917923,309916728,-1,2148836
60.335022,60.277390,89.241500,36,37,73,14.02652,14.95455,2968,88918923,311597927,-1,2259528
60.424561,60.360930,89.538540,36,37,73,13.60881,14.95455,1488,89513923,311570641,-1,2333332
60.518037,60.444440,93.476310,37,37,74,13.19126,14.95455,3128,93254346,311680657,-1,2333312
60.609715,60.544670,91.677500,38,37,75,12.69014,14.95455,10416,91523693,311831849,-1,2334080
60.705010,60.628220,95.295270,38,37,75,12.27238,14.95455,2790,94916000,312612209,-1,2296464
60.798822,60.728470,93.812540,39,37,76,11.77114,14.95455,3472,94232462,313485533,-1,2407174
60.896944,60.828720,98.121540,40,37,77,11.26989,14.95455,3128,97935538,313520518,-1,2407174
60.992506,60.912320,95.561580,40,37,77,10.85194,14.95455,1608,95371462,313566669,-1,2444056
61.090124,61.012580,97.618390,41,37,78,10.35062,14.95455,4510,97718692,314442889,-1,2407136
61.182942,61.112800,92.817700,42,37,79,9.84954,14.95455,6936,92532731,314598485,-1,2407904
61.277146,61.213050,94.204120,43,37,80,9.34827,14.95455,3208,94032539,316277656,-1,2296464
61.365991,61.296580,88.845150,43,37,80,8.93064,14.95455,1728,89041039,316239734,-1,2407156
61.461489,61.396810,95.497920,45,37,82,8.42945,14.95455,4808,95417692,318383520,-1,2370214
61.553093,61.480350,91.604610,45,37,82,8.01178,14.95455,1768,90534654,318349748,-1,2370214
61.645275,61.580560,92.181460,46,37,83,7.51073,14.95455,3448,93379884,320064796,-1,2333312
61.735804,61.664100,90.528660,46,37,83,7.09304,14.95455,1912,89867154,320866779,-1,2297178
61.824512,61.764350,88.708460,46,38,84,6.59180,14.95455,7808,89903654,322530982,-1,2297188
61.936308,61.847850,111.795900,46,38,84,6.17432,14.95455,3110,111235115,322516252,-1,2259542
62.077331,61.964790,141.023600,47,38,85,5.58962,14.95455,3448,141214077,324183112,-1,2407116
62.219865,62.098420,142.533500,48,38,86,4.92149,14.95455,4790,142338538,325098108,-1,2407116
62.362022,62.248770,142.157000,49,38,87,4.16974,14.95455,7216,141910231,326028252,-1,2370982
62.508594,62.382430,146.571700,50,38,88,3.50146,14.95455,7168,146502384,326913008,-1,2259542
62.605743,62.532780,97.148930,51,38,89,2.74970,14.95455,4790,96477423,327771226,-1,2222646
62.694817,62.633070,89.074810,52,38,90,2.24826,14.95455,7368,89456384,328695539,-1,2185742
62.787167,62.716640,92.349960,52,38,90,1.83041,14.95455,7298,92257115,328732357,-1,2260334
62.881292,62.816930,94.124960,53,38,91,1.32902,14.95455,3688,93557038,328814214,-1,2222698
62.973516,62.900510,92.223460,53,38,91,0.91112,14.95455,2128,92055654,328783526,-1,2222684
63.066933,63.000750,93.416810,54,38,92,0.40991,14.95455,4910,93535846,329729006,-1,2185762
63.157076,63.084300,90.143920,54,38,92,0.40991,14.95455,2248,91463769,329728407,-1,2259548
63.247476,63.184570,90.399120,55,38,93,0.40991,14.95455,3848,90379539,330659645,-1,2259528
63.338217,63.268100,90.741270,55,38,93,0.40991,14.95455,5976,90491076,330679854,-1,2297198
63.429710,63.368390,91.493540,56,38,94,0.40991,14.95455,7488,91373115,331570749,-1,2296464
63.519733,63.451930,90.022730,57,38,95,0.40991,14.95455,5414,90088538,332348233,-1,2407156
63.611982,63.552220,92.249190,58,38,96,0.40991,14.95455,3808,92264039,332434133,-1,2407154
63.709122,63.635790,97.139850,58,38,96,0.40991,14.95455,2368,96988231,332440701,-1,2480958
63.805236,63.736080,96.114270,59,38,97,0.40991,14.95455,3968,95850769,332561725,-1,2517860
63.903685,63.836300,98.448230,59,39,98,0.40991,14.95455,8008,97878807,333502129,-1,2518610
63.995713,63.936530,92.028620,60,39,99,0.40991,14.95455,5110,92051384,334372941,-1,2517876
64.086315,64.020050,90.601880,60,39,99,0.40991,14.95455,3630,91131731,334343741,-1,2628568
64.184807,64.103580,98.491690,61,39,100,0.40991,14.95455,3968,96400500,335282560,-1,2628548
64.278741,64.203830,93.934540,62,39,101,0.40991,14.95455,3968,95897923,336337589,-1,2665430
64.375301,64.304120,96.559500,63,39,102,0.40991,14.95455,4168,96321346,337269656,-1,2739234
64.472504,64.404350,97.202850,63,40,103,0.40991,14.95455,8128,97155807,338200305,-1,2740002
64.569978,64.504580,97.474040,64,40,104,0.40991,14.95455,5270,97358885,339128549,-1,2849974
64.667609,64.588130,97.631200,64,40,104,0.40991,14.95455,2528,97572231,339055165,-1,2923764
64.768400,64.688380,100.790700,65,40,105,0.40991,14.95455,5144,100912154,340089317,-1,2960646
64.869468,64.788640,101.068400,66,40,106,0.40991,14.95455,4168,100666500,340195094,-1,2997548
64.970829,64.888860,101.360500,67,40,107,0.40991,14.95455,4288,101513769,341955178,-1,3071352
65.071980,64.989050,101.151800,67,41,108,0.40991,14.95455,12008,100800846,342112614,-1,3182826
65.174678,65.089280,102.697100,68,41,109,0.40991,14.95455,5390,102758692,342990638,-1,3182130
65.279588,65.206180,104.910200,69,41,110,0.40991,14.95455,4248,104834769,343898573,-1,3255920
65.384904,65.306380,105.315800,70,41,111,0.40991,14.95455,4248,105394076,344751086,-1,3292802
65.495733,65.406560,110.829600,71,41,112,0.40991,14.95455,4448,110667077,345668015,-1,3366606
65.602408,65.523480,106.675000,73,41,114,0.40991,14.95455,6256,106551423,346718846,-1,3441178
65.710359,65.623680,107.950700,74,41,115,0.40991,14.95455,8112,108008961,346831887,-1,3478090
65.818253,65.740620,107.894500,75,41,116,0.40991,14.95455,4408,107685962,346957156,-1,3588052
65.925925,65.840820,107.671900,76,41,117,0.40991,14.95455,4488,107459423,347044713,-1,3661802
66.035847,65.957750,109.921900,77,41,118,0.40991,14.95455,4608,110063115,347162225,-1,3698704
66.145545,66.057970,109.697500,77,42,119,0.40991,14.95455,10294,109501923,347206093,-1,3699472
66.256558,66.174930,111.013000,78,42,120,0.40991,14.36977,5790,109674192,347291102,-1,3624934
66.364548,66.275150,107.990600,79,42,121,0.40991,13.86864,4648,108523769,348162143,-1,3698724
66.473099,66.392110,108.550300,80,42,122,0.40991,13.28385,8328,108572193,348264659,-1,3846332
66.587375,66.492370,114.276700,81,42,123,0.40991,12.78257,6070,113714577,349194255,-1,3920136
66.701192,66.609310,113.816700,81,42,123,0.40991,12.19789,6936,113702000,349230793,-1,4142316
66.825363,66.726260,124.171300,81,42,123,0.40991,11.61314,3672,124290692,349130324,-1,4178484
66.947658,66.843220,122.294700,81,42,123,0.40991,11.02836,3288,122214346,349106355,-1,4178470
67.067101,66.976910,119.443500,81,42,123,0.40991,10.35991,3368,119620538,349117028,-1,4252254
67.189856,67.093900,122.754500,81,42,123,0.40991,9.77493,8390,122228539,349154864,-1,4399862
67.314571,67.210880,124.715000,81,42,123,0.40991,9.19007,8354,124854192,349192019,-1,4437532
67.438533,67.344550,123.961600,81,42,123,0.40991,8.52170,3368,124082230,349176718,-1,4473698
67.562032,67.461560,123.499400,81,42,123,0.40991,7.93668,3408,123681192,349963119,-1,4584370
67.710879,67.578530,148.846900,82,42,124,0.40991,7.35182,4888,148822231,350050257,-1,4731978
67.942712,67.728900,231.832800,82,42,124,0.40991,6.59997,3912,229369538,349983461,-1,4768880
68.156454,67.962800,213.741900,82,42,124,0.40991,5.43047,14592,216096770,349677866,-1,4732746
68.354603,68.179990,198.149400,82,42,124,0.40991,4.34453,4626,197829807,349646827,-1,4842704
68.482346,68.380460,127.743000,82,42,124,0.40991,3.34213,3568,127510846,349661865,-1,4953410
68.609001,68.514140,126.655400,82,42,124,0.40991,2.67376,7136,126587385,349689793,-1,4954178
68.736514,68.631140,127.512700,82,42,124,0.40991,2.08872,3448,127527962,349645386,-1,4879640
68.857928,68.764810,121.414200,82,42,124,0.40991,1.42038,3408,121554000,349619360,-1,4916468
68.979978,68.881790,122.049300,82,42,124,0.40991,0.83548,3568,121922077,349638906,-1,4842664
69.102168,68.998760,122.190300,82,42,124,0.40991,0.25065,7136,121875808,349669214,-1,4806530
69.225124,69.132450,122.956200,82,42,124,0.40991,-0.41782,4666,121580808,349657570,-1,4805796
69.343810,69.249410,118.685500,82,42,124,0.40991,-0.41782,3408,120824270,349629248,-1,4842684
69.466638,69.366360,122.828800,82,42,124,0.40991,-0.41782,3448,122816884,349631576,-1,4842664
69.589241,69.500080,122.603000,82,42,124,0.40991,-0.41782,3528,122582653,350454640,-1,4879566
69.711128,69.617050,121.887000,82,43,125,0.40991,-0.41782,9048,121632500,350582795,-1,4954138
69.835807,69.734000,124.678200,82,43,125,0.40991,-0.41782,4586,124483769,350551448,-1,4953404
69.958901,69.867700,123.094300,82,43,125,0.40991,-0.41782,3408,123285769,350535257,-1,4990272
70.082395,69.984700,123.494200,82,43,125,0.40991,-0.41782,3368,123458731,350530489,-1,5027174
70.209863,70.101680,127.467400,82,43,125,0.40991,-0.41782,4786,127368961,350551706,-1,5027174
70.337320,70.235350,127.457700,82,43,125,0.40991,-0.41782,7136,126920385,350584742,-1,5027942
70.461975,70.369020,124.655000,82,43,125,0.40991,-0.41782,3448,124862769,350559387,-1,5101012
70.589138,70.485980,127.162200,82,43,125,0.40991,-0.41782,3408,127254500,351335773,-1,5137880
70.719619,70.619640,130.481200,82,43,125,0.40991,-0.41782,3568,130253039,351351624,-1,5211684
70.849228,70.736560,129.609400,81,44,125,0.40991,-0.41782,7488,129501576,351387585,-1,5212452
70.979599,70.870210,130.371000,81,44,125,0.40991,-0.41782,4626,130236077,351369452,-1,5174816
71.105929,71.003840,126.329500,81,44,125,0.40991,-0.41782,4586,126489270,351336984,-1,5248606
71.234873,71.137490,128.944300,81,44,125,0.40991,-0.41782,3528,128861231,351377273,-1,5285488
71.365922,71.254460,131.049000,81,44,125,0.40991,-0.41782,7480,130564846,351314593,-1,5286256
71.496666,71.388150,130.744000,81,44,125,0.40991,-0.41782,7088,130936192,350513077,-1,5211718
71.623663,71.521840,126.997200,81,44,125,0.40991,-0.41782,3368,126989154,350481328,-1,5248626
71.752069,71.655500,128.405900,82,44,126,0.40991,-0.41782,8728,128324346,350604917,-1,5285508
71.882011,71.772470,129.942400,82,44,126,0.40991,-0.41782,7096,129786885,350637963,-1,5323198
72.015013,71.906140,133.001600,82,44,126,0.40991,-0.41782,3408,132988269,350621916,-1,5285562
72.145229,72.039830,130.215600,82,44,126,0.40991,-0.41782,4586,130254692,350590272,-1,5322450
72.275048,72.173500,129.819400,82,44,126,1.07825,-0.41782,14608,128869192,350653770,-1,5359332
72.406010,72.307150,130.962200,82,44,126,1.74652,-0.41782,7136,130619116,350751110,-1,5470846
72.542108,72.424110,136.098200,82,44,126,2.33131,-0.41782,7916,136240039,350646223,-1,5470112
72.683692,72.574460,141.583600,82,44,126,3.08308,-0.41782,3408,141628077,349843824,-1,5433196
72.821009,72.708100,137.317200,82,44,126,3.75127,-0.41782,7248,137342346,349879578,-1,5359372
72.951817,72.841710,130.807800,82,44,126,4.41933,-0.41782,7136,130440731,349875498,-1,5360160
73.083036,72.975390,131.219300,82,44,126,5.08771,-0.41782,3448,131314538,349848083,-1,5101052
73.211871,73.108990,128.835000,82,44,126,5.75574,-0.41782,4626,128708347,349811172,-1,5064116
73.337318,73.242620,125.446500,82,44,126,6.42387,-0.41782,3568,125392846,349824341,-1,4916488
73.461163,73.359540,123.845500,82,44,126,7.00842,-0.41782,7136,124076231,349824205,-1,4548236
73.612637,73.493160,151.473200,82,44,126,7.67652,-0.41782,3448,151225538,349789362,-1,4289188
73.803437,73.643460,190.800600,82,44,126,8.42804,-0.41782,3408,191114654,349756223,-1,3883232
73.984717,73.827190,181.279700,83,44,127,9.34664,-0.41782,5088,180987461,349857799,-1,3809408
74.164750,74.010930,180.032900,83,44,127,10.26539,-0.41782,8354,178538346,349839216,-1,3072136
74.265675,74.194710,100.925300,83,44,127,11.18427,-0.41782,3448,101359230,349791239,-1,2370250
74.357297,74.294960,91.621960,83,44,127,11.68553,-0.41782,3448,91603769,349788440,-1,2038112
74.445431,74.378490,88.133580,83,44,127,12.10315,-0.41782,3568,88318577,349802466,-1,1669092
74.530676,74.462020,85.245650,83,44,127,12.52081,-0.41782,3512,84553385,349807845,-1,1522252
74.612778,74.562270,82.101430,82,45,127,13.02207,-0.41782,7504,82153577,349825297,-1,1448458
74.693269,74.629130,80.491460,82,45,127,13.35637,-0.41782,4626,80452885,349805021,-1,1189400
74.770723,74.712660,77.453770,82,45,127,13.77404,-0.41782,3448,77439116,349802922,-1,931052
74.845454,74.796200,74.730800,82,45,127,14.19171,-0.41782,3408,75009693,349783507,-1,931052
74.920672,74.863020,75.218570,82,45,127,14.52582,-0.41782,3408,75140923,349784019,-1,709640
74.993608,74.946560,72.935840,82,45,127,14.94351,-0.41782,3448,73273231,349787015,-1,635836
75.064074,75.013390,70.466230,82,45,127,15.27769,-0.41782,4626,70005692,349786586,-1,488228
75.134041,75.080210,69.966380,82,45,127,15.27769,-0.41782,3408,70895308,349785930,-1,340620
75.204415,75.163730,70.373850,82,45,127,15.27769,-0.41782,3448,70353154,349786195,-1,340620
75.273173,75.230550,68.758230,82,45,127,15.27769,-0.41782,3408,68666923,349786155,-1,488228
75.342390,75.297380,69.216770,82,45,127,15.27769,-0.41782,3408,69154885,349771756,-1,488228
75.413083,75.364200,70.693310,82,45,127,15.27769,-0.41782,3448,70571616,349771869,-1,488208
75.483829,75.431020,70.745960,82,45,127,15.27769,-0.41782,3408,70666538,349770925,-1,562012
75.554352,75.514570,70.523650,82,45,127,15.27769,-0.41782,3408,70287307,349770981,-1,562012
75.624793,75.581460,70.440890,82,45,127,15.27769,-0.41782,3448,70420231,349771377,-1,562012
75.696320,75.648280,71.526500,82,45,127,15.27769,-0.41782,3408,71641230,349770909,-1,562012
75.767637,75.715110,71.317570,82,45,127,15.27769,-0.41782,3408,71041076,349766685,-1,562012
75.839764,75.798640,72.126850,82,45,127,15.27769,-0.41782,3448,72173538,349766917,-1,562012
75.913285,75.865500,73.520350,83,45,128,15.27769,-0.41782,4928,73535692,350656997,-1,635816
75.984974,75.932330,71.689770,83,45,128,15.27769,-0.41782,3408,71596038,350657237,-1,746522
76.058248,76.015850,73.273770,83,45,128,15.27769,-0.41782,4666,73242462,350658512,-1,820326
76.132603,76.082670,74.355160,83,45,128,15.27769,-0.41782,3408,74080307,350658716,-1,967934
76.207292,76.149440,74.688350,83,45,128,15.27769,-0.41782,3792,74419846,350565820,-1,894130
76.283620,76.232960,76.328730,83,45,128,15.27769,-0.41782,3568,76499077,349790042,-1,967934
76.360038,76.316470,76.417150,83,45,128,15.27769,-0.41782,3472,76178615,349797281,-1,1042506
76.437101,76.383290,77.063310,83,45,128,15.27769,-0.41782,3448,76951270,349781332,-1,1190124
76.514372,76.466800,77.271270,83,45,128,15.27769,-0.41782,7564,77260769,349800303,-1,1263930
76.591662,76.533580,77.290000,83,45,128,15.27769,-0.41782,3448,77087731,349800158,-1,1226282
76.670382,76.617090,78.720080,83,45,128,15.27769,-0.41782,3448,78875307,349800008,-1,1263184
76.750330,76.700610,79.948310,83,45,128,15.27769,-0.41782,3488,79719808,349782859,-1,1263170
76.829385,76.767460,79.054700,83,45,128,15.27769,-0.41782,3568,79197000,349804793,-1,1410778
76.910254,76.850970,80.869040,83,45,128,15.27769,-0.41782,3472,80512616,349811652,-1,1337742
76.991404,76.934480,81.149610,82,46,128,15.27769,-0.41782,7544,81075384,349832607,-1,1411556
77.073644,77.017990,82.240150,82,46,128,15.27769,-0.41782,4626,82120038,349823200,-1,1447714
77.153776,77.101510,80.131540,82,46,128,15.27769,-0.41782,3408,80250384,349823121,-1,1706014
77.237271,77.185030,83.495080,82,46,128,15.27769,-0.41782,3448,83495423,349796015,-1,1706014
77.324842,77.268560,87.571080,82,46,128,15.27769,-0.41782,3528,87229730,349817665,-1,1779798
77.409792,77.352100,84.950690,82,46,128,15.27769,-0.41782,3432,84999423,349854599,-1,1928174
77.496465,77.435660,86.672770,82,46,128,15.27769,-0.41782,7152,86858885,349835731,-1,2001988
77.583992,77.519190,87.527080,82,46,128,15.27769,-0.41782,3408,87385077,349833677,-1,2038146
77.672015,77.602750,88.022690,82,46,128,15.27769,-0.41782,3408,87327269,349838118,-1,2148838
77.762077,77.703000,90.061690,82,46,128,15.27769,-0.41782,3448,90589539,349816431,-1,2148838
77.851671,77.786540,89.594420,82,46,128,15.27769,-0.41782,3528,89121654,349841733,-1,2296426
77.943787,77.870080,92.115960,83,46,129,15.27769,-0.41782,4952,92183539,350738493,-1,2223390
78.035953,77.970310,92.166340,82,47,129,15.27769,-0.41782,7504,92255846,350757150,-1,2518616
78.128838,78.053860,92.884730,82,47,129,15.27769,-0.41782,4586,92326346,350783398,-1,2628578
78.224385,78.154130,95.546620,82,47,129,15.27769,0.08351,3368,94717462,350732311,-1,2665466
78.319760,78.254370,95.375580,82,47,129,15.27769,0.58472,3408,95348154,350762575,-1,2739250
78.415388,78.337980,95.627300,82,47,129,15.27769,1.00276,3528,95512423,350760526,-1,2665446
78.513198,78.438260,97.810620,82,47,129,15.27769,1.50413,7136,97543000,350811253,-1,2666214
78.610233,78.538540,97.034840,82,47,129,15.27769,2.00552,3448,97100731,350795689,-1,2776186
78.706702,78.638810,96.468540,82,47,129,15.27769,2.50690,3792,96292539,350734592,-1,2813074
78.804447,78.722350,97.745420,82,47,129,15.27769,2.92461,3408,97739038,349927735,-1,2813074
78.903530,78.822560,99.083230,82,47,129,15.27769,3.42569,7128,98915808,349894255,-1,2813054
79.001943,78.922830,98.412690,82,47,129,15.27769,3.92701,3528,98607154,349971987,-1,2813074
79.101805,79.023040,99.862580,82,47,129,15.27769,4.42808,8394,98788423,350010778,-1,2813842
79.202147,79.123260,100.341500,82,47,129,15.27769,4.92920,7348,101494192,349954689,-1,2850010
79.298270,79.223480,96.122960,82,47,129,15.27769,5.43032,3448,96373000,349987954,-1,2960722
79.431577,79.323690,133.307300,82,47,129,15.27769,5.93139,3408,133397962,349993062,-1,2960702
79.588030,79.457290,156.453300,82,47,129,15.27769,6.59937,3568,156706346,350018188,-1,3034506
79.750060,79.607600,162.029700,82,47,129,15.27769,7.35090,7136,161051693,350043916,-1,3035274
79.907077,79.774570,157.016600,82,47,129,15.27769,8.18577,3832,157122500,349928020,-1,3071422
80.049237,79.924830,142.160200,83,47,130,15.27769,8.93706,4928,140721692,349196509,-1,3071388
80.149330,80.074980,100.092600,83,47,130,15.27769,9.68782,4786,101068230,349222370,-1,3182074
80.253534,80.175130,104.204500,83,47,130,15.27769,10.18856,7136,102702577,349246817,-1,3035234
80.352329,80.275310,98.794460,83,47,130,15.27769,10.68942,3448,100122192,349222670,-1,2923794
80.454495,80.375480,102.166000,83,47,130,15.27769,11.19030,3448,102023653,349209381,-1,2886858
80.557164,80.475630,102.669500,83,47,130,15.27769,11.69105,3488,101267154,349204937,-1,2923760
80.654313,80.575800,97.148460,83,47,130,15.27769,12.19188,3568,98559769,349231495,-1,2813054
80.754989,80.675990,100.676500,82,48,130,15.27769,12.69282,7568,100275730,349227460,-1,2776920
80.854269,80.776180,99.279770,82,48,130,15.27769,13.19379,4626,99332538,349263638,-1,2739284
80.950320,80.876370,96.051270,82,48,130,15.27769,13.69472,3448,96234461,349228208,-1,2702368
81.049073,80.976620,98.753000,82,48,130,15.27769,14.19594,3408,98161192,349188327,-1,2554740
81.146531,81.076800,97.458150,82,48,130,15.27769,14.69684,4666,97125423,349236780,-1,2591642
81.240053,81.177020,93.521890,82,48,130,15.27769,14.69684,3408,95214846,349207058,-1,2628544
81.335652,81.260570,95.598730,82,48,130,15.27769,14.69684,3408,95440153,349253913,-1,2554740
81.431007,81.360820,95.354970,82,48,130,15.27769,14.69684,3448,95362193,349251105,-1,2554740
81.527361,81.461070,96.354030,82,48,130,15.27769,14.69684,3408,96216115,349241189,-1,2591642
81.623645,81.544610,96.283730,82,48,130,15.27769,14.69684,3408,96201423,349252566,-1,2591622
81.721032,81.644830,97.387730,82,48,130,15.27769,14.69684,3448,97392231,349258006,-1,2739230
81.820363,81.745090,99.330190,82,48,130,15.27769,14.69684,3408,98627115,349263566,-1,2813034
81.918230,81.845320,97.867540,82,48,130,15.27769,14.69684,3448,98403231,349269230,-1,2886838
82.018260,81.945590,100.029400,83,48,131,15.27769,14.69684,4928,99997039,350161586,-1,2960642
82.117525,82.045820,99.265110,83,48,131,15.27769,14.69684,4786,98861346,350190231,-1,2960642
82.220150,82.146040,102.625200,83,48,131,15.27769,14.69684,3432,102638692,350202038,-1,3072116
82.321968,82.246290,101.818500,83,48,131,15.27769,14.69684,3448,102027192,350192402,-1,3109028
82.426658,82.346490,104.689900,83,48,131,15.27769,14.69684,7868,104629769,350127616,-1,3293538
82.531935,82.446670,105.277000,83,48,131,15.27769,14.69684,3488,104810846,349342441,-1,3292794
82.636014,82.563580,104.078500,83,48,131,15.27769,14.69684,3568,104084231,349346954,-1,3514192
82.742962,82.663760,106.948100,83,48,131,15.27769,14.69684,3512,106790769,349361897,-1,3367352
82.851482,82.763970,108.519600,83,48,131,15.27769,14.69684,7152,108445730,349373040,-1,3514970
82.958976,82.880900,107.494500,83,48,131,15.27769,14.69684,3488,107657653,349370986,-1,3551128
83.067334,82.981110,108.358300,83,48,131,15.27769,14.69684,3448,108324346,349358969,-1,3551114
83.176756,83.097980,109.421900,83,48,131,15.27769,14.69684,4826,109419615,349378773,-1,3624918
83.287707,83.198170,110.951000,83,48,131,15.27769,14.69684,3472,110658154,349394852,-1,3773274
83.398438,83.315090,110.730800,82,49,131,15.27769,14.69684,7544,110561846,349419348,-1,3957794
83.510396,83.415300,111.957600,82,49,131,15.27769,14.69684,4626,111989346,349418365,-1,4030854
83.626572,83.532230,116.176000,82,49,131,15.27769,14.69684,3448,116012192,349395047,-1,4067742
83.742773,83.649120,116.201300,82,49,131,15.27769,14.69684,3528,116434154,349426790,-1,4104624
83.858368,83.766040,115.594900,81,50,131,15.27769,14.69684,7528,114822077,349467873,-1,4326804
83.974807,83.882940,116.439100,81,50,131,15.27769,14.69684,4586,116849654,349450773,-1,4326070
84.092297,83.999810,117.489800,82,50,132,15.27769,14.69684,4928,117538269,350314476,-1,4362958
84.209862,84.116710,117.564800,82,50,132,15.27769,14.69684,4586,117516308,350320004,-1,4510546
84.334567,84.233670,124.705000,82,50,132,14.69291,14.69684,3528,123978731,350367358,-1,4547448
84.458333,84.350610,123.766800,82,50,132,14.10818,14.69684,10776,123437462,350423758,-1,5064844
84.586241,84.484200,127.907500,82,50,132,13.44022,14.69684,7388,127887961,351209627,-1,5285542
84.719382,84.617810,133.141000,82,50,132,12.77218,14.69684,7088,132917231,354411330,-1,5470038
84.856338,84.751410,136.955600,82,50,132,12.10414,14.69684,7344,136811115,356047307,-1,5728372
85.003072,84.885050,146.734100,82,50,132,11.43597,14.69684,15036,146187577,356100911,-1,5802964
85.151451,85.018660,148.379000,82,50,132,10.76790,14.69684,5050,148628346,355994088,-1,5691564
85.378313,85.169010,226.862000,82,50,132,10.01618,14.69684,10928,227370577,355985709,-1,5543942
85.610715,85.402840,232.402300,82,50,132,8.84701,14.69684,3568,232540538,356793570,-1,5433216
85.828798,85.636690,218.083500,82,50,132,7.67776,14.69684,7560,217383577,356677970,-1,5212552
85.959142,85.853870,130.343600,82,50,132,6.59187,14.69684,3448,130486846,355821418,-1,4768900
86.083272,85.987500,124.129700,82,50,132,5.92368,14.69684,3528,123757923,355835272,-1,4547448
86.203306,86.104430,120.034500,83,50,133,5.33902,14.69684,9914,120115346,355951783,-1,4400608
86.320955,86.221360,117.648500,83,50,133,4.75437,14.69684,3408,117612616,355927924,-1,4178462
86.435760,86.338290,114.804900,83,50,133,4.16968,14.69684,3448,114636962,355900756,-1,4067722
86.549202,86.455230,113.442400,83,50,133,3.58500,14.69684,3408,113307769,355899628,-1,3883212
86.660451,86.572160,111.249400,83,50,133,3.00036,14.69684,3608,111106039,355919201,-1,3772506
86.770952,86.689060,110.500200,83,50,133,2.41586,14.69684,3472,110570692,355923416,-1,3478058
86.878757,86.789320,107.805000,83,50,133,1.91452,14.69684,7192,107819615,355924922,-1,3478068
86.985178,86.906270,106.421200,83,50,133,1.32980,14.69684,3448,106224192,356717989,-1,3366598
87.089691,87.006510,104.513300,83,50,133,0.82858,14.69684,4706,104092308,356702091,-1,3218976
87.192262,87.106780,102.570500,83,50,133,0.82858,14.69684,3448,103770462,356711235,-1,3182074
87.296056,87.223720,103.794100,83,50,133,0.82858,14.69684,3608,103645192,356739937,-1,3182074
87.400807,87.324010,104.751200,83,50,133,0.82858,14.69684,3472,104621615,356748520,-1,3256646
87.504708,87.424260,103.901400,83,50,133,0.82858,14.69684,3488,103996847,356740059,-1,3330460
87.609506,87.524570,104.797800,83,50,133,0.82858,14.69684,7152,104708731,356756058,-1,3441166
87.714969,87.641580,105.463100,83,50,133,0.82858,14.69684,3488,105274576,356764037,-1,3403500
87.819601,87.741870,104.632000,83,50,133,0.82858,14.69684,3568,104587192,356771617,-1,3514192
87.926316,87.842170,106.714700,83,50,133,0.82858,14.69684,3512,106584538,356783488,-1,3514960
88.033213,87.959150,106.896500,82,51,133,0.82858,14.69684,7504,106969154,356805563,-1,3551872
88.140861,88.059430,107.648200,82,51,133,0.82858,14.69684,4666,107109115,356802733,-1,3551128
88.248376,88.159710,107.515100,83,51,134,0.82858,14.69684,4928,107891693,357679832,-1,3661820
88.359938,88.276690,111.561700,83,51,134,0.82858,14.69684,3568,111396192,357698896,-1,3735624
88.469954,88.376960,110.016400,83,51,134,0.82858,14.69684,3432,109891538,357710831,-1,3847078
88.582440,88.493970,112.486100,82,52,134,0.82858,14.69684,7504,112544731,357732118,-1,3883990
88.694406,88.610950,111.965800,82,52,134,0.82858,14.69684,4586,111777230,357732584,-1,3846344
88.805397,88.711190,110.991100,82,52,134,0.82858,14.69684,3448,111064115,357706680,-1,4030840
88.918524,88.828090,113.127100,82,52,134,0.82858,14.69684,3528,113036961,357732430,-1,4067722
89.031916,88.945040,113.392200,81,53,134,0.82858,14.69684,7528,113045769,357777542,-1,4068490
89.146214,89.061960,114.297600,81,53,134,0.82858,14.69684,4586,114118346,357766803,-1,4067756
89.259600,89.178910,113.385600,81,53,134,0.82858,14.69684,3408,113639193,357739051,-1,4252252
89.375899,89.279170,116.299300,81,53,134,0.82858,14.69684,3368,116230692,357744628,-1,4289134
89.497442,89.396100,121.543300,81,53,134,0.82858,14.69684,3528,118882846,357775457,-1,4326036
89.611185,89.513070,113.743200,81,53,134,0.82858,14.69684,7096,115885730,357812510,-1,4363706
89.728504,89.629990,117.318700,81,53,134,0.82858,14.69684,3792,117535000,357703823,-1,4399874
89.850318,89.746940,121.813900,81,53,134,0.82858,14.69684,3368,121546846,356889816,-1,4473644
89.963849,89.880580,113.531000,81,53,134,0.82858,14.69684,3408,113671961,356467277,-1,4547448
90.083944,89.980860,120.094700,81,53,134,0.82858,14.69684,3488,120044500,356495318,-1,4584350
90.205273,90.114520,121.329500,81,54,135,0.82858,14.69684,10226,120900192,356620849,-1,4622020
90.327892,90.231480,122.619300,82,54,136,0.82858,14.11206,6450,122045038,358197677,-1,4695090
90.449845,90.348430,121.952500,82,54,136,0.82858,13.52733,7048,121410230,357400642,-1,4731958
90.573284,90.465390,123.439500,82,54,136,0.82858,12.94249,10688,122765808,357414562,-1,4805782
90.696684,90.599070,123.399600,82,54,136,0.82858,12.27410,3912,124537000,357346760,-1,4879626
90.822353,90.716020,125.668900,83,54,137,0.82858,11.68936,8656,125364500,356672652,-1,4954198
90.948877,90.849700,126.524400,83,54,137,0.82858,11.02096,7128,126541230,356666729,-1,4990366
91.144860,90.966680,195.982100,83,54,137,0.82858,10.43605,7088,196095462,356653610,-1,5137960
91.364727,91.167140,219.867600,83,54,137,0.82858,9.43374,4786,219279307,356655149,-1,5137980
91.582637,91.384250,217.910200,84,54,138,0.82858,8.34823,8736,218204577,357580588,-1,5286296
91.746659,91.601320,164.021900,84,54,138,0.82858,7.26288,3488,163940462,357533015,-1,5396254
91.877650,91.768300,130.990700,84,54,138,0.82858,6.42797,3568,130874423,357543098,-1,5506920
92.010476,91.901930,132.826300,84,55,139,0.82858,5.75983,9512,132681269,358382468,-1,5618374
92.141835,92.035580,131.359000,84,55,139,0.82858,5.09160,4666,131249538,357557986,-1,5617640
92.273171,92.169210,131.335400,84,55,139,0.82858,4.42342,3488,131370154,357535907,-1,5654508
92.406134,92.302860,132.962700,85,55,140,0.82858,3.75520,5088,132738423,357647597,-1,5691410
92.539354,92.436510,133.220200,86,55,141,0.82858,3.08695,8776,133111962,357772502,-1,5729080
92.672015,92.570160,132.660800,86,55,141,0.82858,2.41869,3488,132758038,357749644,-1,5691444
92.805563,92.703850,133.548000,86,55,141,0.82858,1.75023,3528,133451538,357727365,-1,5802116
92.939421,92.837490,133.858200,86,55,141,0.82858,1.08204,3528,133611115,357727365,-1,5839018
93.074077,92.971150,134.656700,87,55,142,0.82858,0.41376,5128,134602192,358621161,-1,5839018
93.207767,93.104760,133.689600,87,55,142,0.82858,-0.25431,4786,133838730,359407072,-1,5875920
93.341816,93.238400,134.048900,87,55,142,0.82858,-0.25431,3608,134845308,359413345,-1,5949704
93.481513,93.372050,139.696800,87,55,142,0.82858,-0.25431,3568,139410038,359413266,-1,5949704
93.620250,93.505680,138.737400,88,55,143,0.82858,-0.25431,5168,138904962,360304609,-1,5949704
93.755064,93.639370,134.813400,88,55,143,0.82858,-0.25431,3992,134714346,360208633,-1,6023508
93.895722,93.773040,140.657900,88,55,143,0.82858,-0.25431,3768,140467616,359432347,-1,5949704
94.032102,93.923430,136.380200,88,55,143,0.82858,-0.25431,3632,136194692,359440146,-1,5913570
94.166776,94.057060,134.674300,89,55,144,0.82858,-0.25431,10502,134952769,360338474,-1,5950482
94.303291,94.190720,136.514600,89,55,144,0.82858,-0.25431,3648,136279308,361130507,-1,5986640
94.441098,94.324350,137.807000,90,55,145,0.82858,-0.25431,5328,137767346,362030212,-1,6097332
94.583994,94.457950,142.896300,90,55,145,0.82858,-0.25431,3672,142352923,362036982,-1,6245708
94.734043,94.608270,150.049200,90,56,146,0.82858,-0.25431,9304,150483154,363054362,-1,6245718
94.880652,94.758580,146.608500,90,56,146,0.82858,-0.25431,4866,146336270,362975306,-1,6244974
95.020872,94.908900,140.220800,90,56,146,0.82858,-0.25431,3848,140295000,362980542,-1,6318744
95.164208,95.042530,143.335800,90,56,146,0.82858,-0.25431,8634,143117308,363013325,-1,6319512
95.311073,95.192840,146.864500,91,56,147,0.82858,-0.25431,5288,146816423,363096150,-1,6318778
95.451723,95.343140,140.650100,91,56,147,0.82858,-0.25431,3728,140722499,363860948,-1,6392568
95.597306,95.476760,145.582900,91,56,147,0.82858,-0.25431,3888,145270615,363879350,-1,6429450
95.744200,95.627080,146.894300,90,57,147,0.82858,-0.25431,7808,146844192,363919823,-1,6430218
95.888269,95.760720,144.069000,91,57,148,0.82858,-0.25431,6506,144106423,364781042,-1,6392582
96.031379,95.911060,143.110400,91,57,148,0.82858,-0.25431,3728,142978769,364753443,-1,6466352
96.175942,96.061450,144.563000,91,57,148,0.82858,-0.25431,5106,144614500,364776858,-1,6392548
96.322506,96.195110,146.563800,90,58,148,1.49693,-0.25431,7808,145555154,364826620,-1,6430218
96.467882,96.345490,145.375600,92,58,150,2.24879,-0.25431,8410,145094653,367142762,-1,6503288
96.616880,96.495900,148.998000,92,58,150,3.00083,-0.25431,7408,148643577,366327510,-1,6577058
96.768174,96.646290,151.294200,92,58,150,3.75280,-0.25431,3888,151840385,366346959,-1,6540176
96.997123,96.796720,228.949400,92,58,150,4.50494,-0.25431,11396,228807384,366395695,-1,6540944
97.256646,97.013950,259.522600,93,58,151,5.59108,-0.25431,14042,259303885,366485730,-1,6392622
97.562323,97.281360,305.676800,93,58,151,6.92816,-0.25431,3968,305241885,366464526,-1,6134314
97.703128,97.582180,140.805100,94,58,152,8.43226,-0.25431,9480,140576808,367241266,-1,5544630
97.832977,97.732680,129.848800,94,58,152,9.18475,-0.25431,3848,129892115,366354449,-1,4510586
97.950126,97.849700,117.149300,94,58,152,9.76984,-0.25431,4392,117294153,366267527,-1,3957016
98.063963,97.966710,113.837400,94,58,152,10.35485,-0.25431,7616,113463692,365490570,-1,3736372
98.171722,98.083690,107.759100,95,58,153,10.93980,-0.25431,6666,107485000,366346003,-1,3329716
98.274656,98.200660,102.933700,95,58,153,11.52465,-0.25431,3888,103551539,366315562,-1,2997564
98.373773,98.300920,99.116390,95,58,153,12.02594,-0.25431,3928,98825807,366271660,-1,2776152
98.469607,98.401180,95.834660,96,58,154,12.52728,-0.25431,5528,95733423,366381500,-1,2370230
98.561380,98.501420,91.772930,95,59,154,13.02846,-0.25431,8008,91550231,366421454,-1,1928174
98.648195,98.584970,86.814610,96,59,155,13.44622,-0.25431,6626,86676731,366497294,-1,1816734
98.733474,98.668520,85.278810,96,59,155,13.86397,-0.25431,3888,85289692,366463430,-1,1410798
98.813307,98.752060,79.833660,96,59,155,14.28167,-0.25431,3928,80022423,366461719,-1,1336974
98.891054,98.835590,77.746930,96,59,155,14.69933,-0.25431,3928,77631462,366459455,-1,1041758
98.968915,98.919130,77.861110,96,59,155,15.11698,-0.25431,3928,76674808,366460039,-1,857248
99.041407,98.985950,72.491390,96,59,155,15.45108,-0.25431,4088,73591807,366483847,-1,635836
99.112076,99.069490,70.669150,96,59,155,15.86878,-0.25431,5210,70458385,366483037,-1,562800
99.184520,99.136290,72.444040,97,59,156,15.86878,-0.25431,9192,73475577,367438343,-1,267594
99.253194,99.203110,68.673840,97,59,156,15.86878,-0.25431,4008,68617769,367428264,-1,377556
99.322952,99.286640,69.758770,97,59,156,15.86878,-0.25431,3968,69564230,367425006,-1,414438
99.392873,99.353450,69.920310,97,59,156,15.86878,-0.25431,3968,69963885,367401071,-1,562032
99.464377,99.420290,71.504620,97,59,156,15.86878,-0.25431,4008,71461885,367399143,-1,562032
99.536372,99.487110,71.994160,97,59,156,15.86878,-0.25431,4088,71890500,367419335,-1,635836
99.606809,99.553920,70.437960,97,59,156,15.86878,-0.25431,4032,70189847,367426596,-1,636604
99.680519,99.637440,73.709500,97,60,157,15.86878,-0.25431,9624,73683038,368350871,-1,636616
99.753814,99.704270,73.295390,97,60,157,15.86878,-0.25431,5186,73169346,368324247,-1,746576
99.827301,99.771070,73.486540,97,60,157,15.86878,-0.25431,3968,73346538,368324561,-1,931086
99.901415,99.854590,74.114580,97,60,157,15.86878,-0.25431,4008,74164846,368306219,-1,857268
99.974710,99.921440,73.294040,97,60,157,15.86878,-0.25431,3968,73061154,368297227,-1,857268
100.051110,100.004900,76.400570,97,60,157,15.86878,-0.25431,5306,76603462,368319254,-1,857248
100.125897,100.071700,74.787270,97,60,157,15.86878,-0.25431,4072,74393731,368326171,-1,1079428
100.203323,100.155200,77.425190,98,60,158,15.86878,-0.25431,5912,77245385,368325184,-1,1005636
100.280250,100.222000,76.927540,98,60,158,15.86878,-0.25431,7712,76785231,367532680,-1,1153244
100.358842,100.305500,78.591580,98,60,158,15.86878,-0.25431,4048,78697000,367533824,-1,1189400
100.436066,100.389000,77.224300,98,60,158,15.86878,-0.25431,4008,76805039,367524854,-1,1447714
100.516434,100.455800,80.367880,99,60,159,15.86878,-0.25431,5528,80490961,367598215,-1,1521484
100.599290,100.539300,82.856000,99,60,159,15.86878,-0.25431,4168,82766039,367625103,-1,1595288
100.681346,100.622800,82.056500,99,60,159,15.86878,-0.25431,4072,81978539,367625710,-1,1817468
100.765772,100.706300,84.425770,99,61,160,15.86878,-0.25431,9624,84250615,367735224,-1,1891282
100.849925,100.789800,84.152690,99,61,160,15.86878,-0.25431,5266,84549577,367730153,-1,1927440
100.935529,100.873300,85.603690,99,61,160,15.86878,-0.25431,4008,85297846,367725522,-1,1964328
101.022656,100.956800,87.127000,99,61,160,15.86878,-0.25431,4048,87253538,367697975,-1,2111936
101.110718,101.040300,88.062580,99,61,160,15.86878,-0.25431,5426,88024115,367723814,-1,2185720
101.199319,101.140500,88.601190,99,61,160,15.86878,-0.25431,4072,88076154,367730629,-1,2260292
101.289709,101.224100,90.389230,100,61,161,15.86878,-0.25431,9312,90686192,368631352,-1,2186498
101.379729,101.307600,90.020420,100,61,161,15.86878,-0.25431,4512,89892423,368532114,-1,2259558
101.470475,101.407900,90.745960,100,61,161,15.86878,-0.25431,4088,90696847,367735955,-1,2370250
101.561663,101.491400,91.188080,100,61,161,15.86878,-0.25431,4088,90867192,367742006,-1,2517858
101.656253,101.591700,94.589540,100,61,161,15.86878,-0.25431,4248,94479654,367763366,-1,2517838
101.751510,101.675200,95.257350,99,62,161,15.86878,-0.25431,8208,95171884,367808184,-1,2666214
101.848191,101.775500,96.680960,100,62,162,15.86878,-0.25431,6826,96569192,368675440,-1,2776186
101.943997,101.875700,95.805730,100,62,162,15.86878,-0.25431,4128,95620346,368659097,-1,2923780
102.042050,101.976000,98.053080,100,62,162,15.86878,-0.25431,4088,98304577,368655094,-1,3071388
102.143175,102.059500,101.125500,100,62,162,15.86878,-0.25431,5306,100832576,368664909,-1,3071368
102.244663,102.159700,101.488000,100,62,162,15.86878,0.24680,4248,100420269,368699269,-1,3292780
102.348798,102.276600,104.134700,100,62,162,15.86878,0.83152,11536,103449692,368737502,-1,3441156
102.451651,102.376900,102.853400,100,62,162,15.86878,1.33292,4552,103646192,368618495,-1,3551148
102.557809,102.477100,106.158000,100,62,162,15.86878,1.83396,4128,105564154,367851614,-1,3588036
102.664813,102.577300,107.003700,100,62,162,15.86878,2.33489,4168,107792423,367854830,-1,3440408
102.831043,102.694200,166.230200,100,62,162,15.86878,2.91931,7928,166170923,367896830,-1,3588016
103.004844,102.861200,173.800600,99,63,162,15.86878,3.75431,8248,173114346,367944774,-1,3515000
103.174755,103.028200,169.911300,99,63,162,15.86878,4.58932,5306,170422192,367906414,-1,3624958
103.340013,103.195200,165.258100,99,63,162,15.86878,5.42455,4248,165160115,368634468,-1,3588016
103.449140,103.362300,109.127400,100,63,163,15.86878,6.25979,9720,108531808,369546738,-1,3773294
103.559136,103.479300,109.995200,100,63,163,15.86878,6.84495,4128,109728192,368729361,-1,3846350
103.670481,103.579600,111.345900,100,63,163,15.86878,7.34647,4088,111458230,368701237,-1,3993938
103.781748,103.696600,111.266800,100,63,163,15.86878,7.93135,4248,111456538,368725047,-1,4030820
103.895585,103.813600,113.836300,100,63,163,15.86878,8.51623,7856,113367269,368768111,-1,3994686
104.009645,103.913800,114.060000,100,63,163,15.86878,9.01753,4168,113600231,368752184,-1,4030854
104.122204,104.030800,112.559000,100,63,163,15.86878,9.60248,5346,112933616,369520748,-1,3993938
104.236763,104.147800,114.559300,100,63,163,15.86878,10.18745,4168,113737346,369521516,-1,3993918
104.349515,104.264800,112.752300,100,63,163,15.86878,10.77226,4248,113674653,369543531,-1,3920114
104.463027,104.365000,113.511700,99,64,163,15.86878,11.27359,8248,113681500,369588379,-1,3847078
104.574832,104.482000,111.805500,100,64,164,15.86878,11.85845,6826,111341308,370466570,-1,3735638
104.682372,104.599000,107.539600,100,64,164,15.86878,12.44342,4512,107395654,370334047,-1,3809428
104.793055,104.699200,110.683200,100,64,164,15.86878,12.94467,4088,110376231,369544312,-1,3551094
104.900526,104.816200,107.470800,100,64,164,15.86878,13.52950,4248,107910962,369563038,-1,3551094
105.007301,104.916500,106.775400,100,64,164,15.86878,14.03069,4112,106092461,369575733,-1,3367352
105.112453,105.033400,105.152000,100,64,164,15.86878,14.61550,9090,105269539,369583231,-1,3330460
105.215123,105.133600,102.669800,100,64,164,15.86878,14.61550,4128,103923346,369580093,-1,3108304
105.318334,105.233900,103.211200,100,64,164,15.86878,14.61550,4168,103001693,369568081,-1,3182074
105.422155,105.350900,103.820300,100,64,164,15.86878,14.61550,4128,103771692,369568305,-1,3255878
105.526208,105.451100,104.053600,100,64,164,15.86878,14.61550,4288,103996346,369606295,-1,3255878
105.632853,105.551300,106.644500,100,64,164,15.86878,14.61550,4152,106756961,369613958,-1,3367352
105.738410,105.651600,105.557500,100,64,164,15.86878,14.61550,4168,105286577,369602737,-1,3551872
105.845219,105.768500,106.808300,100,64,164,15.86878,14.61550,7832,106999693,369622748,-1,3625676
105.953653,105.868800,108.434000,100,64,164,15.86878,14.61550,4168,108093576,369635742,-1,3661814
106.064755,105.985800,111.102600,100,64,164,15.86878,14.61550,4248,111242461,369648034,-1,3809408
106.174594,106.086000,109.838200,100,64,164,15.86878,14.61550,5794,109239769,369569048,-1,3994686
106.286115,106.203000,111.521700,99,65,164,15.86878,14.61550,8184,112023692,368794915,-1,3920892
106.398060,106.303200,111.944200,99,65,164,15.86878,14.61550,5346,111722153,368789213,-1,3993952
106.510243,106.420100,112.183300,99,65,164,15.86878,14.61550,4088,112247269,368781296,-1,4030840
106.626096,106.537100,115.853300,100,65,165,15.86878,14.61550,5768,115484807,368895113,-1,4104644
106.741613,106.654000,115.517100,99,66,165,15.86878,14.61550,8168,115539154,368949349,-1,4216098
106.855954,106.771000,114.341300,99,66,165,15.86878,14.61550,5306,114107038,368935708,-1,4362972
106.972932,106.887900,116.977800,99,66,165,15.86878,14.61550,4048,117160308,368906688,-1,4473664
107.094139,107.004900,121.206600,99,66,165,15.86878,14.61550,5346,120902615,368913544,-1,4510546
107.212832,107.121800,118.693300,99,66,165,15.86878,14.61550,4208,118568538,368946838,-1,4695056
107.334976,107.238800,122.144200,100,66,166,15.86878,14.61550,9376,122128615,369869399,-1,4622020
107.458891,107.355600,123.914900,100,66,166,15.86878,14.61550,4088,123784808,369857371,-1,4695090
107.580529,107.489200,121.638000,100,66,166,15.86878,14.61550,4128,121825076,369844004,-1,5064076
107.706674,107.606200,126.145100,100,66,166,15.86878,14.61550,4088,126116577,369847100,-1,5027174
107.833259,107.739800,126.584200,100,66,166,15.86878,14.61550,4288,126511807,369877586,-1,5174782
107.960690,107.856800,127.431100,99,67,166,15.86878,14.61550,8592,127141423,369823353,-1,5212452
108.090727,107.990400,130.036900,99,67,166,15.86878,14.61550,5346,130016077,369005977,-1,5101012
108.219720,108.124000,128.993400,99,67,166,15.86878,14.61550,5306,128732807,368989463,-1,5322390
108.352796,108.241000,133.076100,100,67,167,15.28420,14.61550,5768,132257385,369124773,-1,5469998
108.488538,108.374600,135.742100,100,67,167,14.61588,14.61550,15560,135962654,369917007,-1,5913590
108.732504,108.508200,243.965500,100,67,167,13.94776,14.61550,4128,244054039,369907690,-1,6171210
108.982253,108.758800,249.749800,100,67,167,12.69497,14.61550,11608,249831077,372392898,-1,6392608
109.204145,109.009400,221.891300,100,67,167,11.44218,14.61550,12794,221158500,373837798,-1,6577906
109.355516,109.226500,151.370800,100,67,167,10.35638,14.61550,8388,151243308,374716447,-1,6540276
109.504674,109.376900,149.158400,100,67,167,9.60432,14.61550,4248,149563692,374706180,-1,6429530
109.652725,109.527400,148.050800,100,67,167,8.85199,14.61550,8280,147469885,374636816,-1,6171944
109.797982,109.677800,145.257500,100,67,167,8.10003,14.61550,4128,145430462,373804258,-1,5765288
109.934777,109.828200,136.794300,100,67,167,7.34815,14.61550,4168,136836308,373763628,-1,5691430
110.069441,109.961800,134.664100,100,67,167,6.67972,14.61550,4248,134453538,373778074,-1,5433096
110.205056,110.095500,135.615500,100,67,167,6.01134,14.61550,9114,135227577,373809865,-1,5175550
110.327592,110.229200,122.535800,100,67,167,5.34301,14.61550,4128,122545653,373431563,-1,4990306
110.452571,110.346200,124.979300,100,67,167,4.75816,14.61550,4168,124236923,373401077,-1,4731958
110.573194,110.479800,120.622900,100,67,167,4.08978,14.61550,4248,121633000,373418246,-1,4584350
110.692827,110.596800,119.633200,100,67,167,3.50484,14.61550,7896,119100500,373441330,-1,4474412
110.810465,110.713800,117.637600,100,67,167,2.91988,14.61550,4128,117546231,373421244,-1,4178462
110.925052,110.830800,114.586600,100,67,167,2.33493,14.61550,4168,114481000,373382929,-1,4104644
111.038884,110.947800,113.832600,100,67,167,1.75006,14.61550,4128,113890116,373378249,-1,3993918
111.150729,111.064700,111.844900,100,67,167,1.16519,14.61550,5506,112031154,373401989,-1,3883212
111.261614,111.181700,110.884700,100,67,167,1.16519,14.61550,4152,111614307,373406964,-1,3810176
111.372227,111.282000,110.613300,99,68,167,1.16519,14.61550,8224,110673192,373412982,-1,3810186
111.483316,111.398900,111.089000,99,68,167,1.16519,14.61550,5306,110520730,373405632,-1,3846324
111.594605,111.515800,111.289200,99,68,167,1.16519,14.61550,4128,111698500,373382397,-1,3920114
111.706627,111.616100,112.021600,100,68,168,1.16519,14.61550,5728,111939807,373498265,-1,3920114
111.818261,111.733000,111.634500,100,68,168,1.16519,14.61550,4152,111394538,373505984,-1,3994686
111.930395,111.850000,112.133700,99,69,168,1.16519,14.61550,8144,112272462,373521546,-1,4031598
112.043151,111.950200,112.755500,99,69,168,1.16519,14.61550,5306,112517000,373511428,-1,4067756
112.157121,112.067200,113.970000,99,69,168,1.16519,14.61550,5266,114021499,373485907,-1,4104644
112.269978,112.184200,112.857300,100,69,169,1.16519,14.61550,5768,112778308,373600999,-1,4178428
112.384701,112.301100,114.723100,100,69,169,1.16519,14.61550,4112,114467231,373610279,-1,4216098
112.498661,112.401300,113.960500,100,69,169,1.16519,14.61550,7832,113857807,373623522,-1,4326814
112.613401,112.518200,114.739900,100,69,169,1.16519,14.61550,4088,114743538,373619785,-1,4362972
112.728876,112.635100,115.474800,100,69,169,1.16519,14.61550,4128,115564423,373595574,-1,4436762
112.844989,112.752000,116.112700,100,69,169,1.16519,14.61550,4248,116018077,373620117,-1,4510546
112.962889,112.868900,117.899900,100,69,169,1.16519,14.61550,4192,117678000,373629560,-1,4585118
113.080721,112.985800,117.832700,99,70,169,1.16519,14.61550,8568,117928231,373548597,-1,4658932
113.200423,113.102700,119.701800,99,70,169,1.16519,14.61550,5346,119445461,372735418,-1,4584384
113.319292,113.219600,118.868400,99,70,169,1.16519,14.61550,4088,118854115,372722407,-1,4695056
113.440333,113.336400,121.041700,100,70,170,1.16519,14.61550,5768,121015385,373640760,-1,4805762
113.561954,113.469900,121.620300,100,70,170,1.16519,14.61550,7816,121183423,373665734,-1,4917236
113.684628,113.586800,122.674200,100,70,170,1.16519,14.61550,4512,122850308,373560276,-1,4916502
113.809177,113.703700,124.549200,100,70,170,1.16519,14.61550,4088,124632423,372739805,-1,5027194
113.933501,113.837200,124.324100,100,70,170,1.16519,14.61550,4288,124226654,372762544,-1,5100978
114.060453,113.954100,126.952100,99,71,170,1.16519,14.61550,8208,126646154,372806506,-1,5249354
114.189111,114.087700,128.657500,99,71,170,1.16519,14.61550,5346,128439192,372789595,-1,5211718
114.396730,114.221200,207.619600,99,71,170,1.16519,13.94762,4088,207127154,372765608,-1,5359312
114.626768,114.421600,230.037600,100,71,171,1.16519,12.94591,13128,229974693,372916491,-1,5469998
114.899069,114.655300,272.301400,100,71,171,1.16519,11.77723,11536,272488307,373744154,-1,5655316
115.061275,114.922500,162.205900,100,71,171,1.16519,10.44133,8312,161989885,373652766,-1,5802176
115.208024,115.089500,146.749200,100,71,171,1.16519,9.60643,9074,146377731,372876866,-1,5913670
115.347373,115.239800,139.348500,100,71,171,1.16519,8.85484,4168,138970038,373643563,-1,6171196
115.501049,115.373400,153.675800,100,71,171,1.16519,8.18672,7808,153097461,373641003,-1,6318764
115.641755,115.523700,140.706000,100,71,171,1.16519,7.43509,7968,141219769,373659698,-1,6429490
115.790909,115.657400,149.153900,100,71,171,1.16519,6.76671,8240,149077116,373599989,-1,6504062
115.933587,115.807800,142.678200,100,71,171,1.16519,6.01492,4168,142606231,372781518,-1,6466426
116.081262,115.958100,147.674900,100,71,171,1.16519,5.26324,4128,147960269,372762411,-1,6540196
116.229999,116.108400,148.737500,100,71,171,1.16519,4.51181,9186,148352077,372787350,-1,6650902
116.375279,116.258700,145.279500,100,71,171,1.16519,3.76015,7856,144741154,372812612,-1,6725474
116.529031,116.392400,153.752300,100,71,171,1.16519,3.09199,4168,153226885,372786914,-1,6724720
116.672954,116.559400,143.922900,100,71,171,1.16519,2.25700,4128,144788154,372760851,-1,6761588
116.821532,116.692900,148.577800,100,71,171,1.16519,1.58907,4288,148260192,372785467,-1,6724686
116.967321,116.843200,145.789000,100,71,171,1.16519,0.83759,7856,145821846,372811538,-1,6799258
117.119055,116.993500,151.734000,100,71,171,1.16519,0.08617,4168,151461154,373586136,-1,6798504
117.262689,117.143800,143.634500,100,71,171,1.16519,-0.66530,5346,143761423,373565328,-1,6946078
117.412897,117.294100,150.207300,100,71,171,1.16519,-0.66530,4288,151294153,373591623,-1,7019882
117.565937,117.444300,153.040400,99,72,171,1.16519,-0.66530,8208,152810000,373631786,-1,7020650
117.718868,117.594600,152.930900,99,72,171,1.16519,-0.66530,5346,152603615,373593339,-1,6983014
117.864957,117.744900,146.089000,99,72,171,1.16519,-0.66530,4088,146444769,373571336,-1,7056784
118.016224,117.895200,151.267300,100,72,172,1.16519,-0.66530,5768,151009115,373685608,-1,7093686
118.171000,118.045500,154.775700,99,73,172,1.16519,-0.66530,9386,154723115,373723713,-1,7057552
118.319677,118.195900,148.676900,99,73,172,1.16519,-0.66530,5306,148496116,373692530,-1,7056818
118.467100,118.346300,147.423300,99,73,172,1.16519,-0.66530,4048,147647346,373670008,-1,7093686
118.622054,118.496600,154.954200,99,73,172,1.16519,-0.66530,4248,154846500,373691524,-1,7130588
118.774955,118.647000,152.900500,99,73,172,1.16519,-0.66530,7816,152425808,373725601,-1,7131356
118.927309,118.797400,152.354700,99,73,172,1.16519,-0.66530,4128,152636808,373697800,-1,7093720
119.129540,118.947900,202.230900,99,73,172,1.16519,-0.66530,4088,202215538,373675141,-1,7093686
119.281020,119.148400,151.479800,100,73,173,1.16519,-0.66530,6986,151326538,373796403,-1,7130588
119.431751,119.298800,150.730500,99,74,173,1.16519,-0.66530,8552,150501923,373721681,-1,7131356
119.586399,119.449100,154.648800,99,74,173,1.16519,-0.66530,5306,150717923,372907131,-1,7019896
119.731631,119.599500,145.231400,99,74,173,1.16519,-0.66530,4088,149001576,372898896,-1,7130588
119.885277,119.749900,153.646600,99,74,173,1.16519,-0.66530,4632,153621577,372815725,-1,7130588
120.038322,119.916900,153.045200,98,75,173,1.16519,-0.66530,8168,153058692,372047812,-1,7057552
120.228319,120.067300,189.997000,99,75,174,1.16519,-0.66530,6826,190344807,372906608,-1,7019902
120.501617,120.251000,273.297000,99,75,174,2.08391,-0.66530,7848,272501231,372932274,-1,7056784
120.844094,120.518300,342.477400,99,75,174,3.42034,-0.66530,11496,341886500,372977013,-1,7242082
121.070712,120.851700,226.617800,100,75,175,5.08701,-0.66530,9408,226492192,373850551,-1,7241354
121.232045,121.085500,161.332800,100,75,175,6.25619,-0.66530,13138,160917231,373754576,-1,6910004
121.380855,121.235800,148.810200,100,75,175,7.00756,-0.66530,4088,149257538,372915285,-1,6429490
121.522842,121.386100,141.987700,100,75,175,7.75947,-0.66530,4288,141616384,372906665,-1,6134274
121.660299,121.536500,137.456500,99,76,175,8.51128,-0.66530,8208,137272770,372914829,-1,5544590
121.791477,121.670100,131.178100,99,76,175,9.17941,-0.66530,5730,131405461,372769357,-1,5101032
121.916046,121.803800,124.569000,99,76,175,9.84754,-0.66530,4088,124324000,371942363,-1,4621252
122.033381,121.920700,117.334500,100,76,176,10.43234,-0.66530,5768,117710885,372048480,-1,4178428
122.148542,122.037700,115.161500,100,76,176,11.01701,-0.66530,9034,113785192,372076474,-1,3736372
122.256173,122.154600,107.631000,100,76,176,11.60153,-0.66530,4128,108132962,372051275,-1,3329716
122.358871,122.254800,102.698200,100,76,176,12.10253,-0.66530,4088,103214693,371964485,-1,2923780
122.457247,122.371600,98.375850,100,76,176,12.68692,-0.66530,4168,97707923,371962325,-1,2554740
122.550915,122.471800,93.668080,100,76,176,13.18775,-0.66530,4248,93608346,371981727,-1,2259524
122.640775,122.555300,89.859340,100,76,176,13.60509,-0.66530,4152,89957038,371986362,-1,1817468
122.726237,122.655500,85.462540,100,76,176,14.10604,-0.66530,7872,85702769,371991642,-1,1596066
122.809671,122.739000,83.433960,100,76,176,14.52347,-0.66530,4128,82501269,371974096,-1,1337008
122.888164,122.822400,78.492610,100,76,176,14.94079,-0.66530,4128,79388038,371954973,-1,1152464
122.966424,122.889200,78.259960,100,76,176,15.27461,-0.66530,4168,77948923,371951149,-1,931052
123.041368,122.972600,74.944380,100,76,176,15.69182,-0.66530,4248,74875653,371970791,-1,857248
123.115892,123.056100,74.524080,100,76,176,16.10904,-0.66530,5370,74368039,371975749,-1,636604
123.187305,123.122800,71.413350,99,77,176,16.10904,-0.66530,8608,72282654,371904301,-1,489006
123.258705,123.189600,71.399040,99,77,176,16.10904,-0.66530,5306,71592885,371101973,-1,525164
123.329916,123.273100,71.211430,100,77,177,16.10904,-0.66530,5608,71052269,371188103,-1,562066
123.402280,123.339900,72.364350,100,77,177,16.10904,-0.66530,4128,72409308,371165049,-1,635856
123.474413,123.406700,72.132500,100,77,177,16.10904,-0.66530,4088,72069231,371155405,-1,709660
123.548294,123.490100,73.881200,100,77,177,16.10904,-0.66530,4088,73820116,371157741,-1,709640
123.620815,123.556900,72.520730,100,77,177,16.10904,-0.66530,4128,72332500,371161949,-1,857248
123.694909,123.623700,74.094350,100,77,177,16.10904,-0.66530,4088,73911731,371162045,-1,857248
123.769748,123.707200,74.838500,100,77,177,16.10904,-0.66530,4128,74754500,371156013,-1,931052
123.845155,123.774000,75.407390,100,77,177,16.10904,-0.66530,4168,75348193,371155885,-1,931052
123.920988,123.857500,75.833530,100,77,177,16.10904,-0.66530,4128,75800423,371146894,-1,1004856
123.997546,123.924300,76.557190,100,77,177,16.10904,-0.66530,4128,76450769,371147055,-1,1078640
124.074629,124.007800,77.082960,100,77,177,16.10904,-0.66530,5506,76912423,371169718,-1,1152444
124.152157,124.074600,77.528230,100,77,177,16.10904,-0.66530,4152,77457961,371179899,-1,1227016
124.231629,124.158100,79.472000,100,77,177,16.10904,-0.66530,4128,78767461,371184028,-1,1300832
124.310694,124.241500,79.065080,99,78,177,16.10904,-0.66530,8596,79654462,371201615,-1,1448440
124.390375,124.325100,79.681340,99,78,177,16.10904,-0.66530,5306,79750192,371201615,-1,1558400
124.471390,124.391900,81.014730,99,78,177,16.10904,-0.66530,4088,80804154,371209728,-1,1595288
124.554472,124.475400,83.082340,99,78,177,16.10904,-0.66530,4128,83177692,371196576,-1,1595288
124.638366,124.558900,83.893350,100,78,178,16.10904,-0.66530,5728,83619654,372115041,-1,1669092
124.722491,124.642400,84.125620,100,78,178,16.10904,-0.66530,4112,84022077,372119968,-1,1817468
124.807528,124.726000,85.036230,100,78,178,16.10904,-0.66530,4512,85066654,372014146,-1,1891282
124.894807,124.809400,87.279850,100,78,178,16.10904,-0.66530,7792,87167923,371251240,-1,1891284
124.979785,124.909700,84.977690,100,78,178,16.10904,-0.66530,4088,84937384,371250250,-1,2075048
125.067024,124.993200,87.238460,100,78,178,16.10904,-0.66530,4128,87262808,371226241,-1,2111936
125.155292,125.076700,88.268770,100,78,178,16.10904,-0.66530,5466,87830385,371249870,-1,2111916
125.245790,125.160200,90.497570,100,78,178,16.10904,-0.66530,4152,90488039,371260373,-1,2186488
125.336082,125.260400,90.291730,99,79,178,16.10904,-0.66530,8224,90425115,371287221,-1,2260302
125.426768,125.343900,90.686810,100,79,179,16.10904,-0.66530,6826,90690423,371371738,-1,2370264
125.519063,125.427400,92.294810,100,79,179,16.10904,-0.66530,4088,92151385,371358369,-1,2554760
125.613409,125.527600,94.345960,100,79,179,16.10904,-0.66530,4128,94284423,371389952,-1,2628564
125.708720,125.627800,95.310350,100,79,179,16.10904,-0.66530,4208,95264885,371420878,-1,2776152
125.804381,125.711300,95.661310,100,79,179,16.10904,-0.66530,4112,95362461,371425085,-1,2924528
125.904678,125.811500,100.296800,99,80,179,16.10904,-0.66530,8224,100488154,371452870,-1,2850734
126.002741,125.911700,98.063000,99,80,179,16.10904,-0.66530,5690,97399346,371365977,-1,3182108
126.102401,126.011900,99.660120,99,80,179,16.10904,-0.66530,5346,100283923,370546088,-1,3218996
126.296322,126.112100,193.921000,99,80,179,16.10904,-0.16434,4088,193104576,370591799,-1,3366584
126.461309,126.295800,164.987500,100,80,180,16.10904,0.75432,5768,165110461,370715332,-1,3440388
126.664397,126.462800,203.087800,100,80,180,16.10904,1.58953,7816,203076692,370741586,-1,3514960
126.813648,126.680000,149.250500,100,80,180,16.10904,2.67540,11748,148283654,370750896,-1,3477310
126.922998,126.813700,109.350000,100,80,180,16.10904,3.34384,4248,109838692,370759077,-1,3735644
127.031547,126.930800,108.549800,100,80,180,16.10904,3.92937,12056,107439884,370715857,-1,3736412
127.151727,127.031100,120.179700,100,80,180,16.10904,4.43102,9026,120467884,369925158,-1,3477384
127.258624,127.164900,106.897000,100,80,180,16.10904,5.09957,4168,106919961,369895171,-1,3661900
127.369737,127.265100,111.113200,100,80,180,16.10904,5.60083,4128,110186577,369882211,-1,3661880
127.480764,127.382000,111.026800,100,80,180,16.10904,6.18542,4288,111523692,369916177,-1,3735644
127.592284,127.482200,111.519500,100,80,180,16.10904,6.68647,8240,111209923,369859669,-1,3957824
127.704433,127.599200,112.149000,100,80,180,16.10904,7.27113,4168,112328308,369050068,-1,4067796
127.824916,127.716100,120.483100,100,80,180,16.10904,7.85562,4128,120607230,369011906,-1,4104684
127.938991,127.833000,114.075200,100,80,180,16.10904,8.44015,4168,113949077,369008274,-1,4104644
128.053386,127.949900,114.395200,100,80,180,16.10904,9.02456,4248,114182846,369041304,-1,4178428
128.166482,128.066700,113.095600,99,81,180,16.10904,9.60903,9466,113110116,369075514,-1,4068490
128.281075,128.166900,114.593500,99,81,180,16.10904,10.10994,5306,114484769,369057982,-1,3920148
128.393506,128.283800,112.430900,99,81,180,16.10904,10.69431,4128,112285731,369032013,-1,3957036
128.505065,128.400700,111.558800,99,81,180,16.10904,11.27885,4088,111599269,369026382,-1,3809408
128.617763,128.517600,112.698300,100,81,181,16.10904,11.86328,5768,112762461,369937789,-1,3735604
128.726933,128.617800,109.169300,100,81,181,16.10904,12.36414,7816,108794808,369966413,-1,3736372
128.834474,128.734700,107.541600,100,81,181,16.10904,12.94864,4128,107628846,369951498,-1,3477324
128.941979,128.834900,107.504700,100,81,181,16.10904,13.44966,4088,107375077,369917342,-1,3403506
129.046875,128.951800,104.896200,100,81,181,16.10904,14.03435,4128,104923692,369915342,-1,3292780
129.150232,129.052000,103.356300,100,81,181,16.10904,14.53538,5466,103534346,369949923,-1,3145172
129.253156,129.152200,102.924500,100,81,181,16.10904,14.53538,4192,103645730,369973466,-1,3072136
129.353878,129.252400,100.721900,99,82,181,16.10904,14.53538,8184,100497000,369989162,-1,3293558
129.456719,129.369400,102.840900,99,82,181,16.10904,14.53538,5346,102273885,369971087,-1,3292814
129.560505,129.469600,103.786600,100,82,182,16.10904,14.53538,5608,104159538,370850282,-1,3366584
129.665150,129.569700,104.645000,100,82,182,16.10904,14.53538,4128,104641885,370858403,-1,3440388
129.769967,129.669900,104.816900,100,82,182,16.10904,14.53538,4088,104792346,370870571,-1,3514192
129.878039,129.770100,108.072000,100,82,182,16.10904,14.53538,4512,107822000,370779771,-1,3587996
129.986512,129.886900,108.473000,100,82,182,16.10904,14.53538,4088,108396269,369992331,-1,3661800
130.094522,129.987100,108.009700,100,82,182,16.10904,14.53538,4288,108182231,370009549,-1,3883212
130.204522,130.104000,109.999700,100,82,182,16.10904,14.53538,5370,109772654,370020124,-1,3883960
130.317045,130.204100,112.523400,100,82,182,16.10904,14.53538,4168,112571769,370013395,-1,3920872
130.429014,130.320900,111.968900,100,82,182,16.10904,14.53538,8204,111940192,370039781,-1,4031578
130.543145,130.437800,114.130900,100,82,182,16.10904,14.53538,4168,113456616,370047670,-1,3957030
130.656396,130.554600,113.251000,100,82,182,16.10904,14.53538,4248,113639615,370057889,-1,4067722
130.774992,130.671500,118.596300,100,82,182,16.10904,14.53538,4192,118102346,370075960,-1,4142294
130.889762,130.788400,114.769400,99,83,182,16.10904,14.53538,8184,115324269,370098465,-1,4326814
131.005764,130.905300,116.002900,99,83,182,16.10904,14.53538,5730,115422692,370001274,-1,4473678
131.125419,131.005500,119.654300,99,83,182,16.10904,14.53538,5306,119946500,369188561,-1,4547468
131.243092,131.139100,117.673400,99,83,182,16.10904,14.53538,4248,117644730,368877144,-1,4695056
131.365898,131.256000,122.806000,100,83,183,16.10904,14.53538,5632,122527577,369772240,-1,4622020
131.487629,131.372800,121.731100,99,84,183,16.10904,14.53538,8184,121791692,369792857,-1,4880344
131.612022,131.489700,124.392500,100,84,184,16.10904,14.53538,6786,123880615,369873825,-1,4990306
131.748732,131.623300,136.710600,100,84,184,16.10904,14.53538,4088,137183808,369853218,-1,5137880
131.875092,131.756900,126.359800,100,84,184,16.10904,14.53538,4208,126198615,369874305,-1,5174782
132.071354,131.890600,196.261900,100,84,184,16.10904,14.53538,7856,196103423,369911265,-1,5175550
132.295003,132.074200,223.648700,100,84,184,16.10904,14.53538,5346,223591769,369889563,-1,5322424
132.524158,132.308000,229.155200,100,84,184,14.94009,14.53538,4288,228779885,371504953,-1,5433096
132.685740,132.525100,161.581900,100,84,184,13.85461,14.53538,11960,159480422,372267984,-1,6208806
132.842719,132.692100,156.978800,100,84,184,13.01972,14.53538,4128,158550808,372223959,-1,6614000
132.987696,132.842500,144.977200,100,84,184,12.26779,14.53538,7968,144734730,372244940,-1,6724686
133.149274,132.992800,161.578500,99,85,184,11.51636,14.53538,8468,161299038,373078639,-1,6540964
133.298842,133.159700,149.567800,99,85,184,10.68150,14.53538,9506,149398115,373738752,-1,6540230
133.445846,133.310000,147.004100,99,85,184,9.93001,14.53538,7768,147484808,372927711,-1,6244980
133.592257,133.460300,146.410400,100,85,185,9.17847,14.53538,5768,146042346,374636827,-1,6097392
133.732711,133.593900,140.454300,100,85,185,8.51049,14.53538,7816,140207461,374639674,-1,6061258
133.873201,133.744200,140.490500,100,85,185,7.75897,14.53538,4128,140423577,374604303,-1,5765288
134.009280,133.877900,136.079000,100,85,185,7.09084,14.53538,4088,136483885,374564005,-1,5580744
134.142602,134.011500,133.321400,100,85,185,6.42261,14.53538,5506,133199692,374564250,-1,5285508
134.273617,134.145200,131.015400,100,85,185,5.75437,14.53538,11536,130288269,374599241,-1,5138648
134.400114,134.278800,126.496400,100,85,185,5.08628,14.53538,4168,126779269,374560978,-1,4879620
134.523323,134.412400,123.209800,100,85,185,4.41816,14.53538,4128,123034308,374534039,-1,4621272
134.644156,134.529400,120.832100,100,85,185,3.83340,14.53538,4288,120996577,374547676,-1,4547468
134.761476,134.646300,117.321000,99,86,185,3.24858,14.53538,8592,117261115,374483249,-1,4363726
134.879061,134.763300,117.584200,99,86,185,2.66372,14.53538,5346,117135346,373660419,-1,4141580
134.992679,134.880200,113.618600,99,86,185,2.07894,14.53538,4088,113843923,373615772,-1,4067762
135.105796,134.997200,113.117000,99,86,185,1.49414,14.53538,4128,113146038,373611165,-1,4030820
135.218815,135.114200,113.018300,100,86,186,0.90941,14.53538,6826,113013769,374502089,-1,3920114
135.328632,135.231100,109.817800,100,86,186,0.90941,14.53538,4128,110614539,374506513,-1,3883212
135.439985,135.331300,111.352300,100,86,186,0.90941,14.53538,4088,111185423,374494030,-1,3883212
135.551761,135.448300,111.776300,100,86,186,0.90941,14.53538,4128,111663384,374490671,-1,3956996
135.664560,135.565300,112.798500,100,86,186,0.90941,14.53538,4088,112828807,374490679,-1,3993898
135.776773,135.665500,112.213500,100,86,186,0.90941,14.53538,4168,111916154,374487583,-1,3993898
135.889233,135.782400,112.460200,100,86,186,0.90941,14.53538,4128,112637731,374489103,-1,4030800
136.002040,135.899300,112.806700,100,86,186,0.90941,14.53538,4288,112735539,374516664,-1,4067702
136.116476,136.016100,114.435900,100,86,186,0.90941,14.53538,5370,114128077,374526126,-1,4105372
136.229941,136.116300,113.464800,100,86,186,0.90941,14.53538,4168,113623961,374510329,-1,4179186
136.344324,136.233200,114.383400,100,86,186,0.90941,14.53538,8204,114278308,374531639,-1,4216088
136.458870,136.350100,114.545800,100,86,186,0.90941,14.53538,4552,114373961,374440817,-1,4252246
136.573750,136.467000,114.880300,100,86,186,0.90941,14.53538,4248,114918154,373648551,-1,4289134
136.689263,136.583900,115.512600,100,86,186,0.90941,14.53538,4192,115261269,373654854,-1,4289902
136.805138,136.700700,115.874900,99,87,186,0.90941,14.53538,8184,115725077,373679975,-1,4289912
136.922007,136.817600,116.869500,100,87,187,0.90941,14.53538,6866,116965115,373763709,-1,4362972
137.038838,136.934400,116.830700,100,87,187,0.90941,14.53538,4088,116851885,373737965,-1,4473664
137.156546,137.051300,117.708600,100,87,187,0.90941,14.53538,5466,117582385,373767678,-1,4510546
137.274805,137.168200,118.258600,100,87,187,0.90941,14.53538,4112,118046500,373769397,-1,4585118
137.393935,137.285000,119.130600,99,88,187,0.90941,14.53538,8224,119246076,373793666,-1,4622030
137.514912,137.401900,120.976300,100,88,188,0.90941,14.53538,6826,120749462,374670319,-1,4768894
137.637670,137.518800,122.758400,100,88,188,0.90941,14.53538,4128,122723269,374648960,-1,4879566
137.797071,137.652400,159.400400,100,88,188,0.90941,14.53538,4208,159326538,374676342,-1,4916468
138.015677,137.802600,218.606700,100,88,188,0.90941,14.53538,7856,218408269,374707654,-1,5064844
138.235171,138.019700,219.493800,100,88,188,0.90941,14.53538,5386,219969269,374687763,-1,5064110
138.422634,138.236800,187.463000,100,88,188,0.90941,13.45000,7968,186260846,374714136,-1,5248586
138.551151,138.437200,128.517100,99,89,188,0.90941,12.44814,12572,128499576,374671663,-1,5470786
138.681731,138.554100,130.580200,100,89,189,0.90941,11.86358,10602,130361384,373929868,-1,5506960
138.813551,138.687700,131.820100,100,89,189,0.90941,11.19532,7808,131470270,373939184,-1,5617666
138.945348,138.821400,131.796700,100,89,189,0.90941,10.52729,4208,132191576,373953799,-1,5728392
139.080048,138.954900,134.699600,100,89,189,0.90941,9.85940,8240,133554654,373896729,-1,5802944
139.214792,139.088600,134.744000,100,89,189,0.90941,9.19124,5346,135176116,373069942,-1,5876014
139.350424,139.222200,135.632400,100,89,189,0.90941,8.52317,4168,136053692,373049128,-1,6023568
139.487185,139.355800,136.760900,100,89,189,0.90941,7.85508,4248,136527115,373053614,-1,6097372
139.625600,139.489400,138.414500,100,89,189,0.90941,7.18713,7896,137961769,373091734,-1,6171904
139.763457,139.639700,137.857900,100,89,189,0.90941,6.43559,4128,138162808,373069164,-1,6244974
139.903660,139.773300,140.202700,100,89,189,0.90941,5.76765,4168,139872000,373847517,-1,6355646
140.042708,139.906900,139.048400,100,89,189,0.90941,5.09969,4248,139446730,373868982,-1,6503254
140.184661,140.057200,141.953000,100,89,189,0.90941,4.34823,9114,140761115,373905929,-1,6504022
140.326102,140.190800,141.440100,100,89,189,0.90941,3.68019,4512,142268076,373789383,-1,6540190
140.467882,140.324400,141.780100,100,89,189,0.90941,3.01221,4168,141913038,372968937,-1,6613960
140.610901,140.474600,143.019300,100,89,189,0.90941,2.26091,4248,142912000,372991690,-1,6613960
140.753864,140.624900,142.962600,100,89,189,0.90941,1.50954,4192,142574499,372999792,-1,6651630
140.896375,140.758500,142.511200,99,90,189,0.90941,0.84179,8184,142629884,373006167,-1,6688542
141.038498,140.908700,142.123000,99,90,189,0.90941,0.09043,5346,142186615,372997834,-1,6650876
141.184157,141.042300,145.659400,99,90,189,0.90941,-0.57749,5306,145273692,372981640,-1,6724666
141.326110,141.192600,141.952400,99,90,189,0.90941,-0.57749,4128,142960500,372994733,-1,6761568
141.469385,141.326200,143.275000,100,90,190,0.90941,-0.57749,5608,143285500,373878770,-1,6835372
141.621467,141.476500,152.082000,100,90,190,0.90941,-0.57749,4128,151998962,373865978,-1,6909176
141.766373,141.626900,144.906100,100,90,190,0.90941,-0.57749,4088,144782308,373866751,-1,6946058
141.916065,141.777200,149.691800,100,90,190,0.90941,-0.57749,4128,149513192,373866671,-1,6982960
142.061903,141.927500,145.838200,100,90,190,0.90941,-0.57749,4128,145862808,373865119,-1,6982960
142.212618,142.077900,150.715600,100,90,190,0.90941,-0.57749,5506,150347115,373886751,-1,6946058
142.358760,142.228200,146.141700,100,90,190,0.90941,-0.57749,4152,146230576,373893194,-1,6946826
142.504898,142.361900,146.137800,100,90,190,0.90941,-0.57749,8244,146201615,373901794,-1,6946836
142.651424,142.512300,146.526100,100,90,190,0.90941,-0.57749,4512,146227192,373806009,-1,6872288
142.798196,142.662700,146.772000,100,90,190,0.90941,-0.57749,4288,146921923,373015355,-1,6909176
142.945121,142.813100,146.925200,99,91,190,0.90941,-0.57749,8208,146698116,373053042,-1,6946846
143.091911,142.946700,146.789900,99,91,190,0.90941,-0.57749,5346,146712346,373034948,-1,6946112
143.241467,143.097100,149.556000,100,91,191,0.90941,-0.57749,6826,149377615,373892231,-1,6983000
143.389146,143.247500,147.678700,100,91,191,0.90941,-0.57749,4248,147806154,373911841,-1,7056784
143.544241,143.397900,155.095200,99,92,191,0.90941,-0.57749,8168,154981769,373949214,-1,7020650
143.813341,143.548200,269.100000,99,92,191,0.90941,-0.57749,5306,269088462,373920179,-1,7019916
144.085412,143.815400,272.070900,100,92,192,0.90941,-0.57749,5768,272063923,374802117,-1,7093686
144.316542,144.099300,231.129800,100,92,192,0.90941,-0.57749,9074,230096000,374834023,-1,7094454
144.467979,144.316400,151.437300,100,92,192,1.99469,-0.57749,7928,151352077,374845167,-1,7093686
144.620075,144.466600,152.095600,100,92,192,2.74593,-0.57749,7856,151776230,374876177,-1,7352788
144.797224,144.633600,177.149400,100,92,192,3.58067,-0.57749,12268,177120384,374775351,-1,7388956
144.958630,144.800500,161.406100,100,92,192,4.41551,-0.57749,4128,161537616,373953236,-1,7352060
145.118327,144.967500,159.697200,100,92,192,5.25046,-0.57749,11648,159673576,373991673,-1,7241354
145.271120,145.117800,152.792400,100,92,192,6.00185,-0.57749,9458,152344115,373902145,-1,7094534
145.422903,145.284800,151.783500,100,92,192,6.83698,-0.57749,4168,151817577,373062698,-1,6540250
145.565846,145.435200,142.943000,100,92,192,7.58855,-0.57749,4128,143232730,373035992,-1,6171176
145.702719,145.568800,136.872300,100,92,192,8.25663,-0.57749,4288,136548961,373035575,-1,5875960
145.837172,145.702400,134.453800,99,93,192,8.92478,-0.57749,8208,134197385,373049171,-1,5212492
145.963064,145.836000,125.891200,99,93,192,9.59294,-0.57749,5346,126049000,372970869,-1,4879600
146.084603,145.969700,121.539900,99,93,192,10.26108,-0.57749,4088,120960692,372938318,-1,4326036
146.199775,146.086600,115.171600,100,93,193,10.84575,-0.57749,6986,114490039,373043062,-1,3883212
146.309702,146.203500,109.927300,100,93,193,11.43042,-0.57749,7816,110174923,373068776,-1,3514960
146.414465,146.320500,104.762300,100,93,193,12.01529,-0.57749,4128,105110269,373002435,-1,3034500
146.513073,146.420700,98.608150,100,93,193,12.51635,-0.57749,4088,98445384,372967216,-1,2554760
146.606886,146.520900,93.812840,100,93,193,13.01741,-0.57749,4168,93742654,372965552,-1,2259524
146.696756,146.621200,89.870690,100,93,193,13.51858,-0.57749,4248,89369962,372985392,-1,1890504
146.780930,146.704700,84.174070,100,93,193,13.93613,-0.57749,4152,84757846,372989383,-1,1522252
146.862009,146.788200,81.078120,100,93,193,14.35364,-0.57749,7872,81144923,372994617,-1,1374654
146.940691,146.871600,78.682380,100,93,193,14.77109,-0.57749,4128,78511193,372985643,-1,1041792
147.017443,146.955200,76.752460,100,93,193,15.18859,-0.57749,4128,76815615,372975496,-1,857268
147.090539,147.021900,73.095570,100,93,193,15.52259,-0.57749,5386,73015500,372956007,-1,709640
147.162878,147.105400,72.339310,100,93,193,15.52259,-0.57749,4128,73278192,372961207,-1,635836
147.234045,147.172200,71.166500,100,93,193,15.52259,-0.57749,4248,71108884,372986576,-1,709640
147.306228,147.239000,72.183430,100,93,193,15.52259,-0.57749,4192,72059730,372992109,-1,710408
147.379119,147.322400,72.890430,99,94,193,15.52259,-0.57749,8568,72745000,372928624,-1,710420
147.451755,147.389200,72.635930,99,94,193,15.52259,-0.57749,5306,72632846,372126560,-1,746576
147.524551,147.456000,72.796650,99,94,193,15.52259,-0.57749,4128,72372846,372124826,-1,857282
147.597460,147.539500,72.908730,99,94,193,15.52259,-0.57749,4088,73166000,372102080,-1,783464
147.671863,147.606200,74.403420,99,94,193,15.52259,-0.57749,4088,74341846,372106304,-1,857248
147.746347,147.673000,74.483920,100,94,194,15.52259,-0.57749,5768,74447692,372222936,-1,1004856
147.821875,147.756500,75.527460,100,94,194,15.52259,-0.57749,4112,75168846,372233935,-1,1153232
147.898737,147.823300,76.861770,100,94,194,15.52259,-0.57749,4088,76727615,372225630,-1,1153242
147.976467,147.906800,77.730580,100,94,194,15.52259,-0.57749,7832,77751500,372252145,-1,1227048
148.054501,147.990300,78.033960,100,94,194,15.52259,-0.57749,4088,78021577,372256331,-1,1263204
148.133336,148.057100,78.835300,100,94,194,15.52259,-0.57749,5306,78533884,372251087,-1,1373896
148.211600,148.140600,78.263380,100,94,194,15.52259,-0.57749,4168,78341308,372237927,-1,1521484
148.293449,148.224100,81.849230,100,94,194,15.52259,-0.57749,4248,81746115,372274160,-1,1521484
148.375888,148.307700,82.439120,100,94,194,15.52259,-0.57749,4152,81962499,372277847,-1,1669860
148.457394,148.374500,81.505770,99,95,194,15.52259,-0.57749,8224,82012577,372296017,-1,1817478
148.542150,148.458000,84.756270,99,95,194,15.52259,-0.57749,5306,84269923,372301472,-1,1779832
148.626223,148.541500,84.072920,99,95,194,15.52259,-0.57749,4088,84291962,372321849,-1,1890538
148.712053,148.641800,85.829770,99,95,194,15.52259,-0.57749,4128,85850923,372276024,-1,1964328
148.799117,148.725300,87.064580,100,95,195,15.52259,-0.57749,5728,86997807,372396008,-1,2038112
148.886818,148.808800,87.701000,100,95,195,15.52259,-0.57749,4112,87491962,372406111,-1,2038880
148.974250,148.892300,87.431620,100,95,195,15.52259,-0.57749,7832,87676577,372418081,-1,2186498
149.065076,148.975800,90.825880,100,95,195,15.52259,-0.57749,4472,90712731,372327675,-1,2222656
149.155016,149.075900,89.939690,100,95,195,15.52259,-0.57749,5306,89771577,371539963,-1,2333348
149.246925,149.159400,91.909390,100,95,195,15.52259,-0.57749,4128,91964384,371517007,-1,2480956
149.339367,149.259600,92.442190,100,95,195,15.52259,-0.57749,4248,91892808,371542810,-1,2628544
149.435092,149.343100,95.724660,99,96,195,15.52259,-0.57749,8208,95951077,371627801,-1,2481704
149.636585,149.443300,201.493700,99,96,195,15.52259,-0.57749,5346,198846654,371607393,-1,2813088
149.789321,149.643800,152.735500,99,96,195,15.52259,-0.57749,4128,155181692,371585477,-1,2923780
149.988571,149.794000,199.249900,100,96,196,15.52259,-0.57749,5728,199354846,371746380,-1,3218976
150.135027,149.994400,146.455900,99,97,196,15.52259,-0.57749,8208,145853384,371746931,-1,3367352
150.243708,150.144700,108.681700,100,97,197,15.52259,-0.57749,7170,109160461,371713002,-1,3551114
150.350762,150.245000,107.053900,100,97,197,15.52259,-0.07617,4128,106101461,370916170,-1,3587996
150.463604,150.362000,112.841300,100,97,197,15.52259,0.50881,7888,112184423,371008656,-1,3735604
150.571572,150.462200,107.968700,100,97,197,15.52259,1.01008,7856,108287154,371048637,-1,3884000
150.686693,150.579200,115.120800,100,97,197,15.52259,1.59478,7808,114902115,371048342,-1,3772560
150.794713,150.696100,108.019700,100,97,197,15.52259,2.17958,7848,107811154,371037839,-1,3883272
150.905315,150.796400,110.601800,100,97,197,15.52259,2.68097,4128,110207038,371045079,-1,3883272
151.017871,150.913400,112.556000,100,97,197,15.52259,3.26585,7968,113031038,371090303,-1,4030880
151.134091,151.030300,116.219900,99,98,197,15.52259,3.85071,9810,115354692,371038585,-1,4253080
151.248536,151.147300,114.445200,99,98,197,15.52259,4.43554,9026,114688731,370233866,-1,4067836
151.363603,151.247600,115.067400,100,98,198,15.52259,4.93685,5608,115274769,371091075,-1,4252332
151.477647,151.364500,114.044200,100,98,198,15.52259,5.52169,4128,113257115,371087084,-1,4215410
151.601798,151.481500,124.150100,100,98,198,15.52259,6.10662,4208,124767385,371104584,-1,4289194
151.718615,151.615200,116.817600,100,98,198,15.52259,6.77519,11536,116150115,371159966,-1,4363746
151.841355,151.732300,122.739800,100,98,198,15.52259,7.36026,4472,123021116,371052175,-1,4363012
151.957264,151.849300,115.909200,100,98,198,15.52259,7.94529,4168,116034231,370224984,-1,4510586
152.078332,151.966200,121.068200,100,98,198,15.52259,8.53008,4128,120994692,370225944,-1,4473664
152.196279,152.083200,117.946700,100,98,198,15.52259,9.11487,5506,118094846,370249736,-1,4399860
152.316602,152.200100,120.322900,99,99,198,15.52259,9.69971,8208,120090807,370287363,-1,4179216
152.431833,152.317100,115.230800,100,99,199,15.52259,10.28452,6866,115243269,370339576,-1,4141580
152.546728,152.434100,114.894800,100,99,199,15.52259,10.86930,4088,114745000,370320449,-1,4104624
152.660727,152.551100,113.999100,100,99,199,15.52259,11.45431,4128,113398615,370315986,-1,3993918
152.778579,152.668100,117.852700,100,99,199,15.52259,12.03929,4592,117754577,370245170,-1,3920114
152.885302,152.785000,106.722900,100,99,199,15.52259,12.62410,4192,106795039,369170609,-1,3810176
152.994605,152.885300,109.302600,99,100,199,15.52259,13.12538,8184,109545038,369171935,-1,3662578
153.104697,153.002200,110.092400,100,100,200,15.52259,13.71023,6870,108792808,370046696,-1,3477304
153.207173,153.102500,102.476000,100,100,200,15.52259,13.71023,4088,104608846,370036165,-1,3403488
153.314477,153.219400,107.303400,100,100,200,15.52259,13.71023,4128,107215500,370037966,-1,3514194
153.420075,153.319700,105.598300,100,100,200,15.52259,13.71023,4088,105080154,370040902,-1,3624900
153.527026,153.420000,106.951000,100,100,200,15.52259,13.71023,4128,107152807,370037742,-1,3698704
153.634568,153.536900,107.542200,100,100,200,15.52259,13.71023,4128,107616923,370037534,-1,3809410
153.742986,153.637200,108.418200,100,100,200,15.52259,13.71023,4288,108278192,370051071,-1,3809410
153.853617,153.754100,110.630200,100,100,200,15.52259,13.71023,4152,110175308,370060639,-1,3847060
153.965355,153.854400,111.738700,100,100,200,15.52259,13.71023,8628,112093731,369976000,-1,3920874
154.079274,153.971300,113.919000,100,100,200,15.52259,13.71023,4128,113374730,369178265,-1,3993934
154.190750,154.088300,111.476000,100,100,200,15.52259,13.71023,5390,111896154,369164345,-1,4067724
154.304786,154.205200,114.035800,100,100,200,15.52259,13.71023,4248,113862577,369185615,-1,4178430
154.421252,154.305500,116.465500,100,100,200,15.52259,13.71023,4192,116310807,369198639,-1,4179198
154.535633,154.422500,114.381200,99,101,200,15.52259,13.71023,8184,114341962,369216899,-1,4474424
154.655614,154.539400,119.980900,99,101,200,15.52259,13.71023,5734,119635269,369113252,-1,4473680
154.775345,154.656300,119.730900,100,101,201,15.52259,13.71023,5608,119884692,368382805,-1,4473666
154.896039,154.790000,120.694300,100,101,201,15.52259,13.71023,4248,120207923,368417602,-1,4584352
155.016385,154.907000,120.346400,100,101,201,15.52259,13.71023,7816,120475616,368445184,-1,4843434
155.140275,155.024000,123.889300,100,101,201,15.52259,13.71023,5350,123898577,368432240,-1,4805798
155.265423,155.141000,125.148300,100,101,201,15.52259,13.71023,4128,125409462,368406709,-1,4990294
155.465684,155.274600,200.260700,100,101,201,15.52259,13.71023,4168,200245307,368407222,-1,5027176
155.680763,155.475100,215.079400,100,101,201,15.52259,13.71023,4288,214740693,368431490,-1,5211686
155.912579,155.692300,231.816500,99,102,201,15.52259,13.71023,8248,231102577,368464772,-1,5323160
156.052253,155.926300,139.673200,100,102,202,15.52259,13.71023,6870,140525154,369314041,-1,5470000
156.192650,156.059900,140.397300,100,102,202,15.52259,13.71023,5430,140290077,369331992,-1,5580706
156.330320,156.193600,137.670600,100,102,202,14.85418,13.71023,8240,136388231,369283078,-1,5618376
156.473192,156.344000,142.871600,100,102,202,14.10225,13.71023,11748,142187230,369299874,-1,6023564
156.611631,156.477700,138.438900,100,102,202,13.43378,13.71023,7848,139258538,371678090,-1,6577100
156.778222,156.611400,166.591500,100,102,202,12.76535,13.71023,8024,166636539,373315867,-1,6798532
156.930254,156.778500,152.031800,100,102,202,11.92966,13.71023,11576,151451192,374147764,-1,6910026
157.088697,156.928900,158.443100,100,102,202,11.17767,13.71023,4128,158374692,374115869,-1,6761690
157.241509,157.096000,152.812200,100,102,202,10.34234,13.71023,13290,152849692,374096071,-1,6650964
157.393342,157.246300,151.832500,100,102,202,9.59062,13.71023,4248,151925193,374908260,-1,6503356
157.539942,157.396600,146.600200,100,102,202,8.83910,13.71023,11960,146475423,374834278,-1,6467202
157.685155,157.546900,145.213300,100,102,202,8.08755,13.71023,4128,144737808,373989587,-1,6097448
157.824642,157.697300,139.486900,100,102,202,7.33582,13.71023,4168,139543193,373962358,-1,5839080
157.961160,157.830900,136.518100,100,102,202,6.66780,13.71023,4248,136680307,373945655,-1,5617668
158.093796,157.964500,132.635100,99,103,202,5.99993,13.71023,11928,132626770,373984006,-1,5286278
158.223671,158.098100,129.875200,99,103,202,5.33193,13.71023,5310,129796000,373937043,-1,5064152
158.349275,158.231700,125.604600,100,103,203,4.66398,13.71023,5648,125772538,374795443,-1,4953392
158.472886,158.348600,123.610700,100,103,203,4.07939,13.71023,4208,123324807,374808784,-1,4731980
158.593007,158.482200,120.121300,100,103,203,3.41135,13.71023,7856,119836923,374837598,-1,4511336
158.711903,158.599100,118.896100,100,103,203,2.82681,13.71023,4088,118675731,374812669,-1,4362994
158.826543,158.716000,114.639500,100,103,203,2.24219,13.71023,4168,114829500,374761937,-1,4215372
158.941094,158.832900,114.550800,100,103,203,1.65768,13.71023,4128,114662385,374756953,-1,4030822
159.053992,158.949800,112.898700,100,103,203,1.07321,13.71023,4288,112517500,374782110,-1,3920116
159.166941,159.066700,112.948800,100,103,203,0.48879,13.71023,5374,112914923,374781100,-1,3883982
159.277761,159.166900,110.819900,99,104,203,0.48879,13.71023,8224,111846884,374789158,-1,3847090
159.390333,159.283900,112.571700,99,104,203,0.48879,13.71023,5310,112342461,374785033,-1,3809424
159.501313,159.400800,110.980300,100,104,204,0.48879,13.71023,5648,111016076,374849648,-1,3846312
159.612383,159.501100,111.070200,100,104,204,0.48879,13.71023,4088,111060154,374849145,-1,3883214
159.724042,159.618000,111.658900,100,104,204,0.48879,13.71023,4512,111471808,374760911,-1,3883214
159.835406,159.735000,111.363900,100,104,204,0.48879,13.71023,4088,111246346,373971303,-1,3883214
159.946925,159.835200,111.519300,100,104,204,0.48879,13.71023,4248,111577115,373991060,-1,3920116
160.058845,159.952100,111.919900,100,104,204,0.48879,13.71023,4152,111399076,373987619,-1,4031590
160.170182,160.069000,111.337000,100,104,204,0.48879,13.71023,5390,111706692,373970302,-1,4031580
160.282757,160.186000,112.574800,100,104,204,0.48879,13.71023,8204,112529923,373992985,-1,4031580
160.395052,160.286200,112.295200,100,104,204,0.48879,13.71023,4168,112035423,373996972,-1,4104640
160.508003,160.403100,112.950700,100,104,204,0.48879,13.71023,4248,112897769,374005540,-1,4215332
160.621886,160.520000,113.882900,100,104,204,0.48879,13.71023,4192,113775692,374011803,-1,4326806
160.735974,160.637000,114.088600,99,105,204,0.48879,13.71023,8184,114083077,374033234,-1,4326816
160.850846,160.737200,114.872000,99,105,204,0.48879,13.71023,5350,114755192,374022992,-1,4399876
160.966658,160.854100,115.811700,99,105,204,0.48879,13.71023,4472,115886231,373913039,-1,4436764
161.083380,160.971100,116.721500,99,105,204,0.48879,13.71023,4248,116381192,373130672,-1,4473666
161.257973,161.088000,174.593600,100,105,205,0.48879,13.71023,6854,174761038,374025447,-1,4548218
161.466674,161.271700,208.700500,100,105,205,0.48879,13.71023,7832,208604615,374035636,-1,4622032
161.676071,161.472100,209.396900,100,105,205,0.48879,13.71023,4248,209321923,374035829,-1,4695078
161.854003,161.689200,177.932800,99,106,205,0.48879,13.71023,8208,177675654,374074680,-1,4991042
161.977123,161.856100,123.119500,99,106,205,0.48879,13.71023,5310,123283231,374037180,-1,5027196
162.101689,161.989700,124.566000,99,106,205,0.48879,13.71023,4248,124171461,374044728,-1,5101000
162.226953,162.106500,125.264300,98,107,205,0.48879,13.71023,9390,125396038,374099033,-1,5138650
162.355051,162.240100,128.098200,99,107,206,0.48879,13.04244,6830,127177385,374977042,-1,5248622
162.482804,162.357000,127.752600,99,107,206,0.48879,12.45814,4432,127875846,374858245,-1,5470020
162.613583,162.490500,130.778800,99,107,206,0.48879,11.79032,7888,130378653,374088166,-1,5543804
162.744855,162.624100,131.271900,100,107,207,0.48879,11.12248,9296,130885154,374214070,-1,5544592
162.877659,162.757600,132.804600,100,107,207,0.48879,10.45484,4128,132395423,374202012,-1,5617662
163.009497,162.891200,131.837800,100,107,207,0.48879,9.78713,8028,132663308,374189780,-1,5765256
163.144452,163.024700,134.955000,100,107,207,0.48879,9.11945,5470,134259538,374217557,-1,5912864
163.280911,163.158200,136.459000,100,107,207,0.48879,8.45181,7856,136493731,374244833,-1,6061240
163.418483,163.291800,137.571500,100,107,207,0.48879,7.78405,4168,137977846,374221791,-1,6097388
163.556752,163.425300,138.269800,100,107,207,0.48879,7.11631,4512,137227076,374105009,-1,6208060
163.695050,163.558900,138.297500,100,107,207,0.48879,6.44844,4288,139271308,373322791,-1,6171158
163.834893,163.709200,139.843000,99,108,207,0.48879,5.69703,8208,139460423,373365038,-1,6245710
163.973824,163.842800,138.931500,100,108,208,0.48879,5.02914,7254,139190308,373333827,-1,6355682
164.112568,163.976300,138.743400,100,108,208,0.48879,4.36133,4088,138519923,372512978,-1,6429452
164.254421,164.126600,141.853700,100,108,208,0.48879,3.60994,5470,141457616,372535479,-1,6429452
164.395982,164.260200,141.560200,100,108,208,0.48879,2.94216,7816,141672654,372570451,-1,6467122
164.537517,164.410400,141.535200,100,108,208,0.48879,2.19079,4168,141292577,372543002,-1,6466388
164.679657,164.544000,142.140000,100,108,208,0.48879,1.52303,4128,142061731,372522511,-1,6577060
164.821924,164.694200,142.267400,100,108,208,0.48879,0.77174,4288,142723307,373347332,-1,6650864
164.964098,164.827800,142.173300,100,108,208,0.48879,0.10385,4152,141595077,373355682,-1,6725436
165.108686,164.978100,144.588200,99,109,208,0.48879,-0.64746,8224,144890730,373361449,-1,6762348
165.252382,165.111600,143.696100,99,109,208,0.48879,-1.31533,5310,143408461,373352884,-1,6761584
165.394987,165.261900,142.605200,99,109,208,0.48879,-1.31533,4128,143286461,373338025,-1,6835374
165.538376,165.395500,143.388900,99,109,208,0.48879,-1.31533,4472,143606076,373248810,-1,6798472
165.681701,165.545800,143.324700,100,109,209,0.48879,-1.31533,5648,143247654,373332819,-1,6761570
165.824647,165.696100,142.946700,100,109,209,0.48879,-1.31533,4088,142898539,373323724,-1,6872276
165.971283,165.829600,146.635700,100,109,209,0.48879,-1.31533,4248,146446346,373348960,-1,6872256
166.115866,165.979900,144.583100,100,109,209,0.48879,-1.31533,4112,144307346,373355059,-1,6946828
166.259993,166.130100,144.127200,100,109,209,0.48879,-1.31533,9466,144355731,373363578,-1,6946838
166.409304,166.263700,149.310600,100,109,209,0.48879,-1.31533,4128,148991846,373359457,-1,6872290
166.555300,166.414000,145.996400,100,109,209,0.48879,-1.31533,4288,146109308,373362783,-1,6909178
166.700653,166.564300,145.352500,100,109,209,0.48879,-1.31533,4152,145238269,373368017,-1,6909946
166.847176,166.714600,146.523500,99,110,209,0.48879,-1.31533,8608,146630308,374085844,-1,6873054
166.992057,166.848200,144.880200,99,110,209,0.48879,-1.31533,5310,144682461,373273353,-1,6835408
167.262089,166.998600,270.032200,99,110,209,0.48879,-1.31533,4248,270105999,373279707,-1,6909178
167.528060,167.265800,265.971500,99,111,210,0.48879,-1.31533,10950,265701154,373409468,-1,6946848
167.752979,167.533000,224.918700,99,111,210,0.48879,-1.31533,5430,224900154,373379868,-1,6983002
167.904710,167.766900,151.730600,100,111,211,0.48879,-1.31533,9336,151705462,373503965,-1,7020652
168.053670,167.917400,148.959800,100,111,211,0.48879,-1.31533,4088,148894731,373461467,-1,6983002
168.202776,168.067800,149.106600,100,111,211,0.48879,-1.31533,5470,149224077,373474214,-1,7056786
168.354877,168.218200,152.100600,99,112,211,1.24060,-1.31533,8208,150559423,373528487,-1,7057554
168.512926,168.368500,158.049200,100,112,212,1.99252,-1.31533,6870,157659115,374395793,-1,7167526
168.663049,168.518900,150.122600,100,112,212,2.74433,-1.31533,8152,150702731,374287781,-1,7241296
168.825081,168.669300,162.032700,100,112,212,3.49616,-1.31533,7928,162262346,373519718,-1,7204414
168.980107,168.836300,155.025300,100,112,212,4.33160,-1.31533,8076,154604192,373550775,-1,7131398
169.132942,168.986700,152.835500,100,112,212,5.08327,-1.31533,8328,152686115,373438313,-1,6946140
169.282912,169.137100,149.969800,100,112,212,5.83510,-1.31533,5350,150129577,372608365,-1,6650924
169.427569,169.287400,144.656800,100,112,212,6.58665,-1.31533,7968,144574615,372623879,-1,6208100
169.567753,169.437700,140.184200,100,112,212,7.33828,-1.31533,7856,139804923,372631367,-1,5987456
169.702946,169.571300,135.192600,100,112,212,8.00617,-1.31533,4168,135188846,372600544,-1,5285564
169.831015,169.704900,128.069600,100,112,212,8.67421,-1.31533,4128,128248346,372526310,-1,5174824
169.956151,169.838500,125.135400,100,112,212,9.34223,-1.31533,4288,124766000,372537770,-1,4547470
170.073933,169.955400,117.782200,100,112,212,9.92672,-1.31533,8240,116731846,372457083,-1,4105414
170.186176,170.072200,112.243500,100,112,212,10.51100,-1.31533,5390,112910231,371638491,-1,3477326
170.291141,170.189100,104.965100,100,112,212,11.09535,-1.31533,4128,104704308,371600648,-1,3145194
170.391978,170.289300,100.836200,100,112,212,11.59634,-1.31533,4168,101093000,371549282,-1,2997566
170.490873,170.406200,98.895230,100,112,212,12.18088,-1.31533,7928,98481538,371584687,-1,2554742
170.584914,170.489700,94.041190,100,112,212,12.59811,-1.31533,7896,93772461,371629478,-1,2038902
170.671171,170.589800,86.257310,100,112,212,13.09898,-1.31533,4128,86673000,371614079,-1,1853658
170.757426,170.673300,86.254310,100,112,212,13.51632,-1.31533,4128,86006885,371584656,-1,1742938
170.839386,170.756800,81.960110,100,112,212,13.93370,-1.31533,4168,82176346,371587128,-1,1373898
170.919140,170.840200,79.753850,100,112,212,14.35104,-1.31533,4128,79890038,371588897,-1,1300094
170.998373,170.923700,79.233890,100,112,212,14.76836,-1.31533,4248,78702885,371618536,-1,931074
171.072901,171.007200,74.527190,99,113,212,15.18568,-1.31533,9470,74465461,371662599,-1,784234
171.145891,171.074000,72.990770,99,113,212,15.18568,-1.31533,5310,74218115,371648541,-1,598990
171.218353,171.157400,72.461730,100,113,213,15.18568,-1.31533,5608,72252231,372529808,-1,709696
171.289224,171.224200,70.870380,100,113,213,15.18568,-1.31533,4128,70962846,372507150,-1,820368
171.361628,171.291000,72.404190,100,113,213,15.18568,-1.31533,4088,72060615,372510958,-1,820348
171.434928,171.374500,73.299960,100,113,213,15.18568,-1.31533,4088,73180423,372515134,-1,820348
171.509356,171.441300,74.428500,100,113,213,15.18568,-1.31533,4248,74557000,372540978,-1,820348
171.584302,171.524800,74.946150,100,113,213,15.18568,-1.31533,4112,74769846,372548005,-1,894920
171.658847,171.591700,74.544540,100,113,213,15.18568,-1.31533,4128,74598769,372534760,-1,894930
171.734391,171.675200,75.544000,100,113,213,15.18568,-1.31533,4168,75462423,372533332,-1,968736
171.810253,171.742000,75.862270,99,114,213,15.18568,-1.31533,8184,75398384,372568451,-1,1116344
171.886607,171.825500,76.354310,99,114,213,15.18568,-1.31533,5310,76495462,372573090,-1,1152480
171.964425,171.892400,77.817190,99,114,213,15.18568,-1.31533,4128,77434077,372572500,-1,1189382
172.043377,171.975900,78.952690,99,114,213,15.18568,-1.31533,4208,78899576,372580414,-1,1336976
172.123407,172.042700,80.029500,99,114,213,15.18568,-1.31533,5334,80020000,372590866,-1,1411548
172.203804,172.126300,80.396770,99,114,213,15.18568,-1.31533,4128,80142346,372600362,-1,1559168
172.285879,172.209800,82.075230,100,114,214,15.18568,-1.31533,9312,82223500,373501743,-1,1706776
172.368605,172.293400,82.725650,100,114,214,15.18568,-1.31533,4088,82680192,373506217,-1,1779834
172.451804,172.376900,83.199840,100,114,214,15.18568,-1.31533,4128,83111000,373510994,-1,1964330
172.536146,172.460400,84.341690,100,114,214,15.18568,-1.31533,4088,84037231,373497298,-1,1964330
172.622958,172.543900,86.811810,100,114,214,15.18568,-1.31533,4208,86908923,373522518,-1,1964330
172.710507,172.627400,87.549160,100,114,214,15.18568,-1.31533,4536,87475462,373432805,-1,2038882
172.796042,172.711000,85.535000,99,115,214,15.18568,-1.31533,8184,85871654,372654076,-1,2038892
172.945690,172.811200,149.648000,99,115,214,15.18568,-1.31533,5310,149448885,372653229,-1,2001246
173.070073,172.961500,124.382800,100,115,215,15.18568,-1.31533,5648,124604154,372721010,-1,2185742
173.232484,173.078400,162.411100,100,115,215,15.18568,-1.31533,5430,162093038,372785049,-1,2554742
173.376443,173.245400,143.958500,99,116,215,15.18568,-1.31533,8208,143852923,372831573,-1,2481706
173.527014,173.379000,150.571400,99,116,215,15.18568,-1.31533,5270,150431846,372843507,-1,2886880
173.631075,173.529300,104.060800,99,116,215,15.18568,-1.31533,4512,104020769,372694356,-1,2923782
173.737672,173.646300,106.597700,99,116,215,15.18568,-1.31533,4208,106293231,371924347,-1,2923762
173.836875,173.746600,99.202690,100,116,216,15.18568,-1.31533,9376,98788308,372857743,-1,2924530
173.936039,173.846900,99.163610,100,116,216,15.18568,-1.31533,4088,98937807,372847672,-1,3108306
174.035834,173.947100,99.795650,100,116,216,15.18568,-1.31533,4128,100072770,372818541,-1,3366606
174.147977,174.047400,112.142600,100,116,216,15.18568,-1.31533,5310,112329154,372827284,-1,3440390
174.254334,174.147700,106.357400,100,116,216,15.18568,-0.81397,4248,105406115,372852806,-1,3514194
174.366074,174.264700,111.739200,99,117,216,15.18568,-0.22899,11888,111216885,372900357,-1,3588766
174.473732,174.364900,107.658800,99,117,216,15.18568,0.27238,9414,107499577,372808848,-1,3551150
174.582080,174.481900,108.347500,99,117,216,15.18568,0.85730,4088,107645385,371979609,-1,3588058
174.690193,174.582200,108.112700,99,117,216,15.18568,1.35880,7808,109010115,372064496,-1,3661842
174.801229,174.699200,111.036700,99,117,216,15.18568,1.94359,4208,110755039,372088926,-1,3957078
174.912900,174.799400,111.670500,99,118,217,15.18568,2.44488,13408,111173269,373314223,-1,3884042
175.030584,174.916400,117.683900,99,118,217,15.18568,3.02964,9334,118019385,373221012,-1,3846426
175.149058,175.033300,118.474400,100,118,218,15.18568,3.61424,6830,117344500,372484525,-1,3883334
175.255140,175.150200,106.082000,100,118,218,15.18568,4.19865,7728,107428923,372493525,-1,4030902
175.370247,175.267100,115.106700,100,118,218,15.18568,4.78300,4208,114069500,372531325,-1,4178510
175.490275,175.383900,120.028400,100,118,218,15.18568,5.36723,11544,120355962,371290787,-1,4400690
175.606454,175.500800,116.178700,100,118,218,15.18568,5.95149,4168,116260154,371254692,-1,4510662
175.730221,175.617600,123.767600,100,118,218,15.18568,6.53586,4128,124086500,371227237,-1,4473706
175.848949,175.734500,118.727100,100,118,218,15.18568,7.12004,4168,118198615,371218781,-1,4473686
175.968080,175.851300,119.131700,100,118,218,15.18568,7.70444,4248,118579346,371230470,-1,4399882
176.086433,175.968200,118.353200,99,119,218,15.18568,8.28865,8632,118694577,371171337,-1,4437532
176.203678,176.085100,117.244800,99,119,218,15.18568,8.87303,5310,116983962,370331897,-1,4362994
176.318861,176.201900,115.182500,99,119,218,15.18568,9.45724,7808,115278885,370316833,-1,4326038
176.434906,176.318800,116.045200,99,119,218,15.18568,10.04142,4088,116463269,370313705,-1,4289156
176.551731,176.435600,116.825300,99,119,218,15.18568,10.62565,4632,115927269,370241645,-1,4215352
176.666969,176.552500,115.237800,100,119,219,15.18568,11.21000,9336,115499115,370350363,-1,3957806
176.779173,176.669400,112.203700,100,119,219,15.18568,11.79460,4128,111649692,370322950,-1,3846366
176.888793,176.786300,109.619900,100,119,219,15.18568,12.37895,4088,110127615,370295348,-1,3809430
176.997186,176.903100,108.393500,100,119,219,15.18568,12.96318,4128,108750538,370276528,-1,3551116
177.106499,177.003300,109.312800,100,119,219,15.18568,13.46406,5470,108638462,370290777,-1,3477292
177.213024,177.120200,106.524900,99,120,219,15.18568,13.46406,8248,107238308,370338189,-1,3330452
177.318038,177.220400,105.014500,99,120,219,15.18568,13.46406,5310,105183423,370318890,-1,3477326
177.422712,177.320500,104.674200,99,120,219,15.18568,13.46406,4128,104945115,370280707,-1,3551116
177.530661,177.437500,107.948900,99,120,219,15.18568,13.46406,4088,107869885,370280948,-1,3551096
177.641462,177.537700,110.800400,99,120,219,15.18568,13.46406,4248,110769615,370308870,-1,3624900
177.751063,177.654600,109.600800,100,120,220,15.18568,13.46406,9720,109432000,371137753,-1,3847080
177.861557,177.754800,110.494600,100,120,220,15.18568,13.46406,4128,110090462,370327614,-1,3957052
177.971770,177.871800,110.212500,100,120,220,15.18568,13.46406,4088,110431270,370294567,-1,4067744
178.085761,177.972100,113.991000,100,120,220,15.18568,13.46406,4128,114032038,370297887,-1,4067724
178.200402,178.089100,114.641500,100,120,220,15.18568,13.46406,5430,114562462,370323616,-1,4178430
178.316319,178.206000,115.917100,99,121,220,15.18568,13.46406,8248,115329192,370364909,-1,4289904
178.433542,178.323000,117.222500,99,121,220,15.18568,13.46406,5310,117408961,370345730,-1,4289170
178.549661,178.440100,116.119500,99,121,220,15.18568,13.46406,4128,116353500,370313583,-1,4326058
178.665714,178.557100,116.053200,99,121,220,15.18568,13.46406,4088,116162769,370316984,-1,4436744
178.825179,178.674100,159.464200,99,121,220,15.18568,13.46406,4248,159448077,370346966,-1,4621254
179.033364,178.841200,208.185100,100,121,221,15.18568,13.46406,9720,207793269,370375004,-1,4732728
179.241525,179.041700,208.160800,100,121,221,15.18568,13.46406,5350,208148731,369555345,-1,4953392
179.423046,179.242200,181.521400,100,121,221,15.18568,13.46406,4248,180672077,369562164,-1,4953372
179.548862,179.425900,125.816400,99,122,221,15.18568,13.46406,8208,126443769,369585100,-1,5101748
179.678788,179.559400,129.926000,99,122,221,15.18568,13.46406,5350,126251038,369536271,-1,5359314
179.813335,179.676200,134.546300,99,122,221,15.18568,13.46406,4088,137950154,369541878,-1,5433098
179.945003,179.826500,131.668300,99,122,221,15.18568,13.46406,4248,131842308,369566644,-1,5506902
180.081982,179.960000,136.979500,99,123,222,15.18568,13.46406,10072,136843076,369870739,-1,5544572
