wall_seconds,game_seconds,frame_ms,active_enemies,kills,spawned,player_x,player_z,gc_bytes,main_thread_ns,total_used_memory_bytes,draw_calls,triangles
0.085312,0.000000,85.311610,0,0,0,0.49006,0.00050,48044,0,282428796,-1,45442
0.156266,0.116974,70.953930,2,0,2,1.07491,0.00050,5878,70392039,284913609,-1,45354
0.165036,0.184052,8.770000,2,0,2,1.41029,0.00050,128,8627846,284937430,-1,156074
0.229308,0.200760,64.272500,2,0,2,1.49386,0.00050,168,64218808,284806683,-1,156074
0.295604,0.267685,66.296070,2,0,2,1.82848,0.00050,128,65985231,274817283,-1,156074
0.359118,0.334488,63.513610,2,0,2,2.16247,0.00050,128,63052692,274814803,-1,156074
0.424494,0.384598,65.376730,2,0,2,2.41302,0.00050,128,65386153,274814335,-1,156074
0.486746,0.451401,62.251160,2,0,2,2.74706,0.00050,168,62366769,274815395,-1,82270
0.552720,0.518204,65.974580,2,0,2,3.08110,0.00050,208,65828653,274817439,-1,82270
0.626913,0.585037,74.192420,2,0,2,3.41524,0.00050,208,74115846,274817915,-1,82270
0.699316,0.651871,72.403380,3,0,3,3.74941,0.00050,1768,72237654,275719405,-1,82270
0.768519,0.735413,69.203420,3,0,3,4.16713,0.00050,208,69500885,275717977,-1,156074
0.843909,0.802246,75.389580,3,0,3,4.50131,0.00050,208,75191769,275719449,-1,156074
0.924359,0.869064,80.450040,3,0,3,4.83544,0.00050,248,80107192,275716977,-1,156074
0.999191,0.952606,74.831770,3,0,3,5.25313,0.00050,208,74364577,275717801,-1,156074
1.071731,1.036148,72.539890,3,0,3,5.67083,0.00050,1430,72906076,275849004,-1,156074
1.146927,1.102966,75.196430,3,0,3,6.00495,0.00050,288,75022116,275850044,-1,156074
1.221126,1.169708,74.198460,4,0,4,6.33869,0.00050,1768,74135308,276650835,-1,156074
1.294553,1.253174,73.427890,4,0,4,6.75600,0.00050,248,73306731,276651059,-1,192976
1.367577,1.319977,73.023690,4,0,4,7.09002,0.00050,288,72276808,276648543,-1,192976
1.430992,1.403503,63.415340,4,0,4,7.50768,0.00050,248,63891423,276649195,-1,192976
1.494984,1.453674,63.991230,4,0,4,7.75850,0.00050,248,64011231,276653055,-1,192976
1.558930,1.520508,63.946160,4,0,4,8.09266,0.00050,288,64203231,276653655,-1,192976
1.623868,1.587326,64.938190,4,0,4,8.42678,0.00050,288,64250000,276653419,-1,192976
1.687795,1.654114,63.926960,4,0,4,8.76074,0.00050,288,64373346,276653467,-1,192976
1.752794,1.720932,64.998540,5,0,5,9.09481,0.00050,1944,65104077,277542929,-1,192976
1.816277,1.787735,63.483540,5,0,5,9.42885,0.00050,288,63559846,277542313,-1,229878
1.882266,1.854538,65.989270,5,0,5,9.76288,0.00050,288,65860308,277542849,-1,192976
1.945147,1.921402,62.880540,5,0,5,10.09717,0.00050,328,62892423,277541785,-1,119172
2.008585,1.971527,63.437810,5,0,5,10.34776,0.00050,288,63332923,277541977,-1,119172
2.072164,2.038330,63.579230,5,0,5,10.68181,0.00050,1510,63444269,277680916,-1,119172
2.136157,2.105164,63.993390,5,0,5,11.01598,0.00050,288,63341346,277681996,-1,119172
2.199155,2.172028,62.997690,6,0,6,11.35029,0.00050,1888,63337730,278489463,-1,119172
2.262953,2.222153,63.797690,7,0,7,11.60090,0.00050,1848,63354269,279411865,-1,229878
2.327813,2.288971,64.859960,7,0,7,11.93501,0.00050,328,65279692,279410469,-1,266780
2.395068,2.355804,67.254880,7,0,7,12.26914,0.00050,328,67140808,279412201,-1,266780
2.459717,2.422607,64.648960,7,0,7,12.60314,0.00050,368,64654461,279411337,-1,266780
2.524724,2.489410,65.007730,7,0,7,12.93718,0.00050,328,64751192,279411513,-1,266780
2.589606,2.556229,64.882080,7,0,7,13.27125,0.00050,328,65119154,279411749,-1,266780
2.655153,2.623077,65.546270,7,0,7,13.60551,0.00050,408,65258077,279412185,-1,266780
2.720768,2.689911,65.615770,7,0,7,13.93967,0.00050,408,65497538,279411985,-1,266780
2.785748,2.756760,64.979190,8,0,8,14.27388,0.00050,1928,65021500,279515895,-1,266780
2.849734,2.823608,63.985960,8,0,8,14.60810,0.00050,448,64155039,279515763,-1,266780
2.914959,2.873718,65.225920,8,0,8,14.85865,0.00050,408,65127308,279515955,-1,266780
2.980195,2.940536,65.235380,8,0,8,15.19271,0.00050,408,65193846,279516131,-1,266780
3.044838,3.007370,64.643040,8,0,8,15.52684,0.00050,1630,64424115,279647990,-1,266780
3.108769,3.074203,63.931270,8,0,8,15.52684,0.00050,448,64591384,279652718,-1,266780
3.173474,3.141022,64.704420,8,0,8,15.52684,0.00050,408,64657192,279522367,-1,266780
3.238603,3.207886,65.129110,8,0,8,15.52684,0.00050,448,65050807,279521543,-1,266780
3.305332,3.274719,66.729690,9,0,9,15.52684,0.00050,2438,66656077,279905045,-1,266780
3.368854,3.341553,63.521230,9,0,9,15.52684,0.00050,472,63467385,279912934,-1,304450
3.437313,3.408401,68.459810,9,0,9,15.52684,0.00050,448,68259423,279911374,-1,304462
3.503962,3.475235,66.648850,9,0,9,15.52684,0.00050,14040,66696577,280130513,-1,304462
3.568368,3.542068,64.405770,9,0,9,15.52684,0.00050,448,64183500,280130321,-1,266814
3.632293,3.592163,63.924500,9,0,9,15.52684,0.00050,448,63920462,280002112,-1,303716
3.697067,3.658966,64.774540,9,0,9,15.52684,0.00050,448,64827961,279985331,-1,303702
3.762432,3.725784,65.365190,9,0,9,15.52684,0.00050,528,65328885,279984787,-1,303702
3.827369,3.792603,64.936580,10,0,10,15.52684,0.00050,2128,64853462,280174007,-1,340604
3.893447,3.859406,66.077960,10,0,10,15.52684,0.00050,512,65985500,280179996,-1,341372
3.960483,3.926239,67.036580,10,0,10,15.52684,0.00050,528,66871423,280180180,-1,341384
4.025079,3.993073,64.595420,9,1,10,15.52684,0.00050,4808,64658538,280195854,-1,341384
4.090493,4.059906,65.414310,9,1,10,15.52684,0.00050,1670,65341154,280197849,-1,303736
4.155457,4.126740,64.964160,9,1,10,15.52684,0.00050,488,64801423,280197779,-1,340638
4.220781,4.193573,65.323500,10,1,11,15.52684,0.00050,1968,65363692,280275517,-1,340624
4.285786,4.260391,65.005110,10,1,11,15.52684,0.00050,488,64907231,280265652,-1,340624
4.352450,4.310486,66.663730,11,1,12,15.52684,0.00050,2128,66631538,281177008,-1,340604
4.417340,4.377304,64.890300,11,1,12,15.52684,0.00050,552,64830077,281180757,-1,378274
4.484946,4.444153,67.605960,11,1,12,15.52684,0.00050,488,67411192,281181145,-1,378286
4.550906,4.510986,65.960340,11,1,12,15.52684,0.00050,4192,66027077,281186902,-1,378286
4.617965,4.577789,67.058730,11,1,12,15.52684,0.00050,528,66700192,281186078,-1,340638
4.682286,4.644592,64.321040,11,1,12,15.52684,0.00050,528,64388269,281186340,-1,377540
4.748453,4.711395,66.166690,11,1,12,15.52684,0.00050,528,66285308,281169535,-1,377526
4.814740,4.778198,66.287770,11,1,12,15.52684,0.00050,608,66195423,281160510,-1,377526
4.881855,4.844986,67.114230,12,1,13,15.52684,0.00050,2208,67018154,282123058,-1,377506
4.947986,4.911774,66.130840,12,1,13,15.52684,0.00050,592,66136846,282122419,-1,415176
5.015063,4.978546,67.077930,11,2,13,15.52684,0.00050,4664,67103770,282161638,-1,415188
5.082704,5.045319,67.640270,11,2,13,15.52684,0.00050,1750,67439385,282139987,-1,377540
5.148481,5.112106,65.777730,11,2,13,15.52684,0.00050,528,65607961,282131533,-1,414442
5.215017,5.178879,66.535690,11,2,13,15.52684,0.00050,568,66368500,282114237,-1,414428
5.283037,5.245667,68.020200,11,2,13,15.52684,0.00050,528,68150654,282116116,-1,414428
5.348502,5.312439,65.464460,11,2,13,15.52684,0.00050,568,65637538,282104784,-1,414408
5.417871,5.379196,69.368920,12,2,14,15.52684,0.00050,2128,68803346,282993586,-1,414408
5.483018,5.445969,65.147690,12,2,14,15.52684,0.00050,568,65082346,283028038,-1,451310
5.552827,5.512756,69.808390,12,2,14,15.52684,0.00050,568,70047808,283029142,-1,451310
5.621606,5.579529,68.779300,12,2,14,15.52684,0.00050,1160,68753423,282933280,-1,451310
5.688939,5.646317,67.332920,12,2,14,15.52684,0.00050,568,67430616,282136632,-1,377506
5.758171,5.713104,69.232000,12,2,14,15.52684,0.00050,568,68858693,282126124,-1,377506
5.824628,5.796600,66.457190,12,2,14,15.52684,0.00050,608,66500462,282127709,-1,377486
5.891374,5.863388,66.745770,12,2,14,15.52684,0.00050,608,66697500,282127125,-1,377486
5.958242,5.930161,66.867880,13,2,15,15.52684,0.00050,2128,66733962,282227844,-1,377486
6.023501,5.996964,65.258930,13,2,15,15.52684,0.00050,648,65317808,284318719,-1,377486
6.090985,6.047058,67.484230,13,2,15,15.52684,0.00050,1830,67330192,284448586,-1,377486
6.157986,6.130539,67.000690,13,2,15,15.52684,0.41792,608,66121500,284453602,-1,377486
6.225057,6.197327,67.071270,14,2,16,15.52684,0.75187,2168,67125461,285408029,-1,377486
6.291253,6.264145,66.196230,14,2,16,15.52684,1.08597,608,66173770,285412477,-1,414388
6.359188,6.314270,67.934540,14,2,16,15.52684,1.33660,608,67818346,285406729,-1,414388
6.425773,6.397797,66.585460,14,2,16,15.52684,1.75426,688,66646115,285425202,-1,414388
6.497402,6.464630,71.628810,15,2,17,15.52684,2.08843,2168,71220077,285500083,-1,414388
6.598279,6.531433,100.876800,15,2,17,15.52684,2.42243,648,100817730,285500311,-1,414388
6.681985,6.631653,83.706040,15,2,17,15.52684,2.92351,1072,83344769,285409897,-1,414388
6.763235,6.715149,81.250150,15,2,17,15.52684,3.34097,688,81293846,284617165,-1,340584
6.845426,6.798630,82.190540,15,2,17,15.52684,3.75836,688,82280153,284621261,-1,340584
6.922527,6.882111,77.101580,15,2,17,15.52684,4.17579,728,77124038,284620529,-1,340584
7.003793,6.948914,81.265340,15,2,17,15.52684,4.50977,728,81242885,285670029,-1,340584
7.083116,7.032410,79.323730,16,2,18,15.52684,4.92728,3470,79086769,286719830,-1,340584
7.161275,7.115967,78.158420,16,2,18,15.52684,5.34507,888,78157577,286742380,-1,340584
7.241376,7.199478,80.101690,16,2,18,15.52684,5.76260,752,79763846,286620328,-1,341352
7.317951,7.266327,76.575040,16,2,18,15.52684,6.09687,728,77314924,286603263,-1,341362
7.399929,7.349823,81.977150,16,2,18,15.52684,6.51438,4844,81328231,286626958,-1,341364
7.480986,7.433334,81.057920,16,2,18,15.52684,6.93196,728,81092000,286626627,-1,303716
7.550998,7.516830,70.011270,16,2,18,15.52684,7.34944,768,69884038,286625220,-1,340604
7.619218,7.583618,68.220500,17,2,19,15.52684,7.68334,2616,67930154,287533356,-1,340604
7.684973,7.650391,65.754500,17,2,19,15.52684,8.01723,888,65782885,289650586,-1,377506
7.752798,7.717178,67.825230,17,2,19,15.52684,8.35119,792,67791385,289657871,-1,378274
7.819424,7.783981,66.626150,16,3,19,15.52684,8.68520,4864,66747538,289687863,-1,341384
7.885551,7.850800,66.127040,16,3,19,15.52684,9.01931,1950,66321847,290471895,-1,303736
7.951228,7.917603,65.677310,16,3,19,15.52684,9.35333,728,65374076,290470289,-1,414442
8.017704,7.984406,66.475690,16,3,19,15.52684,9.68734,768,66577769,290452773,-1,414428
8.085464,8.051208,67.760270,16,3,19,15.52684,10.02136,1990,67590077,290451000,-1,414428
8.151056,8.118042,65.591420,17,3,20,15.52684,10.35551,2288,65122615,291333285,-1,414428
8.219351,8.184860,68.294690,17,3,20,15.52684,10.68962,808,68451230,291337362,-1,451310
8.289330,8.251694,69.979610,18,3,21,15.52684,11.02382,2288,70103962,292229144,-1,451310
8.355830,8.318512,66.499620,18,3,21,15.52684,11.35792,768,66362923,292221764,-1,488212
8.423592,8.385376,67.762660,18,3,21,15.52684,11.69223,808,67761615,292221648,-1,488212
8.491290,8.452225,67.697810,18,3,21,15.52684,12.02647,768,67632654,292221428,-1,488212
8.558843,8.519073,67.552420,18,3,21,15.52684,12.36072,768,67257116,292211736,-1,488212
8.626151,8.585938,67.308000,18,3,21,15.52684,12.69507,848,67228462,292216393,-1,488192
8.693622,8.652771,67.471120,19,3,22,15.52684,13.02926,2328,67368461,292357395,-1,488192
8.761196,8.719635,67.573770,19,3,22,15.52684,13.36354,848,67738077,292357351,-1,488192
8.828588,8.786438,67.392500,19,3,22,15.52684,13.69759,888,67417116,292356935,-1,488192
8.895990,8.853241,67.402000,19,3,22,15.52684,14.03164,848,67251654,292356451,-1,488192
8.962113,8.920059,66.122570,19,3,22,15.52684,14.36577,848,65964153,292360739,-1,488192
9.031135,8.986893,69.022190,19,3,22,15.52684,14.69996,888,69143500,292361927,-1,488192
9.098816,9.070389,67.681540,19,3,22,15.52684,15.11746,2070,67132500,292360946,-1,561996
9.166068,9.137177,67.251540,19,3,22,15.52684,15.11746,888,68107538,292367154,-1,488192
9.234114,9.203995,68.046540,20,3,23,15.52684,15.11746,2448,68033577,292465465,-1,488192
9.302361,9.270782,68.246890,20,3,23,15.52684,15.11746,888,68152577,292465489,-1,488192
9.368653,9.337570,66.291540,20,3,23,15.52684,15.11746,888,66314423,292459817,-1,488192
9.439128,9.404343,70.475070,20,3,23,15.52684,15.11746,1312,70053577,292372395,-1,488192
9.505999,9.471146,66.870890,20,3,23,15.52684,15.11746,888,67067692,291511885,-1,451290
9.572967,9.537933,66.968080,20,3,23,15.52684,15.11746,888,66956884,291516525,-1,451290
9.639564,9.604736,66.596730,20,3,23,15.52684,15.11746,928,66630616,291511380,-1,451290
9.708012,9.671539,68.448540,20,3,23,15.52684,15.11746,928,68157615,291512790,-1,451290
9.773683,9.738373,65.670880,20,3,23,15.52684,15.11746,928,65920769,291510546,-1,525094
9.840389,9.805206,66.705890,20,3,23,15.52684,15.11746,968,66511500,291515878,-1,525094
9.907660,9.872070,67.270840,20,3,23,15.52684,15.11746,928,67415346,291522034,-1,525094
9.977329,9.938919,69.669110,20,3,23,15.52684,15.11746,928,69494154,291520666,-1,525094
10.047200,10.005750,69.870770,20,3,23,15.52684,15.11746,2190,69678730,291519509,-1,525094
10.114456,10.072590,67.256610,20,3,23,15.52684,15.11746,928,67170154,291524841,-1,525094
10.182600,10.139420,68.143690,20,3,23,15.52684,15.11746,928,68003576,291524030,-1,525094
10.249055,10.206240,66.455040,20,3,23,15.52684,15.11746,968,66296923,291525810,-1,525094
10.318514,10.273070,69.459380,21,3,24,15.52684,15.11746,2448,69540847,292408688,-1,525094
10.385872,10.356610,67.357310,21,3,24,15.52684,15.11746,928,67146153,293210700,-1,561996
10.456202,10.423450,70.330610,21,3,24,15.52684,15.11746,1088,70266039,293264726,-1,635800
10.524784,10.490330,68.581270,21,3,24,15.52684,15.11746,952,68568231,293270247,-1,636568
10.596838,10.557210,72.054810,21,3,24,15.52684,15.11746,928,71666153,293272171,-1,636580
10.666224,10.624040,69.385570,21,3,24,15.52684,15.11746,968,69356576,293254524,-1,636580
10.736793,10.690870,70.568620,21,3,24,15.52684,15.11746,5044,70794807,293278435,-1,636580
10.806290,10.774460,69.497810,21,3,24,15.52684,15.11746,968,69126808,293279058,-1,598932
10.876344,10.841320,70.053340,21,3,24,15.52684,15.11746,1008,70015269,293278908,-1,635834
10.946970,10.908220,70.625960,21,3,24,15.52684,15.11746,968,70884923,293264115,-1,635820
11.016656,10.975020,69.686000,21,3,24,15.52684,15.11746,1088,69456885,293290393,-1,635820
11.087385,11.041820,70.729460,21,3,24,15.52684,15.11746,2254,70803462,293420085,-1,636588
11.156396,11.125370,69.010540,21,3,24,15.52684,15.11746,968,68664616,293424965,-1,636600
11.226764,11.192200,70.368030,20,4,24,15.52684,15.11746,5024,70481615,293311775,-1,636600
11.295126,11.259050,68.362000,20,4,24,15.52684,15.11746,2190,68143615,293314734,-1,598952
11.364510,11.325880,69.384500,20,4,24,15.52684,15.11746,928,69084038,293313016,-1,635854
11.434166,11.392720,69.656150,20,4,24,15.52684,15.11746,928,69668846,293311749,-1,635840
11.504088,11.459550,69.921190,20,4,24,15.52684,15.11746,968,69824577,293290643,-1,635840
11.575327,11.543080,71.239390,20,4,24,15.52684,15.11746,1048,71561692,293307873,-1,635820
11.643805,11.609940,68.478160,20,4,24,15.52684,15.11746,952,67964692,293317082,-1,636588
11.713355,11.676760,69.549930,20,4,24,15.52684,15.11746,968,69692654,293317674,-1,636600
11.784480,11.743560,71.124810,20,4,24,15.52684,15.11746,4632,70627577,293321811,-1,636600
11.855308,11.810350,70.827650,20,4,24,15.52684,15.11746,928,71403192,293321239,-1,635854
11.923496,11.893860,68.188160,20,4,24,15.52684,15.11746,968,67592384,293323417,-1,672756
11.997195,11.960660,73.699770,20,4,24,15.52684,15.11746,928,74161231,293306567,-1,672742
12.067273,12.027500,70.078040,20,4,24,15.52684,15.11746,2150,69784230,293438574,-1,672722
12.139070,12.094280,71.796070,20,4,24,15.19289,15.11746,1088,71181307,293470912,-1,672722
12.209993,12.177840,70.923230,20,4,24,14.77511,15.11746,952,70352923,294139852,-1,710392
12.281876,12.244670,71.883420,19,5,24,14.44094,15.11746,4984,71886308,294157847,-1,784206
12.356751,12.311550,74.875080,20,5,25,14.10656,15.11746,3670,74889846,295202284,-1,820364
12.429919,12.395070,73.167460,20,5,25,13.68898,15.11746,888,73175500,297602331,-1,894168
12.504656,12.461900,74.736810,20,5,25,13.35484,15.11746,888,74454346,297569926,-1,1041762
12.587246,12.528730,82.590840,20,5,25,13.02063,15.11746,928,82436385,297564921,-1,1078664
12.678327,12.612320,91.080960,20,5,25,12.60272,15.11746,1008,91526231,297586943,-1,1041742
12.779094,12.712550,100.766500,20,5,25,12.10154,15.11746,912,100554000,299206371,-1,1042510
12.885248,12.812790,106.154600,20,5,25,11.60038,15.11746,5056,106434692,299114363,-1,1153226
12.996536,12.913020,111.287700,20,5,25,11.09922,15.11746,928,110888615,298317257,-1,1078678
13.101139,13.029970,104.602700,20,5,25,10.51449,15.11746,2190,104654846,298290406,-1,1115566
13.207672,13.130200,106.532800,20,5,25,10.01335,15.11746,1048,106193885,298309916,-1,1115546
13.314053,13.230470,106.381500,20,5,25,9.51199,15.11746,4696,105521154,298353352,-1,1116314
13.413266,13.347430,99.212650,20,5,25,8.92719,15.11746,4812,97698077,298487433,-1,1078678
13.488170,13.447660,74.904000,20,5,25,8.42599,15.11746,2186,75771384,298468911,-1,1115586
13.564247,13.514530,76.077580,20,5,25,8.09169,15.11746,928,76138538,298355777,-1,1115602
13.641323,13.598080,77.075270,20,5,25,7.67391,15.11746,928,77301846,298360153,-1,1115582
13.719768,13.664920,78.445230,20,5,25,7.33971,15.11746,1088,78280654,298380975,-1,1115582
13.797839,13.748490,78.070620,19,6,25,6.92188,15.11746,5008,78326885,298420855,-1,1116332
13.873626,13.832030,75.787650,19,6,25,6.50416,15.11746,2106,75984692,298398680,-1,1041794
13.950724,13.898880,77.097920,19,6,25,6.16993,15.11746,1312,75842269,298308019,-1,1041780
14.025084,13.982470,74.359460,19,6,25,5.75203,15.11746,888,74950462,297484485,-1,1004878
14.098095,14.049290,73.011540,19,6,25,5.41793,15.11746,2106,73263807,297479724,-1,967956
14.171571,14.132830,73.475580,19,6,25,5.00021,15.11746,928,73592115,297479048,-1,931034
14.245763,14.199690,74.192000,19,6,25,4.66592,15.11746,1008,74004538,297500139,-1,931034
14.318634,14.283250,72.871040,19,6,25,4.24816,15.11746,912,72475884,297510070,-1,931802
14.391835,14.350100,73.201030,20,6,26,3.91392,15.11746,2448,73133885,298381527,-1,894910
14.463789,14.416920,71.953770,20,6,26,3.57982,15.11746,4592,71836693,298398869,-1,968716
14.536118,14.500470,72.329460,20,6,26,3.16204,15.11746,888,72398499,298393141,-1,931054
14.609819,14.567320,73.701030,20,6,26,2.82782,15.11746,928,73786039,298393141,-1,894132
14.683188,14.634140,73.368610,20,6,26,2.49372,15.11746,888,72814538,298375715,-1,857230
14.755416,14.717670,72.228420,20,6,26,2.07609,15.11746,888,72810539,298375495,-1,857230
14.828312,14.784470,72.895730,20,6,26,1.74209,15.11746,968,72678808,298380879,-1,857230
14.900109,14.851270,71.797650,20,6,26,1.40810,15.11746,928,71949077,298384883,-1,857230
14.973705,14.934810,73.595340,20,6,26,0.99040,15.11746,928,73134270,298379963,-1,857230
15.045233,15.001630,71.528080,20,6,26,0.65633,15.11746,2186,71875692,298382874,-1,857230
15.117390,15.068450,72.157580,20,6,26,0.65633,15.11746,928,72610192,298387314,-1,783426
15.189565,15.152010,72.174190,20,6,26,0.65633,15.11746,928,72108923,298382219,-1,820328
15.260542,15.218860,70.977540,20,6,26,0.65633,15.11746,968,70813770,298382552,-1,857210
15.332909,15.285680,72.366770,20,6,26,0.65633,15.11746,928,72286192,298377196,-1,857210
15.408265,15.369220,75.355690,20,6,26,0.65633,15.11746,1312,75248999,298289014,-1,820308
15.477706,15.436070,69.441650,20,6,26,0.65633,15.11746,968,69350308,297495754,-1,820308
15.548253,15.502850,70.546690,20,6,26,0.65633,15.11746,928,70659769,297495754,-1,820308
15.621227,15.586380,72.973660,20,6,26,0.65633,15.11746,928,72495885,297496850,-1,820308
15.692353,15.653170,71.125920,20,6,26,0.65633,15.11746,968,71447154,297495786,-1,820308
15.764181,15.719990,71.828420,20,6,26,0.65633,15.11746,928,71671730,297500294,-1,820308
15.836922,15.803540,72.741460,20,6,26,0.65633,15.11746,928,72275730,297500426,-1,820308
15.907049,15.870390,70.126540,20,6,26,0.65633,15.11746,968,70583462,297500014,-1,820308
15.978160,15.937210,71.110500,20,6,26,0.65633,15.11746,928,70726038,297500294,-1,820308
16.050399,16.004040,72.239070,20,6,26,0.65633,15.11746,2146,72187115,297508285,-1,820308
16.121484,16.087600,71.085080,20,6,26,0.65633,15.11746,968,71151616,297508565,-1,820308
16.193591,16.154420,72.107420,20,6,26,0.65633,15.11746,928,72236154,297508618,-1,820308
16.265611,16.221220,72.020200,20,6,26,0.65633,15.11746,928,71869423,297509030,-1,820308
16.336924,16.304730,71.312880,20,6,26,0.65633,15.11746,968,71308115,297508206,-1,820308
16.410132,16.371550,73.208000,21,6,27,0.65633,15.11746,2448,72658230,298396740,-1,857210
16.480288,16.438370,70.155460,21,6,27,0.65633,15.11746,928,70331846,298396860,-1,894112
16.552280,16.505200,71.992650,21,6,27,0.65633,15.11746,968,71920807,298396036,-1,894112
16.624813,16.588760,72.532690,21,6,27,0.65633,15.11746,928,72384192,298396860,-1,894112
16.696461,16.655590,71.648420,21,6,27,0.65633,15.11746,928,71630269,298400132,-1,931014
16.769559,16.722380,73.097920,21,6,27,0.65633,15.11746,1088,73185692,298421370,-1,931014
16.842625,16.805920,73.065350,21,6,27,0.65633,15.11746,992,72672115,298427221,-1,931782
16.916112,16.872730,73.486890,21,6,27,0.65633,15.11746,968,73032423,298410992,-1,931792
16.986830,16.939510,70.718650,21,6,27,0.65633,15.11746,1008,71084692,298409596,-1,931794
17.058686,17.023060,71.855650,20,7,27,0.65633,15.11746,6614,71859346,298444022,-1,931794
17.132129,17.089870,73.443620,20,7,27,0.65633,15.11746,2146,73522923,298443708,-1,894146
17.204909,17.156710,72.779190,20,7,27,0.65633,15.11746,968,72539346,298447163,-1,931048
17.277777,17.240230,72.868190,20,7,27,0.65633,15.11746,928,72832808,298429867,-1,931034
17.351859,17.307070,74.082580,20,7,27,0.65633,15.11746,928,73932154,298435795,-1,931034
17.424373,17.390560,72.513660,20,7,27,0.65633,15.11746,1088,72457884,298456169,-1,931034
17.499800,17.457370,75.427270,20,7,27,0.65633,15.11746,952,75037077,298457282,-1,968704
17.571590,17.524170,71.789770,20,7,27,0.65633,15.11746,928,72023692,298464566,-1,968716
17.645615,17.607680,74.025150,20,7,27,0.65633,15.11746,968,73826307,298442639,-1,1005618
17.721514,17.674470,75.898690,20,7,27,0.65633,15.11746,4632,75903462,298472463,-1,1005618
17.794061,17.757930,72.547390,20,7,27,0.65633,15.11746,928,72434576,298467138,-1,967970
17.867117,17.824750,73.055310,20,7,27,0.65633,15.11746,968,72761154,298466160,-1,1041754
17.941052,17.891570,73.935000,20,7,27,0.65633,15.11746,1048,74073923,298469829,-1,1041740
18.015129,17.975070,74.077580,20,7,27,0.65633,15.11746,952,73597847,298476356,-1,1042508
18.088578,18.041920,73.448430,20,7,27,0.65633,15.11746,2186,73738769,298463758,-1,1042518
18.162485,18.125410,73.906920,19,8,27,0.65633,14.69998,4984,72980000,298497094,-1,1042520
18.236662,18.192230,74.177730,19,8,27,0.65633,14.36586,2106,74286577,298492154,-1,1041774
18.311151,18.259030,74.488380,19,8,27,0.65633,14.03187,928,73077423,298491784,-1,1078676
18.383932,18.342530,72.781580,19,8,27,0.65633,13.61440,888,73623616,298474060,-1,1078662
18.460089,18.409300,76.156810,20,8,28,0.65633,13.28053,2528,76072692,299369439,-1,1078662
18.530920,18.492860,70.831150,20,8,28,0.65633,12.86276,952,70728654,299374666,-1,1153214
18.617043,18.559650,86.122420,20,8,28,0.65633,12.52879,888,86697577,299357777,-1,1153224
18.730510,18.643160,113.467400,20,8,28,0.65633,12.11127,4976,113211961,299290983,-1,1153226
18.832904,18.760060,102.393500,20,8,28,0.65633,11.52678,928,102576038,298494009,-1,1041774
18.935084,18.860240,102.180500,20,8,28,0.65633,11.02581,888,101734231,298467731,-1,1078662
19.036538,18.960420,101.454000,20,8,28,0.65633,10.52494,1088,101155346,298514998,-1,1078642
19.138151,19.060590,101.612800,20,8,28,0.65633,10.02406,2170,101758808,298501827,-1,1116312
19.241004,19.177470,102.853000,20,8,28,0.65633,9.43967,4672,102961077,298517362,-1,1116322
19.342457,19.277680,101.452800,20,8,28,0.65633,8.93867,928,101096039,298516957,-1,1078676
19.442400,19.377870,99.942850,20,8,28,0.65633,8.43770,968,100064039,298484863,-1,1115564
19.519320,19.478100,76.920460,20,8,28,0.65633,7.93654,1048,76474192,298509537,-1,1115544
19.594994,19.544950,75.674080,20,8,28,0.65633,7.60233,952,75469154,298515430,-1,1116312
19.671447,19.628520,76.452890,19,9,28,0.65633,7.18450,5024,75761192,298546114,-1,1116324
19.746962,19.695390,75.515190,19,9,28,0.65633,6.85020,2106,76346115,298518190,-1,1078676
19.821939,19.778920,74.976840,19,9,28,0.65633,6.43255,1272,74760615,298433338,-1,1115578
19.898107,19.845750,76.168080,19,9,28,0.65633,6.09842,928,75982616,297619206,-1,1041760
19.972873,19.929310,74.766080,19,9,28,0.65633,5.68066,888,75049077,297610321,-1,1041760
20.048568,19.996170,75.695110,19,9,28,0.65633,5.34637,888,74826499,297610189,-1,1078642
20.123326,20.079740,74.757730,19,9,28,0.65633,4.92852,2266,74742654,297643498,-1,1041740
20.197197,20.146590,73.870730,19,9,28,0.65633,4.59430,912,74566923,297643999,-1,1042508
20.272875,20.230130,75.677770,19,9,28,0.65633,4.17660,888,75095384,297644188,-1,1042520
20.347924,20.296940,75.049770,19,9,28,0.65633,3.84256,4632,74433730,297647077,-1,1042520
20.421522,20.380480,73.597960,19,9,28,0.65633,3.42484,888,74486384,297641552,-1,1004872
20.496704,20.447250,75.182230,20,9,29,0.65633,3.09100,2408,74776846,298529992,-1,1041754
20.570602,20.530760,73.897580,20,9,29,0.65633,2.67342,928,73907462,298512651,-1,1152446
20.646883,20.597530,76.281000,20,9,29,0.65633,2.33955,1008,76282192,298532237,-1,1152446
20.723576,20.681020,76.692700,20,9,29,0.65633,1.92217,912,76602077,298542816,-1,1153214
20.799136,20.747790,75.560500,20,9,29,0.65633,1.58827,928,75741154,298526271,-1,1153224
20.876120,20.831270,76.983690,19,10,29,0.65633,1.17084,4944,76332077,298559199,-1,1153226
20.951243,20.898040,75.123080,19,10,29,0.65633,0.83694,2110,75283077,298554866,-1,1152480
21.028077,20.981540,76.833920,19,10,29,0.65633,0.41948,928,76527846,298558200,-1,1189384
21.108252,21.065000,80.175270,19,10,29,0.65633,0.00213,2110,79954423,298536022,-1,1189370
21.186550,21.131810,78.297810,19,10,29,0.65633,0.00213,888,79125000,298541042,-1,1263154
21.265326,21.215300,78.776270,19,10,29,0.65633,0.00213,928,78963577,298545515,-1,1263154
21.345974,21.298780,80.647610,19,10,29,0.65633,0.00213,1272,80437115,298450825,-1,1263154
21.422233,21.382230,76.259230,19,10,29,0.65633,0.00213,888,76299346,297653673,-1,1189350
21.498403,21.449070,76.170270,19,10,29,0.65633,0.00213,928,75926654,297653297,-1,1189350
21.573256,21.532550,74.852810,19,10,29,0.65633,0.00213,888,75024308,297653453,-1,1189350
21.649142,21.599330,75.886000,19,10,29,0.65633,0.00213,888,75696269,297644049,-1,1189350
21.724160,21.682820,75.018150,19,10,29,0.65633,0.00213,928,75085577,297647650,-1,1189330
21.800129,21.749570,75.968500,19,10,29,0.65633,0.00213,888,75895308,297647446,-1,1189330
21.876061,21.833050,75.932620,19,10,29,0.65633,0.00213,888,75860846,297647446,-1,1189330
21.952019,21.899860,75.957460,19,10,29,0.65633,0.00213,928,75876000,297647578,-1,1189330
22.028519,21.983370,76.499620,19,10,29,0.65633,0.00213,888,76462038,297651674,-1,1189330
22.104509,22.066890,75.990150,19,10,29,0.65633,0.00213,2110,75952384,297651761,-1,1189330
22.181117,22.133710,76.607960,19,10,29,0.65633,0.00213,1048,76182539,297672523,-1,1189330
22.257836,22.217210,76.718850,19,10,29,0.65633,0.00213,912,76684769,297678463,-1,1190098
22.333778,22.284030,75.942310,19,10,29,0.65633,0.00213,888,76012962,297665578,-1,1190108
22.409904,22.367570,76.126230,19,10,29,0.65633,0.00213,5004,76053884,297688981,-1,1190110
22.485841,22.434400,75.937310,19,10,29,0.65633,0.00213,1272,75988808,297600182,-1,1152462
22.562217,22.517960,76.375890,20,10,30,0.65633,0.00213,2408,76087500,296889190,-1,1152462
22.638267,22.601500,76.049930,20,10,30,0.65633,0.00213,928,76078153,296872205,-1,1115546
22.713594,22.668370,75.326880,20,10,30,0.65633,0.00213,1008,75438769,296897183,-1,1115546
22.789472,22.751920,75.878390,20,10,30,0.65633,0.00213,912,75630461,296903298,-1,1116314
22.863566,22.818770,74.093380,20,10,30,0.65633,0.00213,928,74221154,296886081,-1,1116324
22.940400,22.902300,76.834300,19,11,30,0.65633,0.00213,4944,76769500,296919157,-1,1116326
23.016371,22.969190,75.971340,19,11,30,0.65633,0.00213,2110,75896500,296922812,-1,1078678
23.091670,23.052730,75.298080,19,11,30,0.65633,0.00213,2150,75116423,296922641,-1,1115580
23.168518,23.119520,76.848000,19,11,30,0.65633,0.00213,888,77122616,296895984,-1,1152468
23.245486,23.203020,76.968150,19,11,30,0.65633,0.00213,1008,76142730,296916307,-1,1152448
23.321864,23.269870,76.378000,19,11,30,0.65633,0.00213,952,76429539,296926796,-1,1153216
23.398856,23.353380,76.991810,19,11,30,0.65633,0.00213,888,76672231,296926492,-1,1153228
23.472626,23.436890,73.770610,19,11,30,0.65633,0.00213,4592,74248807,296932993,-1,1153228
23.549407,23.503690,76.780730,19,11,30,0.65633,0.00213,928,76377846,296932169,-1,1115580
23.624831,23.587200,75.424160,19,11,30,0.65633,0.00213,888,75433770,296936807,-1,1152482
23.701572,23.654010,76.740540,19,11,30,0.65633,0.00213,888,76563884,296914217,-1,1152468
23.779147,23.737520,77.575460,19,11,30,0.65633,0.00213,1048,77484308,296937847,-1,1152448
23.854931,23.804350,75.784350,19,11,30,0.65633,0.00213,912,75511500,296938084,-1,1153216
23.929080,23.887880,74.148500,18,12,30,0.65633,0.00213,4944,74218846,296974508,-1,1190130
24.006665,23.954700,77.585460,18,12,30,0.65633,0.00213,2110,77369461,296952812,-1,1152482
24.082093,24.038220,75.427350,18,12,30,0.65633,0.00213,2070,75198230,296947669,-1,1189384
24.159605,24.105070,77.512230,18,12,30,0.99054,0.00213,848,76810653,296935221,-1,1189370
24.235559,24.188580,75.953690,18,12,30,1.40812,0.00213,888,76152962,296928213,-1,1263174
24.315027,24.272110,79.468230,18,12,30,1.82575,0.00213,968,78791923,296947015,-1,1263154
24.394296,24.338930,79.269650,18,12,30,2.15981,0.00213,872,79904307,296951072,-1,1337726
24.474231,24.422450,79.934690,18,12,30,2.57742,0.00213,4592,79594000,296984036,-1,1337738
24.561508,24.505970,87.276570,18,12,30,2.99497,0.00213,1232,87580115,296875465,-1,1373894
24.656249,24.589450,94.740840,19,12,31,3.41240,0.00213,2368,94415308,296965944,-1,1336978
24.765808,24.689640,109.559300,19,12,31,3.91333,0.00213,888,109492231,296939517,-1,1373880
24.877430,24.789840,111.621800,19,12,31,4.41433,0.00213,968,111636615,296961351,-1,1410762
24.990336,24.906750,112.906100,19,12,31,4.99891,0.00213,4616,112491577,296999798,-1,1411530
25.106212,25.023640,115.876500,19,12,31,5.58334,0.00213,2070,115913770,296982266,-1,1300090
25.210380,25.140550,104.167400,19,12,31,6.16787,0.00213,928,104302846,296948340,-1,1336978
25.311785,25.240770,101.405400,19,12,31,6.66895,0.00213,888,101321307,296951813,-1,1336958
25.391965,25.341020,80.180230,19,12,31,7.17020,0.00213,1048,79710154,296972655,-1,1336958
25.471488,25.424550,79.523120,19,12,31,7.58785,0.00213,4616,78673885,297006590,-1,1337726
25.548539,25.508100,77.051000,19,12,31,8.00563,0.00213,1272,78132307,296901081,-1,1226286
25.626521,25.574920,77.981350,19,12,31,8.33972,0.00213,928,77318539,296098570,-1,1189370
25.702598,25.658430,76.077770,19,12,31,8.75730,0.00213,888,76044885,296072011,-1,1189370
25.778451,25.725250,75.852920,19,12,31,9.09140,0.00213,888,75718731,296075363,-1,1115546
25.854362,25.808760,75.910230,19,12,31,9.50892,0.00213,928,75441653,296076163,-1,1041742
25.928932,25.892260,74.570540,19,12,31,9.92641,0.00213,1008,75445769,296100537,-1,967938
26.000734,25.959050,71.801730,19,12,31,10.26035,0.00213,912,71573730,296100010,-1,1005608
26.074552,26.025830,73.818580,18,13,31,10.59429,0.00213,6206,73319961,296137969,-1,1005620
26.147468,26.109360,72.915420,18,13,31,11.01189,0.00213,2070,72904077,296121877,-1,820364
26.220414,26.176210,72.946460,18,13,31,11.34614,0.00213,848,72379038,296115550,-1,783462
26.291027,26.243000,70.612190,18,13,31,11.68005,0.00213,888,71334731,296084819,-1,783428
26.362815,26.326490,71.788120,18,13,31,12.09754,0.00213,848,71419961,296088263,-1,709624
26.433074,26.393280,70.259350,18,13,31,12.43147,0.00213,968,70399000,296109229,-1,709624
26.502538,26.460070,69.463770,18,13,31,12.76539,0.00213,912,69731500,296114990,-1,710392
26.572428,26.526860,69.890460,18,13,31,13.09932,0.00213,848,69629077,296127097,-1,710404
26.643107,26.610340,70.678770,19,13,32,13.51676,0.00213,6072,70779846,297017561,-1,636600
26.710190,26.677120,67.082920,19,13,32,13.85070,0.00213,888,66858384,297016213,-1,562050
26.778692,26.743930,68.502310,19,13,32,14.18468,0.00213,848,68461462,297015887,-1,525148
26.846375,26.810710,67.682730,19,13,32,14.51864,0.00213,848,67595730,296989249,-1,525134
26.912805,26.877530,66.429890,19,13,32,14.85273,0.00213,888,66633154,296987881,-1,525114
26.980484,26.944340,67.679310,19,13,32,15.18673,0.00213,968,67562846,297016995,-1,451310
27.047412,27.011140,66.928190,19,13,32,15.52077,0.00213,2134,66162038,297018523,-1,230666
27.110929,27.077930,63.516540,19,13,32,15.52077,0.00213,928,64615000,297022471,-1,230678
27.176197,27.144710,65.267920,19,13,32,15.52077,0.00213,4592,65315692,297028529,-1,230678
27.241008,27.211530,64.811610,19,13,32,15.52077,0.00213,888,64769347,297028044,-1,193030
27.305876,27.278320,64.867310,19,13,32,15.52077,0.00213,928,64613154,297022815,-1,229932
27.371386,27.345090,65.510700,19,13,32,15.52077,0.00213,888,65644885,296996977,-1,303722
27.436899,27.395170,65.512460,19,13,32,15.52077,0.00213,888,65233961,296997413,-1,377506
27.502713,27.461940,65.814080,19,13,32,15.52077,0.00213,1008,65974192,297022071,-1,303702
27.568385,27.528750,65.672390,19,13,32,15.52077,0.00213,952,65616500,297028664,-1,378274
27.634763,27.595520,66.377540,18,14,32,15.52077,0.00213,4944,66157923,297063404,-1,452090
27.700002,27.662290,65.239110,18,14,32,15.52077,0.00213,2454,65323192,296951798,-1,488246
27.765824,27.729060,65.821500,18,14,32,15.52077,0.00213,888,65557115,296153832,-1,525148
27.832607,27.795870,66.783920,18,14,32,15.52077,0.00213,848,66828962,296137212,-1,525134
27.900036,27.862670,67.428920,18,14,32,15.52077,0.00213,848,67427115,296137200,-1,525134
27.967145,27.929470,67.109120,18,14,32,15.52077,0.00213,888,67041769,296127307,-1,525134
28.034165,27.996260,67.019960,18,14,32,15.52077,0.00213,968,66845653,296169320,-1,525114
28.101595,28.063050,67.429850,18,14,32,15.52077,0.00213,2094,67477307,296157193,-1,525882
28.168782,28.129840,67.186880,18,14,32,15.52077,0.00213,888,66762769,296157993,-1,525894
28.237008,28.196660,68.225460,18,14,32,15.52077,0.00213,848,68407385,296144759,-1,525894
28.304776,28.263440,67.768230,17,15,32,15.52077,0.00213,4904,67743923,296177967,-1,525894
28.372646,28.330250,67.870160,17,15,32,15.52077,0.00213,2070,67734153,296176601,-1,488246
28.440368,28.397050,67.722040,17,15,32,15.52077,0.00213,808,67299692,296172147,-1,525128
28.508315,28.463840,67.946580,17,15,32,15.52077,0.00213,808,68216500,296154455,-1,525114
28.577153,28.547350,68.838120,17,15,32,15.52077,0.00213,968,68829154,296175717,-1,525114
28.647397,28.614150,70.244380,18,15,33,15.52077,0.00213,2352,70171192,297070720,-1,599686
28.716063,28.680940,68.665960,18,15,33,15.52077,0.00213,808,68380808,297070004,-1,747306
28.786358,28.747740,70.295350,18,15,33,15.52077,0.00213,848,70274923,297049065,-1,747306
28.856686,28.814510,70.327160,18,15,33,15.52077,0.00213,4512,70208039,297081249,-1,747306
28.927160,28.881270,70.474080,18,15,33,15.52077,0.00213,808,70416923,297081233,-1,709658
28.997320,28.964750,70.160080,18,15,33,15.52077,0.00213,848,69933923,297086143,-1,746560
29.067386,29.031520,70.065850,18,15,33,15.52077,0.00213,2030,70040192,297059420,-1,746546
29.138904,29.098310,71.518810,18,15,33,15.52077,0.00213,968,71588731,297083878,-1,746526
29.208607,29.165080,69.702160,18,15,33,15.52077,0.00213,912,69545423,297084536,-1,747294
29.279442,29.231870,70.835000,18,15,33,15.52077,0.00213,1232,70576231,296995674,-1,747306
29.349812,29.315410,70.370930,17,16,33,15.52077,0.00213,4904,70493231,296216743,-1,673502
29.422311,29.382220,72.498040,17,16,33,15.52077,0.00213,2070,68930346,296220098,-1,635854
29.488190,29.449020,65.879040,17,16,33,15.52077,0.00213,808,69150923,296229558,-1,672756
29.557111,29.515820,68.921540,17,16,33,15.52077,0.00213,808,69110193,296211622,-1,820350
29.627279,29.582640,70.167620,17,16,33,15.52077,0.00213,848,70117807,296216703,-1,746546
29.698157,29.666170,70.878730,17,16,33,15.52077,0.00213,928,70770269,296226219,-1,820330
29.768673,29.732990,70.515150,17,16,33,15.52077,0.00213,832,70459769,296228463,-1,821098
29.839832,29.799840,71.159030,17,16,33,15.52077,0.00213,848,70703923,296229041,-1,894914
29.910687,29.866670,70.855800,17,16,33,15.52077,0.00213,4896,70447731,296149136,-1,894914
29.982050,29.933520,71.362660,17,16,33,15.52077,0.00213,808,71609654,295362871,-1,783462
30.052240,30.017060,70.189960,18,16,34,15.52077,0.00213,3590,69914270,295439623,-1,820364
30.125253,30.083890,73.013150,18,16,34,15.52077,0.33631,808,72486538,295417325,-1,820350
30.197370,30.150730,72.116310,18,16,34,15.52077,0.67045,808,72260270,295416422,-1,820330
30.268107,30.234220,70.737080,18,16,34,15.52077,1.08796,968,70198346,295446348,-1,820330
30.341122,30.301030,73.015390,18,16,34,15.52077,1.42195,832,73380539,295440053,-1,821098
30.412357,30.367810,71.234660,18,16,34,15.52077,1.75592,4512,71372038,295472893,-1,821110
30.492578,30.451290,80.221230,18,16,34,15.52077,2.17334,888,79271500,295457058,-1,783462
30.585422,30.518130,92.844190,19,16,35,15.52077,2.50750,2368,93196077,296343734,-1,894168
30.679192,30.618290,93.770230,20,16,36,15.52077,3.00832,2368,94439385,296404030,-1,857252
30.780605,30.718440,101.412700,20,16,36,15.52077,3.50908,888,100847769,296403878,-1,931036
30.874910,30.818620,94.305420,20,16,36,15.52077,4.00995,968,94072077,296423948,-1,931036
30.972878,30.902070,97.968080,20,16,36,15.52077,4.42721,4576,97759654,296456667,-1,931804
31.071935,31.002230,99.056270,20,16,36,15.52077,4.92798,2534,99021269,296355945,-1,894168
31.166447,31.102340,94.512270,21,16,37,15.52077,5.42857,2448,94566231,295613705,-1,857252
31.260806,31.202500,94.358690,21,16,37,15.52077,5.92938,968,94276539,295613802,-1,857232
31.349482,31.285950,88.676610,21,16,37,15.52077,6.34664,928,88269462,295614446,-1,857232
31.422855,31.386110,73.373080,21,16,37,15.52077,6.84745,1048,73704077,295642668,-1,931036
31.494401,31.452880,71.545920,21,16,37,15.52077,7.18134,992,70657731,295647325,-1,931804
31.568292,31.519670,73.890690,20,17,37,15.52077,7.51527,5024,73140384,295681505,-1,931816
31.641336,31.603160,73.044460,21,17,38,15.52077,7.93272,3670,74006346,296553883,-1,894168
31.713394,31.670000,72.057040,21,17,38,15.52077,8.26689,968,72261961,296533692,-1,1004874
31.789635,31.736770,76.241840,21,17,38,15.52077,8.60078,928,76255115,296517820,-1,1004840
31.862421,31.820250,72.785610,21,17,38,15.52077,9.01817,928,72472961,296518424,-1,1078644
31.936871,31.887050,74.450160,21,17,38,15.52077,9.35221,1088,74381115,296542770,-1,1078644
32.012799,31.970550,75.927770,21,17,38,15.52077,9.76970,952,74791615,296548525,-1,1079412
32.086467,32.037350,73.668230,21,17,38,15.52077,10.10369,5894,74677385,296556103,-1,1079422
32.162162,32.120880,75.695190,22,17,39,15.52077,10.52131,2528,75716385,297442913,-1,1041776
32.236049,32.187680,73.886340,22,17,39,15.52077,10.85533,968,73177692,297445876,-1,1115580
32.311910,32.271160,75.861810,22,17,39,15.52077,11.27275,968,75059885,297419810,-1,1115566
32.386123,32.337970,74.212690,22,17,39,15.52077,11.60680,1008,75522730,297419618,-1,1115546
32.462045,32.421460,75.921960,22,17,39,15.52077,12.02425,1088,75478885,297441904,-1,1115546
32.537855,32.488280,75.809580,22,17,39,15.52077,12.35836,992,75468538,297452085,-1,1116314
32.612450,32.571780,74.594810,21,18,39,15.52077,12.77588,5104,74502846,297494557,-1,1042522
32.687362,32.638640,74.912000,23,18,41,15.52077,13.11019,5230,74479270,297649773,-1,1004874
32.760207,32.722170,72.845500,23,18,41,15.52077,13.52782,968,72948692,297653779,-1,1004874
32.833365,32.789000,73.157810,23,18,41,15.52077,13.86197,1008,73776576,297627338,-1,1004860
32.905952,32.855800,72.587000,23,18,41,15.52077,14.19595,968,72873654,297626974,-1,1004840
32.979423,32.939300,73.470890,23,18,41,15.52077,14.61340,968,72701885,297626602,-1,967938
33.052250,33.006100,72.827120,23,18,41,15.52077,14.94741,2230,73372961,297635413,-1,857232
33.123250,33.089610,70.999920,23,18,41,15.52077,14.94741,1048,71783654,297634857,-1,857232
33.196313,33.156460,73.063690,24,18,42,15.52077,14.94741,2952,72994654,297641322,-1,857232
33.267767,33.223270,71.454000,24,18,42,15.52077,14.94741,1088,71291884,296845014,-1,931036
33.340174,33.306750,72.406500,24,18,42,15.52077,14.94741,1048,72388000,296834910,-1,857232
33.412190,33.373570,72.015660,24,18,42,15.52077,14.94741,1048,71798385,296834671,-1,894114
33.483657,33.440370,71.467890,24,18,42,15.52077,14.94741,1088,71438423,296834539,-1,894114
33.557696,33.507160,74.038810,24,18,42,15.52077,14.94741,1048,73650193,296834523,-1,894114
33.630252,33.590650,72.555270,24,18,42,15.52077,14.94741,1088,72743192,296838411,-1,967918
33.703558,33.657460,73.306150,25,18,43,15.52077,14.94741,2648,73367423,296924517,-1,967918
33.777150,33.740970,73.592380,25,18,43,15.52077,14.94741,1088,73621769,296923825,-1,967918
33.851024,33.807820,73.874380,25,18,43,15.52077,14.94741,1088,73646116,296928481,-1,1004820
33.924976,33.874650,73.951610,25,18,43,15.52077,14.94741,1128,73931577,296928201,-1,1041722
33.998877,33.958180,73.900700,25,18,43,15.52077,14.94741,1088,73995269,296928201,-1,1041722
34.073521,34.024980,74.644690,25,18,43,15.52077,14.94741,2310,74468770,296928700,-1,1041722
34.148473,34.108540,74.951610,25,18,43,15.52077,14.94741,1288,74842807,296953342,-1,1041722
34.223720,34.175370,75.246460,26,18,44,15.52077,14.94741,3056,75022346,297813928,-1,1005588
34.297562,34.258880,73.842650,26,18,44,15.52077,14.94741,1128,73767115,297017124,-1,1005600
34.371523,34.325680,73.960620,26,18,44,15.52077,14.94741,5244,74124269,297027132,-1,1005600
34.445730,34.409180,74.206850,26,18,44,15.52077,14.94741,1128,74181192,297026931,-1,967952
34.520435,34.475980,74.704930,26,18,44,15.52077,14.94741,1128,74421462,297027061,-1,1041756
34.595138,34.559490,74.703310,26,18,44,15.52077,14.94741,1168,74656808,297013512,-1,1078644
34.670328,34.626330,75.190230,26,18,44,15.52077,14.94741,1288,75103153,297034922,-1,1078644
34.745576,34.709820,75.247770,28,18,46,15.52077,14.94741,4232,75059576,297286283,-1,1079412
34.820229,34.776630,74.652890,28,18,46,15.52077,14.94741,1208,74870038,297273014,-1,1079422
34.896321,34.860140,76.092230,27,19,46,15.52077,14.94741,5224,76038538,297306394,-1,1079424
34.972914,34.926910,76.592650,27,19,46,15.52077,14.94741,2350,76245038,297301497,-1,1115580
35.046786,35.010360,73.872660,27,19,46,15.52077,14.94741,2390,74044654,297309202,-1,1152482
35.122772,35.077150,75.985460,27,19,46,15.52077,14.94741,1128,75951154,297287109,-1,1152468
35.199483,35.160600,76.711620,27,19,46,15.52077,14.94741,1328,76692577,297307096,-1,1152448
35.277185,35.227360,77.701540,28,19,47,15.52077,14.94741,2792,77421654,298202291,-1,1153216
35.353146,35.310840,75.961310,28,19,47,15.52077,14.94741,1208,75969538,298201843,-1,1227032
35.430360,35.377640,77.213810,28,19,47,15.52077,14.94741,4912,77000730,298202788,-1,1227032
35.508733,35.461110,78.372700,28,19,47,15.52077,14.94741,1248,78492962,298207404,-1,1189384
35.586223,35.544570,77.490150,28,19,47,15.52077,14.94741,1208,77212692,298207014,-1,1226286
35.663851,35.611360,77.627770,28,19,47,15.52077,14.94741,1208,77245423,298180500,-1,1226272
35.742034,35.694820,78.183040,28,19,47,15.52077,14.94741,1408,78366692,298210138,-1,1226252
35.822242,35.778290,80.208500,29,19,48,15.52077,14.94741,2792,79220846,299099391,-1,1227020
35.900284,35.845060,78.041310,28,20,48,15.52077,14.94741,5304,79066347,299181670,-1,1263932
35.980710,35.928540,80.426000,28,20,48,15.52077,14.94741,2470,79887538,299187005,-1,1300090
36.057528,36.012050,76.818580,28,20,48,15.52077,14.94741,2430,77095769,299176882,-1,1336992
36.137429,36.095570,79.900620,28,20,48,15.10322,14.94741,1208,79239423,299164466,-1,1336978
36.217619,36.162400,80.190570,28,20,48,14.76904,14.94741,1248,79800269,299956898,-1,1336978
36.296991,36.245940,79.372080,28,20,48,14.35129,14.94741,1368,79360423,300778652,-1,1447664
36.378428,36.329470,81.437000,29,20,49,13.93364,14.94741,6496,80836269,302533808,-1,1522236
36.457391,36.413010,78.962580,29,20,49,13.51594,14.94741,1288,79091884,302483814,-1,1595306
36.550788,36.479860,93.397000,29,20,49,13.18173,14.94741,1632,93759923,302389409,-1,1595292
36.663916,36.580060,113.128500,29,20,49,12.68068,14.94741,1248,113187654,302367226,-1,1521488
36.786852,36.696980,122.935200,29,20,49,12.09608,14.94741,1288,122631616,303963698,-1,1595272
36.908981,36.813890,122.129800,30,20,50,11.51149,14.94741,2888,122299808,306110592,-1,1742880
37.040867,36.947490,131.886000,30,21,51,10.84344,14.94741,6928,131647000,307000823,-1,1854354
37.180675,37.064410,139.807500,30,21,51,10.25890,14.94741,2470,139320539,307772182,-1,1853620
37.271802,37.214720,91.127150,30,21,51,9.50733,14.94741,1288,91105154,308592054,-1,1927390
37.359518,37.298190,87.716310,30,21,51,9.09001,14.94741,1288,87558077,308553042,-1,1964292
37.449951,37.381650,90.432340,30,21,51,8.67268,14.94741,5128,90294692,308587892,-1,1964292
37.539123,37.481860,89.171920,31,21,52,8.17167,14.94741,8222,88949347,309457472,-1,1928178
37.623931,37.565320,84.808690,31,21,52,7.75431,14.94741,1328,84464038,308614486,-1,1816756
37.711073,37.648830,87.141350,31,21,52,7.33678,14.94741,1328,86892154,308581584,-1,1816742
37.797357,37.749020,86.283810,31,21,52,6.83580,14.94741,1368,86561192,308585880,-1,1816722
37.884525,37.832530,87.168150,31,21,52,6.41827,14.94741,1328,87283077,308585749,-1,1669096
37.967330,37.916080,82.805110,31,21,52,6.00060,14.94741,1488,82786115,308606264,-1,1669096
38.050913,37.999600,83.583110,32,21,53,5.58297,14.94741,6656,83438962,309525269,-1,1669864
38.133233,38.083110,82.320340,32,21,53,5.16542,14.94741,2590,82487115,310310385,-1,1669130
38.212655,38.166660,79.421770,32,21,53,4.74772,14.94741,1368,79105039,310298902,-1,1742920
38.296782,38.250210,84.126540,32,21,53,4.32995,14.94741,1408,84436731,310271952,-1,1669096
38.381239,38.333720,84.457230,32,21,53,3.91237,14.94741,1368,84190616,310272128,-1,1632174
38.463499,38.417240,82.260610,32,21,53,3.49481,14.94741,1488,81658654,310297462,-1,1632174
38.545997,38.500760,82.498000,32,22,54,3.07714,14.94741,7592,82511000,311273003,-1,1559138
38.626794,38.584270,80.796960,32,22,54,2.65962,14.94741,2974,80733769,311170205,-1,1558404
38.707837,38.651050,81.042690,32,22,54,2.32573,14.94741,1368,80843077,310367886,-1,1558390
38.789572,38.734540,81.734890,32,22,54,1.90822,14.94741,1408,81936230,310341232,-1,1521488
38.871109,38.818050,81.537380,33,22,55,1.49070,14.94741,2888,81203961,310435290,-1,1521468
38.951518,38.901600,80.408650,33,22,55,1.07303,14.94741,1368,80641769,310435466,-1,1521468
39.032123,38.985110,80.605380,33,22,55,0.65549,14.94741,1568,80561962,310464852,-1,1484566
39.112868,39.068650,80.744540,34,22,56,0.23779,14.94741,4174,80208000,311366064,-1,1485334
39.190282,39.135480,77.414150,34,22,56,0.23779,14.94741,5112,78662539,311378235,-1,1448442
39.268692,39.218990,78.409650,34,22,56,0.23779,14.94741,1448,78470615,311372815,-1,1447698
39.348165,39.302520,79.473690,34,22,56,0.23779,14.94741,1448,79224577,311367561,-1,1484580
39.427652,39.386030,79.486340,34,22,56,0.23779,14.94741,1448,79602423,311349584,-1,1484566
39.506889,39.452870,79.237620,34,22,56,0.23779,14.94741,1488,79097077,311349584,-1,1521468
39.587703,39.536390,80.813540,34,22,56,0.23779,14.94741,1608,80757231,311369662,-1,1521468
39.668342,39.619930,80.638960,35,22,57,0.23779,14.94741,3032,80140616,312279755,-1,1485334
39.748319,39.703430,79.977120,34,23,57,0.23779,14.94741,5584,80006269,312279250,-1,1522246
39.831979,39.786960,83.660420,34,23,57,0.23779,14.94741,2670,83727385,312273631,-1,1484600
39.911268,39.870470,79.288460,34,23,57,0.23779,14.94741,1448,78896692,312264115,-1,1558390
39.992790,39.937290,81.521800,34,23,57,0.23779,14.94741,1488,81675115,312246930,-1,1558370
40.073549,40.020800,80.759190,34,23,57,0.23779,14.94741,2670,80690000,312251121,-1,1558370
40.154896,40.104290,81.346890,34,23,57,0.23779,14.94741,1992,81252039,312191277,-1,1558370
40.236427,40.187740,81.531580,35,23,58,0.23779,14.94741,3072,81608808,312350627,-1,1559138
40.314874,40.271180,78.446340,35,23,58,0.23779,14.94741,5192,78332308,312370954,-1,1632952
40.399187,40.337950,84.313730,35,23,58,0.23779,14.94741,1488,84115461,312375050,-1,1595306
40.479711,40.438130,80.523380,35,23,58,0.23779,14.94741,1528,80373500,312360359,-1,1632208
40.563100,40.504930,83.388890,35,23,58,0.23779,14.94741,1488,83384731,312343166,-1,1669076
40.645525,40.588420,82.425040,35,23,58,0.23779,14.94741,1488,82348000,312347294,-1,1669076
40.727941,40.671940,82.416620,35,23,58,0.23779,14.94741,1688,82337961,312367424,-1,1742880
40.811840,40.755420,83.898230,35,24,59,0.23779,14.94741,7128,83768270,313301417,-1,1743648
40.894839,40.838900,82.999460,36,24,60,0.23779,14.94741,4230,82785000,314192620,-1,1779816
40.976972,40.922410,82.132460,36,24,60,0.23779,14.94741,1528,81574731,314187603,-1,1853606
41.066004,41.005920,89.032770,36,24,60,0.23779,14.94741,2710,89226384,314161044,-1,1853606
41.147357,41.089450,81.353110,36,24,60,0.23779,14.94741,1536,81556884,313621525,-1,1853586
41.231991,41.172990,84.633310,36,24,60,0.23779,14.94741,1648,84450999,313643608,-1,1853586
41.318126,41.256550,86.135080,37,24,61,0.23779,14.94741,6776,85623385,314562641,-1,1891256
41.401149,41.356780,83.023650,37,24,61,0.23779,14.94741,1952,83225077,314456680,-1,1927424
41.485907,41.440320,84.757310,37,24,61,0.23779,14.94741,1608,84782269,313637223,-1,1890508
41.570564,41.523900,84.657650,37,24,61,0.23779,14.94741,1568,84507346,313627786,-1,1890508
41.655541,41.607420,84.976190,37,24,61,0.23779,14.94741,1568,85042576,313627786,-1,1927390
41.740183,41.690980,84.642200,37,24,61,0.23779,14.94741,1768,84572885,313674235,-1,1964292
41.825428,41.774490,85.245610,36,25,61,0.23779,14.94741,5688,84891423,313684887,-1,1965060
41.910278,41.857990,84.849380,36,25,61,0.23779,14.94741,2790,84846461,313664883,-1,1927424
41.995023,41.941450,84.745690,36,25,61,0.23779,14.94741,1608,84181500,313658732,-1,1964312
42.079348,42.024950,84.324920,36,25,61,0.23779,14.94741,2790,84803423,313632189,-1,1964312
42.165702,42.108430,86.353270,36,25,61,0.23779,14.53002,1568,85220461,313637037,-1,1964292
42.250845,42.191910,85.143150,36,25,61,0.23779,14.11262,1728,85414616,313657496,-1,1964292
42.351273,42.275410,100.427800,36,25,61,0.23779,13.69516,5296,100475461,313691643,-1,2038864
42.480396,42.375550,129.123700,36,25,61,0.23779,13.19440,1952,128772269,313580526,-1,2001228
42.606335,42.509060,125.938700,36,25,61,0.23779,12.52686,1608,126493039,312751784,-1,2001214
42.737288,42.642560,130.953400,36,25,61,0.23779,11.85939,1568,130335961,312752004,-1,2111900
42.866611,42.776090,129.322200,36,25,61,0.23779,11.19176,1728,129385961,313574678,-1,2148802
42.996857,42.892940,130.246100,37,25,62,0.23779,10.60753,6816,129624538,313684999,-1,2260276
43.134525,43.026500,137.668000,37,25,62,0.23779,9.93977,2830,137860461,313656486,-1,2259542
43.255274,43.160060,120.748800,37,25,62,0.23779,9.27195,1568,119551346,313639397,-1,2333312
43.347740,43.276930,92.466610,37,25,62,0.23779,8.68761,1728,93419962,313654548,-1,2333312
43.443546,43.377180,95.805770,36,26,62,0.23779,8.18634,5688,94437885,313691135,-1,2334080
43.531232,43.477370,87.686390,36,26,62,0.23779,7.68538,3214,88591769,313583001,-1,2370248
43.624578,43.560910,93.345230,36,26,62,0.23779,7.26768,1568,93617308,312806407,-1,2333332
43.715706,43.661160,91.128880,36,26,62,0.23779,6.76642,1568,91177346,312753564,-1,2333332
43.804854,43.744690,89.147800,36,26,62,0.23779,6.34875,1608,88863154,312753564,-1,2333312
43.894103,43.828230,89.248700,36,26,62,0.23779,5.93101,1688,89284269,312773870,-1,2333312
43.983361,43.928500,89.257960,36,26,62,0.23779,5.42972,5296,88868346,312852660,-1,2334080
44.072741,44.012070,89.380420,36,26,62,0.23779,5.01189,2830,88720461,312841904,-1,2370248
44.166105,44.095640,93.363540,36,26,62,0.23779,4.59405,1568,93870730,312763007,-1,2407136
44.261866,44.195910,95.760960,36,26,62,0.23779,4.09275,1568,95656462,312762928,-1,2370214
44.350982,44.296190,89.116420,36,26,62,0.23779,3.59138,1608,89151346,312762752,-1,2407116
44.440467,44.379710,89.484570,36,26,62,0.23779,3.17371,1688,89259154,312783050,-1,2407116
44.531749,44.463240,91.282110,35,27,62,0.23779,2.75605,5648,90519769,312819565,-1,2407884
44.620144,44.563480,88.394580,35,27,62,0.23779,2.25488,2790,88809269,312797669,-1,2333346
44.709515,44.646990,89.371730,35,27,62,0.23779,1.83734,1528,89588346,312765175,-1,2370234
44.798721,44.747190,89.206040,35,27,62,0.23779,1.33634,1528,89307769,312765316,-1,2407116
44.888129,44.830750,89.407230,35,27,62,0.23779,0.91855,1568,89269269,312763184,-1,2370214
44.977908,44.914250,89.779850,36,27,63,0.23779,0.50107,3048,89311577,313647098,-1,2370214
45.066827,45.014470,88.918230,36,27,63,0.23779,-0.00004,3134,88739077,313562947,-1,2407116
45.155259,45.098080,88.431960,36,27,63,0.23779,-0.00004,1568,89172653,312765739,-1,2296410
45.243857,45.181630,88.598730,36,27,63,0.23779,-0.00004,1528,88858808,312756148,-1,2296410
45.332650,45.281810,88.792920,36,27,63,0.23779,-0.00004,1528,88750346,312756069,-1,2333292
45.421263,45.365330,88.613040,36,27,63,0.23779,-0.00004,1608,88548153,312751221,-1,2333292
45.509207,45.448840,87.943420,36,27,63,0.23779,-0.00004,1568,87704000,312753333,-1,2370194
45.598405,45.532350,89.198110,36,27,63,0.23779,-0.00004,1568,88974808,312752917,-1,2370194
45.687580,45.632600,89.175040,36,27,63,0.23779,-0.00004,1608,89105500,312752845,-1,2370194
45.777547,45.716140,89.966690,36,27,63,0.23779,-0.00004,1568,89934731,312752845,-1,2370194
45.867229,45.816420,89.682270,36,27,63,0.23779,-0.00004,1568,89716192,312752845,-1,2370194
45.956093,45.899980,88.863770,36,27,63,0.23779,-0.00004,1608,88601154,312752845,-1,2407096
46.046213,45.983520,90.120800,36,27,63,0.23779,-0.00004,1568,89965038,312799132,-1,2407096
46.135555,46.083770,89.341460,36,27,63,0.23779,-0.00004,3174,89261577,312663806,-1,2407096
46.225346,46.167310,89.791660,36,27,63,0.23779,-0.00004,1728,89632885,311888336,-1,2333292
46.314861,46.250870,89.514310,36,27,63,0.23779,-0.00004,1592,89449269,311894344,-1,2334060
46.403780,46.351140,88.918880,36,27,63,0.23779,-0.00004,1568,88884308,311923818,-1,2370972
46.493628,46.434660,89.847920,36,27,63,0.23779,-0.00004,5684,89782731,311896746,-1,2370972
46.582593,46.518170,88.965880,36,27,63,0.23779,-0.00004,1568,88801731,311896659,-1,2333326
46.671595,46.618420,89.001920,36,27,63,0.23779,-0.00004,1568,88709654,311896252,-1,2370214
46.761624,46.701930,90.028880,36,27,63,0.23779,-0.00004,1728,90221923,311899820,-1,2370214
46.851774,46.785540,90.150040,36,27,63,0.23779,-0.00004,1592,89876807,311905907,-1,2370982
46.940858,46.885860,89.083660,35,28,63,0.23779,-0.00004,5624,89167423,311923786,-1,2370992
47.031399,46.969440,90.540850,36,28,64,0.23779,-0.00004,4310,90297192,312801001,-1,2370248
47.120984,47.069690,89.585540,36,28,64,0.23779,-0.00004,2750,89760461,312783695,-1,2444038
47.216465,47.153240,95.480960,36,28,64,0.23779,-0.00004,1528,95227731,312822010,-1,2444038
47.310519,47.253460,94.053660,36,28,64,0.23779,-0.00004,1688,93637462,312847341,-1,2444018
47.401251,47.336990,90.731690,36,28,64,0.23779,-0.00004,1552,90797500,312799317,-1,2444786
47.491935,47.437210,90.683960,36,28,64,0.23779,-0.00004,5272,90773808,312856515,-1,2444796
47.583279,47.520720,91.344380,36,28,64,0.23779,-0.00004,1608,90985654,312859741,-1,2444052
47.676013,47.620930,92.734270,36,28,64,0.23779,-0.00004,1568,92955000,312776984,-1,2517842
47.771735,47.704410,95.721230,36,28,64,0.23779,-0.00004,1568,95497653,312776984,-1,2517822
47.867938,47.804600,96.203080,36,28,64,0.23779,-0.00004,1728,96099807,312797194,-1,2517822
47.960170,47.904790,92.232570,35,29,64,0.23779,-0.00004,5648,92118731,312833957,-1,2518590
48.051956,47.988250,91.786310,35,29,64,0.23779,-0.00004,2750,91515423,312863168,-1,2480954
48.143703,48.088420,91.746150,35,29,64,0.23779,-0.00004,2790,91917539,312789047,-1,2517842
48.239283,48.171890,95.580500,35,29,64,0.65509,-0.00004,1528,94084230,312836922,-1,2517842
48.336573,48.272060,97.289610,35,29,64,1.15598,-0.00004,1528,97933385,312836711,-1,2554724
48.481041,48.372210,144.468400,35,29,64,1.65671,-0.00004,1688,144540923,312858705,-1,2554724
48.648842,48.505740,167.800700,35,29,64,2.32438,-0.00004,5256,167689808,312887448,-1,2592394
48.795794,48.672670,146.952300,35,29,64,3.15903,-0.00004,1952,146875192,312772226,-1,2591660
48.943083,48.822920,147.289000,35,29,64,3.91031,-0.00004,1528,147284808,311960161,-1,2554724
49.083598,48.973140,140.515300,36,29,65,4.66144,-0.00004,3208,140539692,312059737,-1,2591626
49.214214,49.106660,130.615400,35,30,65,5.32899,-0.00004,6830,129801962,312046636,-1,2518590
49.307721,49.240220,93.507610,35,30,65,5.99679,-0.00004,2750,93081462,312071494,-1,2517856
49.398909,49.340380,91.187810,35,30,65,6.49755,-0.00004,1488,91166538,311993711,-1,2480920
49.489034,49.423890,90.124960,35,30,65,6.91511,-0.00004,1528,90789692,311992828,-1,2333312
49.579267,49.524090,90.233230,35,30,65,7.41612,-0.00004,2072,89946231,311923616,-1,2185704
49.667014,49.607590,87.746690,35,30,65,7.83358,-0.00004,1552,87409423,311131983,-1,2112668
49.753728,49.691100,86.713770,35,30,65,8.25118,-0.00004,5232,86821923,311139134,-1,1965070
49.839271,49.791290,85.542850,35,30,65,8.75213,-0.00004,1568,85428192,311122995,-1,1706012
49.920688,49.874820,81.417380,35,30,65,9.16978,-0.00004,1528,81522230,311104158,-1,1669076
50.002614,49.958330,81.925580,35,30,65,9.58734,-0.00004,1528,81938500,311104598,-1,1595272
50.084356,50.025160,81.742390,35,30,65,9.92152,-0.00004,2910,81398538,311125375,-1,1447664
50.163277,50.108640,78.921040,35,30,65,10.33896,-0.00004,1552,78939462,311130794,-1,1374628
50.239530,50.192170,76.252380,35,30,65,10.75658,-0.00004,5232,76697885,311140658,-1,1300834
50.316079,50.275650,76.549190,35,30,65,11.17401,-0.00004,1568,76082500,311133896,-1,1263188
50.391194,50.342420,75.115430,35,30,65,11.50788,-0.00004,1528,74733461,311133273,-1,1004860
50.463408,50.425920,72.213580,35,30,65,11.92532,-0.00004,1528,72124539,311105906,-1,783448
50.535034,50.492740,71.625850,35,30,65,12.25941,-0.00004,1568,71976846,311101302,-1,709624
50.603866,50.559480,68.831960,35,30,65,12.59313,-0.00004,1528,68092576,311105510,-1,709624
50.672606,50.626220,68.740960,35,30,65,12.92685,-0.00004,1528,69664846,311110070,-1,488212
50.739319,50.709670,66.712880,35,30,65,13.34407,-0.00004,1952,66513269,311013384,-1,488212
50.806511,50.776430,67.191810,35,30,65,13.67788,-0.00004,1528,67118385,310216856,-1,488212
50.872979,50.843230,66.468000,35,30,65,14.01186,-0.00004,1528,66459923,310217400,-1,414408
50.939683,50.910030,66.704270,35,30,65,14.34583,-0.00004,1568,66203192,310214120,-1,414408
51.005135,50.976810,65.451160,36,30,66,14.67972,-0.00004,3048,65850346,310301427,-1,340584
51.071386,51.043580,66.251850,36,30,66,15.01360,-0.00004,2750,65324038,310293394,-1,266780
51.134265,51.093670,62.878650,36,30,66,15.01360,-0.00004,1528,64318692,310297274,-1,266780
51.198603,51.160490,64.338070,36,30,66,15.01360,-0.00004,1568,64349576,310296711,-1,266780
51.263428,51.227290,64.825230,36,30,66,15.01360,-0.00004,1528,64765615,310297139,-1,266780
51.328002,51.294100,64.573500,36,30,66,15.01360,-0.00004,1528,64484115,310291995,-1,266780
51.393242,51.360920,65.240190,36,30,66,15.01360,-0.00004,1568,65211154,310292155,-1,266780
51.458775,51.427750,65.533200,36,30,66,15.01360,-0.00004,1568,65463307,310292539,-1,340584
51.524263,51.494580,65.488190,36,30,66,15.01360,-0.00004,1568,65212116,310293299,-1,266780
51.587859,51.561420,63.595150,36,30,66,15.01360,-0.00004,1608,63763577,310292003,-1,266780
51.652535,51.611530,64.675930,36,30,66,15.01360,-0.00004,1568,64591231,310292043,-1,266780
51.718061,51.678330,65.526000,36,30,66,15.01360,-0.00004,1568,65306846,310292379,-1,266780
51.782886,51.745150,64.825040,36,30,66,15.01360,-0.00004,1568,64940962,310292923,-1,340584
51.847947,51.812000,65.061040,36,30,66,15.01360,-0.00004,1608,64969039,310292823,-1,414388
51.913490,51.878800,65.543850,36,30,66,15.01360,-0.00004,1568,65492423,310293347,-1,340584
51.983508,51.945570,70.017230,36,30,66,15.01360,-0.00004,1568,69987115,310292655,-1,340584
52.048806,52.012370,65.297880,36,30,66,15.01360,-0.00004,2830,65221423,310297270,-1,340584
52.114590,52.079150,65.784770,36,30,66,15.01360,-0.00004,1568,65692269,310297270,-1,414388
52.180850,52.145960,66.260120,36,30,66,15.01360,-0.00004,1568,66213654,310296819,-1,488192
52.247616,52.212770,66.766000,36,30,66,15.01360,-0.00004,1608,66703307,310297143,-1,488192
52.314975,52.279560,67.358810,36,30,66,15.01360,-0.00004,1568,67273192,310296619,-1,488192
52.381970,52.346340,66.994270,36,30,66,15.01360,-0.00004,1568,66830730,310297031,-1,488192
52.449980,52.413110,68.010190,36,30,66,15.01360,-0.00004,1728,67961769,310317913,-1,488192
52.518207,52.479880,68.226840,36,30,66,15.01360,-0.00004,1592,68105615,310323990,-1,562764
52.585834,52.546660,67.627580,36,30,66,15.01360,-0.00004,1568,67242539,310324738,-1,488972
52.654043,52.613430,68.208920,36,30,66,15.01360,-0.00004,1608,68487654,310303247,-1,488972
52.721556,52.680220,67.513230,35,31,66,15.01360,-0.00004,5996,67539461,310333762,-1,636580
52.789103,52.746990,67.546580,35,31,66,15.01360,-0.00004,2750,67483808,310333248,-1,598932
52.858230,52.813770,69.127460,35,31,66,15.01360,-0.00004,1568,68827615,310328402,-1,709638
52.927634,52.897260,69.404000,35,31,66,15.01360,-0.00004,1528,69543077,310311966,-1,635820
52.996665,52.964070,69.030850,35,31,66,15.01360,-0.00004,1648,68976846,310336668,-1,709624
53.065793,53.030850,69.127620,36,31,67,15.01360,-0.00004,4334,69020462,310428574,-1,710392
53.135072,53.097630,69.279390,36,31,67,15.01360,-0.00004,1528,68899231,310429602,-1,710404
53.204847,53.164430,69.774610,36,31,67,15.01360,-0.00004,5232,70056230,310439936,-1,710404
53.275127,53.231190,70.280190,36,31,67,15.01360,-0.00004,1568,70186500,310435112,-1,672756
53.344340,53.314640,69.213000,36,31,67,15.01360,-0.00004,1528,68975308,310434778,-1,783462
53.415234,53.381420,70.894390,36,31,67,15.01360,-0.00004,1528,70974077,310421873,-1,783448
53.486168,53.448220,70.933850,36,31,67,15.01360,-0.00004,1608,70848616,310413008,-1,857252
53.556688,53.514980,70.519540,36,31,67,15.01360,-0.00004,1688,70240962,310437530,-1,1004840
53.628291,53.581760,71.602840,36,31,67,15.01360,-0.00004,1592,71368346,310444003,-1,931804
53.700953,53.665250,72.662350,35,32,67,15.01360,-0.00004,5664,72520231,310482379,-1,931816
53.773750,53.732040,72.797500,35,32,67,15.01360,-0.00004,2750,72859462,310455491,-1,894168
53.846662,53.798820,72.911120,35,32,67,15.01360,-0.00004,1528,72599115,310458521,-1,1004874
53.918830,53.882290,72.167960,35,32,67,15.01360,-0.00004,1568,72363731,310441965,-1,1004860
53.992838,53.949080,74.008040,35,32,67,15.01360,-0.00004,1528,73827192,310433080,-1,1152468
54.068312,54.015860,75.474270,35,32,67,15.01360,-0.00004,2870,75453423,310463061,-1,1152448
54.145224,54.099330,76.912160,35,32,67,15.01360,0.41733,1592,75970154,310473580,-1,1227020
54.220506,54.182830,75.281540,35,32,67,15.01360,0.83479,5232,75153615,310498883,-1,1374638
54.293806,54.249630,73.300540,35,32,67,15.01360,1.16877,1528,73752807,310478616,-1,1336992
54.377636,54.333130,83.829960,35,32,67,15.01360,1.58630,1952,83665808,310389060,-1,1373894
54.484541,54.416650,106.904500,35,32,67,15.01360,2.00390,1528,106846539,309565798,-1,1300076
54.590180,54.516840,105.639600,35,32,67,15.01360,2.50486,1648,105942500,309586456,-1,1300056
54.701890,54.617030,111.710200,35,32,67,15.01360,3.00583,1592,110869500,309596107,-1,1300824
54.806103,54.733940,104.212300,34,33,67,15.01360,3.59034,5584,104503962,309610026,-1,1300834
54.913447,54.834140,107.344200,34,33,67,15.01360,4.09135,2750,107273269,309603015,-1,1336992
55.020687,54.951030,107.240600,34,33,67,15.01360,4.67574,1488,106912423,309576493,-1,1373880
55.099250,55.051220,78.562810,35,33,68,15.01360,5.17669,4390,78418847,309687709,-1,1447664
55.177493,55.134700,78.243000,35,33,68,15.01360,5.59415,5216,78070923,309726812,-1,1448432
55.256940,55.201550,79.446920,35,33,68,15.01360,5.92835,1488,79445923,309714304,-1,1410796
55.334847,55.285070,77.906540,35,33,68,15.01360,6.34598,1912,77962462,309619384,-1,1521502
55.415324,55.368570,80.476920,35,33,68,15.01360,6.76346,1488,79522808,308805567,-1,1373880
55.492374,55.452080,77.050350,35,33,68,15.01360,7.18101,1488,77854653,308799082,-1,1447684
55.572487,55.518890,80.113310,35,33,68,15.01360,7.51505,1568,79455731,308799794,-1,1373860
55.650120,55.602390,77.632690,35,33,68,15.01360,7.93253,1648,77820576,308828576,-1,1447664
55.729873,55.685870,79.753070,35,33,68,15.01360,8.34995,5256,79064923,308853307,-1,1374628
55.808108,55.752660,78.235530,35,33,68,15.01360,8.68394,1568,79052500,308840294,-1,1373894
55.886849,55.836180,78.740880,35,33,68,15.01360,9.10154,1528,78317462,308841292,-1,1484600
55.965731,55.919690,78.881610,35,33,68,15.01360,9.51905,1528,79337731,308809542,-1,1484586
56.044790,56.003190,79.058540,35,33,68,15.01360,9.93656,2790,79256884,308817513,-1,1484566
56.124650,56.070000,79.860500,35,33,68,15.01360,10.27060,1528,79649230,308817645,-1,1484566
56.204316,56.153500,79.666310,35,33,68,15.01360,10.68808,1648,79449769,308841832,-1,1484566
56.284221,56.236970,79.904960,35,33,68,15.01360,11.10544,1592,79793692,308846831,-1,1485334
56.363833,56.320430,79.611570,34,34,68,15.01360,11.52277,5584,79234923,308865602,-1,1337736
56.442414,56.387220,78.581570,34,34,68,15.01360,11.85670,3094,78809384,308766799,-1,1300090
56.521165,56.470670,78.750540,34,34,68,15.01360,12.27396,1528,78161962,307960896,-1,1336992
56.599008,56.554120,77.843420,34,34,68,15.01360,12.69121,1488,77944076,307946728,-1,1300056
56.675334,56.637580,76.325160,34,34,68,15.01360,13.10852,1488,76085000,307972561,-1,1189350
56.752469,56.704380,77.135380,34,34,68,15.01360,13.44255,1528,77040539,307954020,-1,1189350
56.827729,56.787860,75.259690,34,34,68,15.01360,13.85994,1488,76039423,307953704,-1,1152448
56.903958,56.854680,76.228920,34,34,68,15.01360,14.19402,1488,76013730,307948440,-1,1152448
56.979617,56.938190,75.659650,34,34,68,15.01360,14.61154,1528,74984230,307951908,-1,1152448
57.055123,57.005030,75.505880,34,34,68,15.01360,14.94574,2710,75925500,307956687,-1,1041742
57.131367,57.088550,76.243880,35,34,69,15.01360,14.94574,3008,76806808,308840105,-1,1115546
57.204380,57.155380,73.012770,35,34,69,15.01360,14.94574,1528,73054539,308840067,-1,1152428
57.281815,57.238920,77.435500,35,34,69,15.01360,14.94574,1488,77137770,308841287,-1,1152428
57.358083,57.305730,76.267390,35,34,69,15.01360,14.94574,1488,76228039,308840315,-1,1300036
57.434161,57.389250,76.078610,35,34,69,15.01360,14.94574,1528,76197807,308840239,-1,1410742
57.510672,57.472780,76.510650,35,34,69,15.01360,14.94574,1488,76473308,308843963,-1,1336938
57.588610,57.539620,77.937770,35,34,69,15.01360,14.94574,1528,77951039,308844203,-1,1336938
57.666776,57.623120,78.166540,35,34,69,15.01360,14.94574,1568,77637384,308844411,-1,1336938
57.743938,57.689940,77.161690,35,34,69,15.01360,14.94574,1528,77506616,308848323,-1,1410742
57.822218,57.773440,78.280390,35,34,69,15.01360,14.94574,1528,77861692,308848667,-1,1410742
57.901106,57.856910,78.887960,35,34,69,15.01360,14.94574,1568,79172692,308852915,-1,1484546
57.979508,57.940390,78.401610,35,34,69,15.01360,14.94574,1912,78243461,308763645,-1,1558350
58.059260,58.007170,79.751770,35,34,69,15.01360,14.94574,2750,79423038,307971688,-1,1484546
58.138830,58.090640,79.570620,35,34,69,15.01360,14.94574,1688,79379193,307992034,-1,1521448
58.219458,58.174120,80.628230,35,34,69,15.01360,14.94574,1552,80364884,307998094,-1,1522216
58.299143,58.257640,79.684540,35,34,69,15.01360,14.94574,1528,79787230,307985425,-1,1559128
58.380308,58.324440,81.165340,35,34,69,15.01360,14.94574,1568,81049692,307980321,-1,1559130
58.461499,58.407940,81.190190,35,34,69,15.01360,14.94574,5604,81087539,308016992,-1,1522228
58.542825,58.491450,81.326840,35,34,69,15.01360,14.94574,1528,81643961,308017313,-1,1595286
58.625142,58.574970,82.316190,35,34,69,15.01360,14.94574,1568,81892423,308022578,-1,1632174
58.706031,58.658460,80.889110,35,34,69,15.01360,14.94574,1648,81058654,308030970,-1,1705978
58.788282,58.741980,82.251690,35,34,69,15.01360,14.94574,1552,82110692,308031557,-1,1706746
58.871855,58.825510,83.572540,34,35,69,15.01360,14.94574,5624,83116115,308053328,-1,1669854
58.953634,58.909000,81.779230,34,35,69,15.01360,14.94574,2710,82225462,308052469,-1,1779816
59.036165,58.992490,82.531070,34,35,69,15.01360,14.94574,1488,82205539,308051418,-1,1779802
59.120151,59.059310,83.985770,34,35,69,15.01360,14.94574,2750,83963000,308034120,-1,1890508
59.205251,59.159550,85.099880,35,35,70,15.01360,14.94574,3128,85093999,308933659,-1,1816704
59.289357,59.243110,84.106350,35,35,70,15.01360,14.94574,1512,84001846,308939699,-1,1928158
59.374896,59.326650,85.539190,35,35,70,15.01360,14.94574,5232,85602615,308946362,-1,2001972
59.466359,59.410170,91.462390,35,35,70,15.01360,14.94574,1488,86593539,308944860,-1,2038130
59.546926,59.493680,80.567420,35,35,70,15.01360,14.94574,1488,84746692,308971809,-1,2148822
59.635633,59.577160,88.706920,35,35,70,15.01360,14.94574,1568,88735808,308949346,-1,2148822
59.723617,59.660690,87.983690,35,35,70,15.01360,14.94574,1648,87930577,308970020,-1,2148802
59.812137,59.760930,88.519960,35,35,70,15.01360,14.94574,1552,88099730,308979947,-1,2149570
59.900096,59.844500,87.958890,34,36,70,15.01360,14.94574,5624,87855654,308994941,-1,2149580
59.988263,59.928040,88.167690,34,36,70,15.01360,14.94574,2710,88359346,308983872,-1,2111934
60.080211,60.011620,91.947580,35,36,71,15.01360,14.94574,4230,91747769,309074174,-1,2148822
60.165920,60.111870,85.708890,36,36,72,14.51236,14.94574,3048,85891539,309983652,-1,2148822
60.302670,60.195420,136.749800,36,36,72,14.09461,14.94574,1608,136211384,310807559,-1,2259508
60.433977,60.329050,131.307400,37,36,73,13.42645,14.94574,6776,130841153,312471041,-1,2334080
60.577419,60.462680,143.442000,38,36,74,12.75828,14.94574,6688,143746077,312608927,-1,2370248
60.720485,60.613050,143.066500,39,36,75,12.00646,14.94574,4694,143074039,314226251,-1,2407156
60.863417,60.746700,142.931600,40,36,76,11.33825,14.94574,3208,142962193,313541441,-1,2480958
61.028479,60.897030,165.061800,41,36,77,10.58659,14.94574,10836,164434769,314471578,-1,2481726
61.154343,61.064110,125.864000,42,36,78,9.75118,14.94574,4390,126507884,315385934,-1,2480994
61.300572,61.181080,146.229000,44,36,80,9.16635,14.94574,4768,146034615,316348707,-1,2444076
61.414953,61.331440,114.381100,45,36,81,8.41451,14.94574,3368,113834846,318427632,-1,2444056
61.514250,61.448390,99.297540,46,36,82,7.82982,14.94574,7056,99429731,319322936,-1,2444806
61.610733,61.548610,96.482610,47,36,83,7.32873,14.94574,3712,96075808,320937553,-1,2333366
61.702295,61.648790,91.561960,48,36,84,6.82783,14.94574,3448,91561384,321799621,-1,2370214
61.793949,61.732260,91.653660,48,36,84,6.41047,14.94574,1928,91360885,322597643,-1,2407116
61.888057,61.832440,94.108420,49,36,85,5.90956,14.94574,3568,93318538,324312842,-1,2407116
61.977433,61.915970,89.375620,49,36,85,5.49194,14.94574,2032,90473192,324319369,-1,2518590
62.072505,62.016200,95.072730,49,37,86,4.99076,14.94574,8806,94816308,326031565,-1,2444796
62.164563,62.099720,92.057080,49,37,86,4.57322,14.94574,3230,91873692,326016989,-1,2407150
62.257101,62.199940,92.538040,50,37,87,4.07207,14.94574,3568,92185231,326886255,-1,2407136
62.346817,62.283460,89.716080,50,37,87,3.65448,14.94574,2048,90023039,326879938,-1,2407116
62.438654,62.383690,91.837190,51,37,88,3.15333,14.94574,7368,91618346,327819134,-1,2333312
62.528711,62.467180,90.057460,51,37,88,2.73588,14.94574,7078,90028307,327840891,-1,2297198
62.620094,62.567370,91.382800,52,37,89,2.23495,14.94574,7288,91052231,328731573,-1,2185776
62.711921,62.650870,91.826840,52,37,89,1.81743,14.94574,3350,91051846,328718990,-1,2222684
62.804460,62.734360,92.539460,53,37,90,1.40000,14.94574,3688,93315462,329604043,-1,2222684
62.895703,62.834520,91.243000,54,37,91,0.89919,14.94574,3688,91461653,329747365,-1,2259566
62.988667,62.918030,92.963730,54,37,91,0.48164,14.94574,2288,92818154,329775893,-1,2259566
63.083339,63.018230,94.672160,55,37,92,-0.01934,14.94574,8718,93857616,330706547,-1,2260316
63.171942,63.118430,88.602270,56,37,93,-0.01934,14.94574,3728,89879077,331582483,-1,2259582
63.261132,63.201910,89.190730,57,37,94,-0.01934,14.94574,3768,89497231,332443176,-1,2333352
63.355726,63.285360,94.593540,58,37,95,-0.01934,14.94574,3848,94524462,333339180,-1,2370234
63.448300,63.385510,92.574160,59,37,96,-0.01934,14.94574,3808,92536154,334228324,-1,2480920
63.541450,63.485690,93.150340,60,37,97,-0.01934,14.94574,7688,93066347,334363186,-1,2517822
63.636247,63.569130,94.796200,60,37,97,-0.01934,14.94574,7318,94547384,334394739,-1,2555512
63.731611,63.669260,95.364500,61,37,98,-0.01934,14.94574,4312,95259153,335237227,-1,2517894
63.827210,63.769430,95.599340,62,37,99,-0.01934,14.94574,4008,95725731,335303506,-1,2554782
63.922230,63.852880,95.019500,62,37,99,-0.01934,14.94574,2488,94862999,335303921,-1,2665468
64.022778,63.953030,100.548000,63,37,100,-0.01934,14.94574,4048,98018577,336202906,-1,2665450
64.115441,64.053190,92.663270,64,37,101,-0.01934,14.94574,5430,94831116,337287045,-1,2702352
64.211623,64.153400,96.181880,64,38,102,-0.01934,14.94574,9224,96192462,338231951,-1,2740022
64.306837,64.236920,95.214420,64,38,102,-0.01934,14.94574,3790,95201577,338208417,-1,2739288
64.405311,64.337120,98.473300,65,38,103,-0.01934,14.94574,4128,98652731,339071046,-1,2776156
64.503485,64.437320,98.174270,66,38,104,-0.01934,14.94574,4128,98037000,340011556,-1,2886842
64.602382,64.537530,98.897040,67,38,105,-0.01934,14.94574,4208,98803846,341003870,-1,2960646
64.702535,64.637760,100.152500,68,38,106,-0.01934,14.94574,4328,99974730,341133054,-1,2997548
64.806440,64.738000,103.905400,68,39,107,-0.01934,14.94574,8328,103673385,342952597,-1,3072120
64.905011,64.838280,98.570690,69,39,108,-0.01934,14.94574,5430,98585461,342986905,-1,3108288
65.006285,64.938530,101.274700,70,39,109,-0.01934,14.94574,4288,101254999,343854468,-1,3218980
65.108530,65.038770,102.245200,71,39,110,-0.01934,14.94574,5510,102281577,344756150,-1,3255862
65.215016,65.138990,106.485600,72,39,111,-0.01934,14.94574,4488,106116461,345672749,-1,3329666
65.319822,65.239200,104.806200,73,40,113,-0.01934,14.94574,13648,104839923,346861055,-1,3367336
65.424582,65.356120,104.759600,74,40,114,-0.01934,14.94574,5630,104742999,347786590,-1,3403542
65.531888,65.456370,107.306200,75,40,115,-0.01934,14.94574,4408,107330153,348710550,-1,3514234
65.640468,65.556590,108.579600,76,40,116,-0.01934,14.94574,4488,108509961,348757297,-1,3661822
65.753185,65.673520,112.717000,77,40,117,-0.01934,14.94574,4608,112629192,348882197,-1,3735626
65.864357,65.790440,111.172000,78,40,118,-0.01934,14.94574,8720,110968423,348922051,-1,3773296
65.973011,65.890640,108.654000,79,40,119,-0.01934,14.94574,4608,108547462,348202474,-1,3698758
66.082925,66.007540,109.914500,80,40,120,-0.01934,14.94574,5910,110022538,349058678,-1,3735646
66.190948,66.107700,108.023300,81,40,121,-0.01934,14.44490,4688,107728077,349961344,-1,3809410
66.332619,66.224600,141.670500,82,40,122,-0.01934,13.86040,4888,141266115,350130242,-1,3920116
66.519239,66.358210,186.620500,82,41,123,-0.01934,13.19237,12528,186933308,351090290,-1,3957786
66.714628,66.558580,195.388800,82,41,123,-0.01934,12.19051,4894,195196576,351831484,-1,4141582
66.910857,66.742370,196.229200,82,41,123,-0.01934,11.27155,3448,196077846,350984573,-1,4326058
67.081342,66.942680,170.484200,82,41,123,-0.01934,10.27000,7136,169931231,351029755,-1,4363728
67.211524,67.109540,130.182500,82,41,123,-0.01934,9.43570,8694,129497500,350916736,-1,4510588
67.336435,67.243140,124.910800,83,41,124,-0.01934,8.76770,6306,125422384,350232463,-1,4547470
67.463827,67.360090,127.391900,83,41,124,-0.01934,8.18295,7136,127431423,350265810,-1,4622040
67.594118,67.493720,130.291500,83,41,124,-0.01934,7.51481,3448,130122462,351057699,-1,4621306
67.717840,67.627330,123.721300,83,41,124,-0.01934,6.84673,3408,123846807,351028398,-1,4805802
67.847170,67.744220,129.330000,83,41,124,-0.01934,6.26227,3608,129216692,351846741,-1,4805782
67.979005,67.877850,131.835300,83,41,124,-0.01934,5.59412,10856,131514269,351894871,-1,4954138
68.109973,68.011510,130.967700,83,41,124,-0.01934,4.92585,8770,131029731,351806931,-1,4953424
68.242143,68.145180,132.170100,83,41,124,-0.01934,4.25748,3448,131903693,350977584,-1,5027234
68.365844,68.278820,123.701700,83,41,124,-0.01934,3.58926,3608,123679615,350645579,-1,4990312
68.492670,68.395770,126.825400,83,41,124,-0.01934,3.00452,7176,126822577,350678234,-1,5027982
68.615908,68.529430,123.237900,83,41,124,-0.01934,2.33623,3488,123300346,350666715,-1,4990346
68.739405,68.646390,123.497400,83,41,124,-0.01934,1.75142,3448,123307500,350621142,-1,4990332
68.863168,68.763360,123.763100,83,41,124,-0.01934,1.16660,3488,123078692,350610514,-1,4916488
68.986043,68.897010,122.875200,83,41,124,-0.01934,0.49834,3568,123479731,350639259,-1,4879566
69.108465,69.013950,122.421700,83,41,124,-0.01934,-0.08639,8434,122387654,350663334,-1,4954138
69.230876,69.130940,122.411500,83,41,124,-0.01934,-0.08639,3448,122988539,350644638,-1,4879600
69.352625,69.264540,121.748300,84,41,125,-0.01934,-0.08639,5008,121858115,350730400,-1,4916468
69.476952,69.381410,124.327000,84,41,125,-0.01934,-0.08639,3448,124010230,351519305,-1,4916468
69.599401,69.514970,122.448800,84,41,125,-0.01934,-0.08639,3608,122504615,351543282,-1,5027174
69.725242,69.631850,125.841500,83,42,125,-0.01934,-0.08639,7528,125685231,351576051,-1,5064844
69.848942,69.748720,123.699700,83,42,125,-0.01934,-0.08639,4706,123654961,351550156,-1,5027208
69.974014,69.882320,125.072200,83,42,125,-0.01934,-0.08639,3448,125083539,352327635,-1,5100978
70.101381,69.999180,127.366800,83,42,125,-0.01934,-0.08639,3488,127388500,352328540,-1,5211684
70.235042,70.132770,133.661400,83,42,125,-0.01934,-0.08639,4786,133569000,352352660,-1,5248586
70.367212,70.266340,132.169700,83,42,125,-0.01934,-0.08639,7216,131945346,352376123,-1,5286256
70.499021,70.399940,131.809600,83,42,125,-0.01934,-0.08639,3448,131363615,352350201,-1,5248620
70.626200,70.533550,127.179000,83,42,125,-0.01934,-0.08639,3488,127672538,352340112,-1,5285488
70.790920,70.650460,164.719800,83,42,125,-0.01934,-0.08639,7248,164604346,352370181,-1,5359292
70.943798,70.817450,152.877600,82,43,125,-0.01934,-0.08639,7568,152358807,352404681,-1,5360080
71.082108,70.967760,138.309900,82,43,125,-0.01934,-0.08639,4626,138562423,352374288,-1,5322430
71.275336,71.118080,193.228500,82,43,125,-0.01934,-0.08639,8346,193238692,352362878,-1,5322410
71.404897,71.301780,129.560800,83,43,126,-0.01934,-0.08639,5048,129584769,352478770,-1,5359332
71.538542,71.435410,133.644900,82,44,126,-0.01934,-0.08639,7912,133041577,352421253,-1,5397002
71.673189,71.569030,134.646800,82,44,126,-0.01934,-0.08639,8266,134948961,351605814,-1,5322444
71.803841,71.702610,130.652500,82,44,126,-0.01934,-0.08639,7088,130742884,351604795,-1,5396234
71.939614,71.836220,135.772500,82,44,126,-0.01934,-0.08639,7304,135629616,351627384,-1,5396254
72.077113,71.969820,137.499600,82,44,126,-0.01934,-0.08639,7176,137094384,351667075,-1,5397022
72.255528,72.103410,178.415100,82,44,126,-0.01934,-0.08639,8306,178851923,352467356,-1,5359386
72.478053,72.287120,222.524300,82,44,126,0.89923,-0.08639,3448,221543653,352458465,-1,5543882
72.763782,72.504170,285.729600,82,44,126,1.98448,-0.08639,7248,285238961,352478611,-1,5654568
72.940894,72.787990,177.111600,81,45,126,3.40360,-0.08639,11592,177516922,352397701,-1,5581512
73.085996,72.971620,145.102500,81,45,126,4.32172,-0.08639,4586,144801616,351563797,-1,5396234
73.218320,73.121800,132.323300,81,45,126,5.07263,-0.08639,5130,132308116,351469195,-1,5211724
73.345747,73.255380,127.427700,81,45,126,5.74052,-0.08639,7096,127315808,350700133,-1,4843452
73.472829,73.372240,127.081400,82,45,127,6.32483,-0.08639,4928,125428308,350750230,-1,4584404
73.592157,73.505820,119.328300,82,45,127,6.99273,-0.08639,3368,120661846,350718417,-1,4473644
73.712424,73.622670,120.266500,82,45,127,7.57699,-0.08639,3528,119608423,350708849,-1,4104624
73.826070,73.739510,113.646500,82,45,127,8.16118,-0.08639,7096,113098423,350739813,-1,3810176
73.934592,73.856380,108.521500,82,45,127,8.74552,-0.08639,3448,109126577,350717738,-1,3329716
74.038145,73.956540,103.553700,82,45,127,9.24636,-0.08639,3408,103630923,350681198,-1,3145192
74.138144,74.073400,99.999080,82,45,127,9.83066,-0.08639,4666,100294423,350631022,-1,2849956
74.234733,74.173560,96.588620,82,45,127,10.33144,-0.08639,3528,95996731,350650460,-1,2333328
74.327943,74.257060,93.209540,82,45,127,10.74892,-0.08639,3432,92510808,350654620,-1,2112684
74.416055,74.357230,88.112730,82,45,127,11.24978,-0.08639,7152,88884269,350661161,-1,1965086
74.504348,74.440720,88.292270,82,45,127,11.66724,-0.08639,3792,88523731,350551791,-1,1632224
74.588179,74.540920,83.831120,82,45,127,12.16821,-0.08639,3408,83649154,349736312,-1,1521484
74.670217,74.624390,82.038120,82,45,127,12.58557,-0.08639,3448,81734692,349736044,-1,1300072
74.748371,74.707910,78.154110,82,45,127,13.00317,-0.08639,3408,78412270,349734200,-1,1152464
74.827137,74.774680,78.766040,82,45,127,13.33703,-0.08639,3408,78103577,349738580,-1,1004856
74.902101,74.858170,74.964350,82,45,127,13.75448,-0.08639,3448,75159923,349730884,-1,783444
74.976213,74.924940,74.111230,82,45,127,14.08836,-0.08639,3408,74534269,349730404,-1,709640
75.048113,75.008410,71.900610,82,45,127,14.50570,-0.08639,4626,71754000,349729711,-1,562032
75.117751,75.075210,69.637460,82,45,127,14.50570,-0.08639,3448,70318076,349724975,-1,414424
75.187344,75.142020,69.592930,82,45,127,14.50570,-0.08639,3408,69611077,349724665,-1,488208
75.257121,75.225520,69.777580,82,45,127,14.50570,-0.08639,3408,69709116,349724193,-1,488208
75.327226,75.292320,70.104610,82,45,127,14.50570,-0.08639,3448,70069077,349718921,-1,488208
75.397399,75.359130,70.173310,82,45,127,14.50570,-0.08639,3408,70097231,349718833,-1,488208
75.469007,75.425920,71.608270,83,45,128,14.50570,-0.08639,4928,71554231,350608017,-1,488208
75.540017,75.492710,71.009610,83,45,128,14.50570,-0.08639,3448,70922692,350609641,-1,672718
75.611569,75.576190,71.551570,83,45,128,14.50570,-0.08639,3408,71434077,350609625,-1,746522
75.684569,75.643010,73.000380,83,45,128,14.50570,-0.08639,3408,73003693,350609389,-1,746522
75.757808,75.709790,73.239500,83,45,128,14.50570,-0.08639,3448,73007231,350609169,-1,820326
75.831809,75.793270,74.000540,83,45,128,14.50570,-0.08639,3408,73788538,350610417,-1,746522
75.906361,75.860080,74.552190,83,45,128,14.50570,-0.08639,3448,74694038,350610729,-1,894130
75.980518,75.943570,74.157000,83,45,128,14.50570,-0.08639,3488,73981999,350611145,-1,1041738
76.056846,76.010360,76.327890,83,45,128,14.50570,-0.08639,4666,76103538,350612048,-1,1115542
76.133293,76.093830,76.447430,83,45,128,14.50570,-0.08639,3448,76420385,350607640,-1,1115542
76.210962,76.160680,77.668300,83,45,128,14.50570,-0.08639,3608,77479730,350629333,-1,1115542
76.289324,76.244160,78.362540,83,45,128,14.50570,-0.08639,3472,78264961,350635632,-1,1190114
76.366867,76.327640,77.542580,83,45,128,14.50570,-0.08639,3448,77529769,350618399,-1,1337732
76.445896,76.394430,79.029580,83,45,128,14.50570,-0.08639,3488,78962231,350613351,-1,1411538
76.526088,76.477890,80.191120,82,46,128,14.50570,-0.08639,7876,80078500,350649709,-1,1411538
76.606862,76.561380,80.774190,82,46,128,14.50570,-0.08639,4626,80704692,350644953,-1,1373890
76.685887,76.644900,79.024810,82,46,128,14.50570,-0.08639,3448,79005116,350644722,-1,1484582
76.766782,76.711700,80.895610,82,46,128,14.50570,-0.08639,3528,81061538,350653499,-1,1484582
76.849536,76.795190,82.753810,82,46,128,14.50570,-0.08639,3432,81939346,350653946,-1,1485350
76.931565,76.878660,82.028540,82,46,128,14.50570,-0.08639,3448,82396577,350636577,-1,1559164
77.014635,76.962140,83.069960,82,46,128,14.50570,-0.08639,7112,82956615,350665296,-1,1632970
77.097962,77.045620,83.327690,82,46,128,14.50570,-0.08639,4626,83308346,350660129,-1,1669126
77.181532,77.129100,83.570040,82,46,128,14.50570,-0.08639,3448,83715500,350660594,-1,1779818
77.268155,77.212560,86.622960,82,46,128,14.50570,-0.08639,3528,86409423,350656103,-1,1853622
77.354996,77.296040,86.840880,82,46,128,14.50570,-0.08639,3432,86643846,350692221,-1,2001978
77.441901,77.379550,86.904540,82,46,128,14.50570,-0.08639,7152,86727462,350669880,-1,2223400
77.532630,77.479760,90.729690,83,46,129,14.50570,-0.08639,4928,90935231,351552778,-1,2038146
77.621503,77.563270,88.872890,83,46,129,14.50570,-0.08639,3408,89000693,351563882,-1,2222642
77.711709,77.646800,90.205850,83,46,129,14.50570,-0.08639,3448,89737615,351564650,-1,2370250
77.803581,77.747040,91.872080,83,46,129,14.50570,-0.08639,3528,91826539,351573190,-1,2370250
77.896356,77.830600,92.775080,83,46,129,14.50570,-0.08639,3432,92550500,351551030,-1,2518606
77.992743,77.930860,96.386770,82,47,129,14.50570,-0.08639,7544,97029961,351576936,-1,2518616
78.147760,78.031100,155.016800,82,47,129,14.50570,-0.08639,4626,154805231,351604632,-1,2628578
78.313988,78.181430,166.228100,82,47,129,14.50570,0.66526,3832,165802539,351487368,-1,2886878
78.463524,78.348480,149.536000,82,47,129,14.50570,1.50052,7208,149119192,350771880,-1,2739250
78.620441,78.498850,156.916800,81,48,129,14.50570,2.25235,7528,156929770,350804138,-1,2961450
78.748663,78.649240,128.222200,81,48,129,14.50570,3.00432,8526,126944269,350796971,-1,3071422
78.851191,78.782980,102.528400,81,48,129,14.50570,3.67303,3408,103141962,350777462,-1,3108310
78.953346,78.883220,102.155100,81,48,129,14.50570,4.17425,3488,101988423,350804244,-1,3108310
79.054783,78.983500,101.436700,81,48,129,14.50570,4.67563,7136,101001077,350827691,-1,3182882
79.157624,79.083760,102.840700,81,48,129,14.50570,5.17696,8266,102856999,350826724,-1,3145226
79.259935,79.184040,102.311300,81,48,129,14.50570,5.67833,3408,102024154,350797818,-1,3182134
79.363885,79.284290,103.949900,81,48,129,14.50570,6.17963,3368,104321961,350803610,-1,3182114
79.467613,79.401240,103.727700,81,48,129,14.50570,6.76436,3528,103764654,350819644,-1,3255918
79.573333,79.501500,105.720700,82,48,130,14.50570,7.26563,8616,105529654,350946474,-1,3256666
79.678040,79.601740,104.706800,82,48,130,14.50570,7.76684,3792,104414769,350839435,-1,3219030
79.782068,79.701970,104.028200,82,48,130,14.50570,8.26801,3368,104067769,350012755,-1,3182114
79.887340,79.818930,105.272000,82,48,130,14.50570,8.85281,3408,105245116,350005900,-1,3218996
79.992898,79.919190,105.557200,82,48,130,14.50570,9.35408,3488,104928461,350032646,-1,3182074
80.097345,80.019450,104.447500,82,48,130,14.50570,9.85536,8394,104785500,350070564,-1,3182842
80.202694,80.119710,105.348900,82,48,130,14.50570,10.35664,3792,105027193,349963232,-1,3108304
80.305791,80.236660,103.097000,82,48,130,14.50570,10.94138,3448,103123500,349135684,-1,3108290
80.407704,80.336930,101.913100,82,48,130,14.50570,11.44276,3408,102553347,349139164,-1,3108270
80.511899,80.437180,104.194800,82,48,130,14.50570,11.94402,3568,103210423,349164522,-1,3071368
80.613949,80.537420,102.050400,82,48,130,14.50570,12.44521,7136,102515577,349191509,-1,3109038
80.716874,80.637650,102.924800,82,48,130,14.50570,12.94637,3448,102527653,349176882,-1,2960696
80.815600,80.754570,98.725690,82,48,130,14.50570,13.53098,3408,98871962,349147908,-1,2886878
80.915329,80.838070,99.728730,82,48,130,14.50570,13.94849,3448,99873615,349148676,-1,2849956
81.014686,80.938290,99.357040,82,48,130,14.50570,14.44958,3528,98829461,349167274,-1,2702348
81.110270,81.038520,95.583960,82,48,130,14.50570,14.95071,4690,95492539,349172640,-1,2518606
81.206076,81.138750,95.806620,81,49,130,14.50570,14.95071,7464,97034038,349201143,-1,2444812
81.302615,81.238970,96.539040,81,49,130,14.50570,14.95071,4626,95754500,349189572,-1,2517872
81.395766,81.339190,93.150310,81,49,130,14.50570,14.95071,3368,93851192,349173295,-1,2702348
81.492677,81.422690,96.911770,81,49,130,14.50570,14.95071,3368,96806308,349180328,-1,2702348
81.591169,81.522960,98.491730,82,49,131,14.50570,14.95071,4928,98008077,350086000,-1,2813054
81.687225,81.623200,96.055850,82,49,131,14.50570,14.95071,3368,96424500,350089648,-1,2997564
81.787949,81.723430,100.724400,82,49,131,14.50570,14.95071,3408,100278808,350087960,-1,2997564
81.891216,81.823630,103.266500,82,49,131,14.50570,14.95071,3368,103531000,350098728,-1,3034466
81.992000,81.923850,100.784500,82,49,131,14.50570,14.95071,3528,100692077,350115706,-1,3255878
82.097984,82.024070,105.983500,82,49,131,14.50570,14.95071,4650,105357654,350127665,-1,3256626
82.202308,82.124250,104.324000,82,49,131,14.50570,14.95071,3448,104342462,350115436,-1,3330440
82.308738,82.241160,106.429800,82,49,131,14.50570,14.95071,7484,106684846,350138132,-1,3367342
82.413830,82.341360,105.092800,82,49,131,14.50570,14.95071,3448,104635423,350147005,-1,3255892
82.521071,82.441540,107.240300,82,49,131,14.50570,14.95071,3528,107472615,350162578,-1,3403486
82.629160,82.558460,108.089400,82,49,131,14.50570,14.95071,3472,107799731,350174225,-1,3514960
82.737114,82.658650,107.953800,81,50,131,14.50570,14.95071,7464,107899731,350203664,-1,3551872
82.846626,82.775500,109.512100,81,50,131,14.50570,14.95071,5010,109613038,350104129,-1,3698736
82.957581,82.875680,110.955200,81,50,131,14.50570,14.95071,3368,110837038,349295248,-1,3661820
83.067005,82.992580,109.423500,81,50,131,14.50570,14.95071,3528,109498730,349310814,-1,3698722
83.182111,83.092770,115.106700,81,50,131,14.50570,14.95071,4610,114353961,349321388,-1,3736372
83.290644,83.209700,108.532800,80,51,131,14.50570,14.95071,7464,109103269,349348799,-1,3883990
83.403906,83.326590,113.262200,80,51,131,14.50570,14.95071,4546,112810885,349343665,-1,3920148
83.518789,83.426810,114.882900,80,51,131,14.50570,14.95071,3368,114837615,349321311,-1,3993938
83.633571,83.543750,114.781400,81,51,132,14.50570,14.95071,4968,114994423,350236643,-1,4178428
83.753022,83.660720,119.451000,81,51,132,14.50570,14.95071,7096,119520808,350189718,-1,4253000
83.935956,83.777670,182.934200,81,51,132,14.50570,14.95071,3328,182844577,350264296,-1,4252266
84.129562,83.961420,193.605800,81,51,132,14.50570,14.95071,3368,193418846,350243416,-1,4289154
84.396647,84.161830,267.085700,81,51,132,14.50570,14.95071,4746,266692384,350277645,-1,4584350
84.572910,84.429050,176.262700,80,52,132,13.16963,14.95071,15108,175641538,350357486,-1,4695824
84.712482,84.596020,139.572000,80,52,132,12.33480,14.95071,8610,139696038,352642071,-1,5285528
84.855737,84.746210,143.254600,80,52,132,11.58386,14.95071,7264,142959808,353484999,-1,5580764
85.009370,84.879740,153.633100,80,52,132,10.91620,14.95071,15744,153412423,353423532,-1,5692258
85.155329,85.046750,145.959100,80,52,132,10.08114,14.95071,4586,145471538,354179976,-1,5507054
85.290973,85.180340,135.644400,80,52,132,9.41322,14.95071,10688,135918500,354194901,-1,5470078
85.431855,85.313900,140.881300,80,52,132,8.74539,14.95071,3488,140184308,355017914,-1,5285608
85.565943,85.464180,134.088700,80,52,132,7.99403,14.95071,7056,134630884,355043257,-1,5286356
85.698273,85.597740,132.329600,81,52,133,7.32622,14.95071,8568,132388923,355097951,-1,5101092
85.825488,85.731280,127.215300,81,52,133,6.65854,14.95071,3328,127209115,355067866,-1,4916528
85.951012,85.848180,125.523600,81,52,133,6.07407,14.95071,3488,125021077,355071815,-1,4658214
86.073441,85.981710,122.429400,81,52,133,5.40639,14.95071,7056,122775962,355100014,-1,4511334
86.192969,86.098580,119.527700,81,52,133,4.82206,14.95071,5010,119414885,354990132,-1,4252286
86.309633,86.215460,116.664400,81,52,133,4.23764,14.95071,3368,116618231,354155259,-1,4141566
86.423952,86.332340,114.318500,81,52,133,3.65326,14.95071,3408,114382577,354146288,-1,3920134
86.537732,86.449230,113.780300,81,52,133,3.06881,14.95071,3488,113009000,354965537,-1,3846310
86.647674,86.566150,109.942000,81,52,133,2.48422,14.95071,3432,109788769,354966496,-1,3662568
86.756278,86.683070,108.604200,80,53,133,1.89960,14.95071,7424,109200154,354966958,-1,3588774
86.863651,86.783270,107.372700,80,53,133,1.39862,14.95071,4586,107063808,354965480,-1,3366598
86.968872,86.900160,105.220800,80,53,133,0.81415,14.95071,3328,105436193,354942179,-1,3366584
87.072803,87.000370,103.931100,80,53,133,0.31311,14.95071,4586,103798385,354941219,-1,3255878
87.175361,87.100610,102.557800,80,53,133,0.31311,14.95071,3328,103330500,354951599,-1,3145172
87.277944,87.200860,102.582800,80,53,133,0.31311,14.95071,3368,102388116,354962284,-1,3182074
87.380854,87.317790,102.910900,80,53,133,0.31311,14.95071,3328,102888192,354959632,-1,3218976
87.485369,87.418060,104.514700,80,53,133,0.31311,14.95071,3488,104443769,354978937,-1,3218976
87.588545,87.518330,103.176200,80,53,133,0.31311,14.95071,3352,102734000,354990821,-1,3293528
87.693167,87.618600,104.621100,81,53,134,0.31311,14.95071,4888,104974115,355922126,-1,3330440
87.797260,87.718890,104.093800,81,53,134,0.31311,14.95071,7404,103983076,355898084,-1,3367342
87.902697,87.835880,105.437200,81,53,134,0.31311,14.95071,3368,105135231,355903122,-1,3477304
88.008552,87.936170,105.854700,81,53,134,0.31311,14.95071,3448,106031384,355912322,-1,3514192
88.116107,88.036460,107.555300,81,53,134,0.31311,14.95071,4610,107264961,355924188,-1,3588764
88.222867,88.153430,106.759100,80,54,134,0.31311,14.95071,7424,106910769,355947867,-1,3625676
88.332315,88.253750,109.448700,80,54,134,0.31311,14.95071,4586,109181808,355942082,-1,3661834
88.439454,88.370720,107.139100,80,54,134,0.31311,14.95071,3712,107255192,355835101,-1,3698722
88.548537,88.470950,109.082200,80,54,134,0.31311,14.95071,3488,108954885,355057186,-1,3661820
88.657434,88.587890,108.897400,80,54,134,0.31311,14.95071,3352,108456923,355065593,-1,3810176
88.766729,88.688150,109.294600,80,54,134,0.31311,14.95071,7072,109606923,355086736,-1,3883990
88.877397,88.805110,110.668000,80,54,134,0.31311,14.95071,3328,110476731,355086283,-1,3920148
88.988813,88.905350,111.416300,80,54,134,0.31311,14.95071,3368,111449616,355063105,-1,3957036
89.101323,89.022260,112.509700,80,54,134,0.31311,14.95071,4666,112448961,355096649,-1,3957016
89.215534,89.139180,114.211700,79,55,134,0.31311,14.95071,7448,113940692,355136198,-1,4142294
89.329254,89.239400,113.720200,79,55,134,0.31311,14.95071,4506,113685230,355118948,-1,4104658
89.443368,89.356310,114.113200,79,55,134,0.31311,14.95071,3328,114180654,355101001,-1,4141546
89.565335,89.473210,121.967800,79,55,134,0.31311,14.95071,3288,118003731,355098493,-1,4178448
89.678662,89.590100,113.327000,79,55,134,0.31311,14.95071,3448,117024462,355131777,-1,4252232
89.888521,89.706970,209.858800,80,55,135,0.31311,14.95071,8536,209781654,356058274,-1,4363706
90.087193,89.924060,198.672000,80,55,135,0.31311,14.95071,3712,198991039,355946231,-1,4399874
90.322236,90.124400,235.043200,81,55,136,0.31311,14.95071,6186,234595615,355657123,-1,4473644
90.480024,90.358120,157.787300,80,56,136,0.31311,13.78209,15028,156653653,355730657,-1,4585118
90.610465,90.508330,130.441000,80,56,136,0.31311,13.03104,11962,130335307,355712202,-1,4732018
90.732810,90.641780,122.344800,81,56,137,0.31311,12.36382,5008,122294231,355817233,-1,4879646
90.867620,90.758650,134.810400,81,56,137,0.31311,11.77945,14956,134963346,355878556,-1,4954218
90.993327,90.892230,125.707000,81,56,137,0.31311,11.11156,3752,125677846,355770422,-1,4990426
91.126119,91.025850,132.792300,81,56,137,0.31311,10.44345,8386,132695577,354940783,-1,5027314
91.253813,91.159450,127.693300,82,56,138,0.31311,9.77540,8728,127671808,355851843,-1,5137980
91.387650,91.276410,133.837200,82,56,138,0.31311,9.19063,7096,133029077,355882340,-1,5212532
91.515883,91.410090,128.232600,82,56,138,0.31311,8.52226,3408,128810154,355868870,-1,5211798
91.648766,91.543770,132.883600,82,56,138,0.31311,7.85385,3368,133124769,355818934,-1,5322490
91.780384,91.677440,131.617600,83,56,139,0.31311,7.18550,5088,131191769,356733614,-1,5359332
91.918809,91.811150,138.425800,84,56,140,0.31311,6.51698,8656,138261616,356849157,-1,5507708
92.048620,91.944880,129.810500,84,56,140,0.31311,5.84833,3448,129958693,356827775,-1,5506954
92.185523,92.078580,136.902900,84,56,140,0.31311,5.17979,5010,136625384,356699587,-1,5654528
92.317441,92.212330,131.917700,85,56,141,0.31311,4.51105,5128,132048192,356015346,-1,5580704
92.457337,92.346080,139.896100,84,57,141,0.31311,3.84234,7568,139670038,356055698,-1,5581472
92.588622,92.479810,131.285000,84,57,141,0.31311,3.17365,4706,131337423,356029102,-1,5617640
92.725092,92.613540,136.470800,84,57,141,0.31311,2.50502,3448,136428577,356006855,-1,5691410
92.858186,92.763940,133.093700,85,57,142,0.31311,1.75305,5168,132808846,356911592,-1,5728312
92.996310,92.880900,138.124100,85,57,142,0.31311,1.16825,3512,138248038,356917609,-1,5729080
93.129439,93.031240,133.129200,85,57,142,0.31311,0.41652,8450,133207153,357708461,-1,5729090
93.261769,93.164880,132.329600,85,57,142,0.31311,0.41652,3488,132783461,357712866,-1,5765228
93.395148,93.298490,133.378800,86,57,143,0.31311,0.41652,5088,133496423,358588800,-1,5802116
93.529086,93.432110,133.938500,86,57,143,0.31311,0.41652,3528,133858846,358590456,-1,5839018
93.665899,93.565710,136.813200,86,57,143,0.31311,0.41652,3688,136754038,358607416,-1,5875920
93.807398,93.699300,141.499000,86,57,143,0.31311,0.41652,3552,141303577,358612455,-1,5876688
93.947666,93.832860,140.267300,87,58,145,0.31311,0.41652,11076,140162116,361204278,-1,5876678
94.080843,93.983120,133.177100,87,58,145,0.31311,0.41652,4746,133194153,361197430,-1,6060444
94.225324,94.116650,144.481600,87,58,145,0.31311,0.41652,5290,144525038,361112211,-1,6097332
94.369866,94.250220,144.542000,87,58,145,0.31311,0.41652,3552,144208769,360321381,-1,6061198
94.510205,94.400450,140.338200,88,58,146,0.31311,0.41652,8872,140410769,361216419,-1,6098110
94.651027,94.533980,140.822500,88,58,146,0.31311,0.41652,3608,140626654,361210157,-1,6097366
94.789887,94.684240,138.860200,88,58,146,0.31311,0.41652,3768,138934500,361215473,-1,6208038
94.933602,94.817760,143.714700,87,59,146,0.31311,0.41652,7688,143509654,361251518,-1,6245708
95.082264,94.968020,148.662200,88,59,147,0.31311,0.41652,6386,148242231,361323194,-1,6244974
95.226516,95.118260,144.251500,88,59,147,0.31311,0.41652,4826,144618116,362088289,-1,6281862
95.367530,95.251820,141.014000,88,59,147,0.31311,0.41652,3768,141045462,362107851,-1,6318744
95.538595,95.402100,171.065000,88,59,147,0.31311,0.41652,7336,171000731,362139086,-1,6282610
95.774846,95.569110,236.251200,89,59,148,0.31311,0.41652,5592,235832923,362959190,-1,6244974
96.110860,95.802870,336.014600,89,59,148,0.31311,0.41652,3808,336101269,362954715,-1,6208038
96.324297,96.136210,213.436800,90,60,150,0.31311,0.41652,12026,213254039,363982629,-1,6245708
96.467660,96.353250,143.362200,90,60,150,1.39832,0.41652,5026,142702384,363971726,-1,6392548
96.612544,96.503540,144.884000,90,60,150,2.14977,0.41652,15380,144743807,363926591,-1,6430218
96.763971,96.637140,151.427800,91,60,151,2.81774,0.41652,5288,151286462,363190372,-1,6355720
96.911569,96.787410,147.598200,91,60,151,3.56908,0.41652,7408,146863462,363183845,-1,6392588
97.056497,96.937680,144.927600,91,60,151,4.32043,0.41652,7664,145581539,363210215,-1,6281902
97.200801,97.087960,144.304300,91,60,151,5.07185,0.41652,12354,144004846,363251126,-1,6024376
97.340714,97.238250,139.913000,92,60,152,5.82329,0.41652,5328,139953462,364087360,-1,5802250
97.475733,97.371860,135.018800,92,60,152,6.49135,0.41652,3768,135069000,364051911,-1,5580764
97.608880,97.505480,133.146700,92,60,152,7.15941,0.41652,3928,133142193,364054159,-1,5211744
97.736972,97.639110,128.092300,91,61,152,7.82755,0.41652,7848,127930538,364068852,-1,4843472
97.860766,97.772770,123.794300,92,61,153,8.49586,0.41652,6546,123408231,365545714,-1,4289188
97.976654,97.889720,115.887300,92,61,153,9.08060,0.41652,4152,115543154,365421239,-1,4030820
98.088509,98.006650,111.855100,92,61,153,9.66523,0.41652,5146,111800000,364643853,-1,3661800
98.197148,98.123600,108.639000,92,61,153,10.24998,0.41652,7496,108493154,364669008,-1,3441156
98.301353,98.223840,104.205000,93,61,154,10.75118,0.41652,5368,103930808,364736751,-1,2813088
98.399505,98.324100,98.152230,94,61,155,11.25247,0.41652,5328,97943923,364786058,-1,2591662
98.492269,98.424360,92.764040,94,61,155,11.75379,0.41652,3848,93324692,364747131,-1,2370230
98.583331,98.524660,91.061610,94,61,155,12.25526,0.41652,3928,90766423,364766939,-1,2001210
98.670213,98.608180,86.881920,94,61,155,12.67287,0.41652,3832,86759731,364771118,-1,1706762
98.752595,98.691700,82.382390,93,62,155,13.09048,0.41652,7944,82768384,364787524,-1,1522262
98.834328,98.775250,81.733000,93,62,155,13.50824,0.41652,5066,81571846,364776153,-1,1189400
98.912546,98.858800,78.217460,94,62,156,13.92600,0.41652,5368,78265346,365658577,-1,1078680
98.987995,98.942340,75.449880,94,62,156,14.34371,0.41652,3888,75234539,365639238,-1,931052
99.062032,99.025840,74.036880,94,62,156,14.76118,0.41652,5186,74288154,365658829,-1,562032
99.132623,99.092620,70.590540,94,62,156,14.76118,0.41652,7576,71408808,365693359,-1,488996
99.203967,99.159440,71.343650,94,62,156,14.76118,0.41652,3888,71085500,365694847,-1,451362
99.274812,99.242930,70.845040,94,62,156,14.76118,0.41652,4232,70842539,365576836,-1,562066
99.345603,99.309750,70.791580,94,62,156,14.76118,0.41652,3888,70662308,364758017,-1,562052
99.418898,99.376560,73.294460,95,62,157,14.76118,0.41652,5448,73402769,365647474,-1,635856
99.490520,99.443310,71.622500,95,62,157,14.76118,0.41652,3888,71239193,365638186,-1,931072
99.564883,99.526790,74.362730,95,62,157,14.76118,0.41652,4008,74364269,365660904,-1,857248
99.640174,99.593580,75.291500,94,63,157,14.76118,0.41652,8008,75422308,365701440,-1,1005624
99.716041,99.677050,75.866580,94,63,157,14.76118,0.41652,5066,75651385,365732874,-1,894186
99.789966,99.743830,73.924800,94,63,157,14.76118,0.41652,3848,73558730,365676592,-1,1078694
99.866037,99.827280,76.071150,94,63,157,14.76118,0.41652,3928,76168846,365651446,-1,1004876
99.942579,99.894040,76.541690,95,63,158,14.76118,0.41652,5408,76464000,365746454,-1,1152464
100.017873,99.977490,75.294500,95,63,158,14.76118,0.41652,3888,75066308,365747162,-1,1226268
100.096205,100.044300,78.331650,95,63,158,14.76118,0.41652,5266,78343000,365768733,-1,1226268
100.174976,100.127700,78.771650,95,63,158,14.76118,0.41652,3912,78363846,365774592,-1,1300840
100.254167,100.211200,79.190850,95,63,158,14.76118,0.41652,3888,79247346,365757564,-1,1300850
100.335016,100.278000,80.848810,96,63,159,14.76118,0.41652,9536,80877615,365827799,-1,1596068
100.415240,100.361500,80.223580,96,63,159,14.76118,0.41652,3928,80127500,365022659,-1,1706028
100.497747,100.445000,82.506960,97,63,160,14.76118,0.41652,5448,82485923,365113233,-1,1669106
100.582469,100.528500,84.722500,97,63,160,14.76118,0.41652,3968,84530230,365094926,-1,1742896
100.665367,100.612000,82.898420,97,63,160,14.76118,0.41652,4048,83172846,365121582,-1,1890504
100.750283,100.695500,84.915380,97,63,160,14.76118,0.41652,3952,84471769,365122853,-1,1891272
100.837255,100.779000,86.972460,96,64,160,14.76118,0.41652,8064,87115308,365169518,-1,1891282
100.923754,100.862500,86.499080,96,64,160,14.76118,0.41652,5146,86293692,365136824,-1,2148852
101.012841,100.962700,89.086150,97,64,161,14.76118,0.41652,5488,88836576,366060496,-1,2185740
101.101977,101.046200,89.136610,97,64,161,14.76118,0.41652,5226,89051807,366002765,-1,2370250
101.193265,101.129800,91.287650,97,64,161,14.76118,0.41652,4088,91361308,366022925,-1,2370230
101.285802,101.230000,92.537230,97,64,161,14.76118,0.41652,4376,92294308,365936269,-1,2444802
101.376166,101.313600,90.364430,97,64,161,14.76118,0.41652,7712,90366346,365156086,-1,2518616
101.486465,101.413800,110.298200,97,64,161,14.76118,0.41652,4008,110192423,365183543,-1,2480970
101.635592,101.514000,149.127700,98,64,162,14.76118,0.41652,5568,149248346,366044866,-1,2665466
101.779694,101.664300,144.101600,98,64,162,14.76118,0.41652,4128,144024422,366098624,-1,2923760
101.934861,101.814600,155.166800,97,65,162,14.76118,0.41652,8128,154971270,366149170,-1,2998332
102.078579,101.964900,143.718200,97,65,162,14.76118,0.41652,5186,143545615,366091140,-1,3329716
102.180741,102.115100,102.162500,98,65,163,14.76118,0.41652,6786,102239730,366985761,-1,3366604
102.286141,102.215200,105.399500,98,65,163,14.76118,0.91718,4128,104299346,366972749,-1,3403486
102.392275,102.315400,106.133600,99,65,164,14.76118,1.41799,12976,105830615,367957476,-1,3625666
102.500052,102.415600,107.777500,99,65,164,14.76118,1.91904,4392,107198308,367843908,-1,3624952
102.606786,102.532500,106.734400,99,65,164,14.76118,2.50339,4088,107696115,367016981,-1,3661840
102.715273,102.632700,108.486700,100,65,165,14.76118,3.00424,9248,107800615,367125277,-1,3809428
102.824952,102.749500,109.678500,100,65,165,14.76118,3.58868,4208,109476693,367155045,-1,3957056
102.935833,102.849700,110.881400,99,66,165,14.76118,4.08962,8168,110256269,367196419,-1,3957824
103.047589,102.966600,111.755900,99,66,165,14.76118,4.67397,5306,112009577,367183980,-1,3920188
103.158901,103.083500,111.312400,99,66,165,14.76118,5.25830,8946,111674923,367159245,-1,3957076
103.272213,103.183600,113.312000,100,66,166,14.76118,5.75922,5648,113155692,368052149,-1,3957056
103.384787,103.300500,112.573300,100,66,166,14.76118,6.34361,4208,112507577,368085517,-1,3993958
103.499377,103.417400,114.590500,100,66,166,14.76118,6.92811,7856,114387077,368114112,-1,4031628
103.613798,103.534300,114.420600,100,66,166,14.76118,7.51272,4472,114000385,368012090,-1,4215384
103.728420,103.651200,114.622000,100,66,166,14.76118,8.09710,4128,115143769,367187472,-1,4326076
103.845145,103.751400,116.725000,100,66,166,14.76118,8.59790,4128,116552923,367190184,-1,4326056
103.962904,103.868300,117.759100,100,66,166,14.76118,9.18231,4288,117750038,367207610,-1,4252252
104.079635,103.985100,116.731400,100,66,166,14.76118,9.76657,7856,116019192,368036918,-1,4253000
104.194817,104.102000,115.181900,100,66,166,14.76118,10.35088,5386,115403576,368016402,-1,4178462
104.310361,104.218900,115.544300,100,66,166,14.76118,10.93539,4128,115803231,368794386,-1,4141526
104.425349,104.335800,114.987500,100,66,166,14.76118,11.51993,4168,114735731,368796891,-1,4141526
104.538784,104.452700,113.435300,100,66,166,14.76118,12.10440,4248,113806385,368830578,-1,4030820
104.652662,104.569500,113.877500,99,67,166,14.76118,12.68875,8632,113035539,368768568,-1,3994686
104.764908,104.686400,112.246000,99,67,166,14.76118,13.27323,5306,112615269,367941408,-1,3698736
104.872951,104.786600,108.042900,99,67,166,14.76118,13.77407,4128,108016231,367925129,-1,3551094
104.980322,104.903500,107.371100,100,67,167,14.76118,14.35841,5608,107476923,368008351,-1,3551094
105.087706,105.003700,107.384700,100,67,167,14.76118,14.85942,5346,106903462,368016494,-1,3477290
105.191442,105.120600,103.736000,100,67,167,14.76118,14.85942,4088,104956962,368028902,-1,3366584
105.297626,105.220800,106.183700,100,67,167,14.76118,14.85942,4128,105846346,368037375,-1,3403486
105.402441,105.321000,104.815000,100,67,167,14.76118,14.85942,4088,104795308,368021916,-1,3440388
105.508340,105.437900,105.898700,100,67,167,14.76118,14.85942,4288,105946000,368053419,-1,3477270
105.616613,105.538100,108.272800,100,67,167,14.76118,14.85942,4152,108015500,368072034,-1,3625646
105.725517,105.655000,108.904200,100,67,167,14.76118,14.85942,4168,108769730,368061993,-1,3773264
105.835487,105.755200,109.970200,100,67,167,14.76118,14.85942,8204,110074884,368091639,-1,3920872
105.945504,105.872000,110.017100,100,67,167,14.76118,14.85942,4168,109840692,368100069,-1,4067736
106.058189,105.972200,112.685300,100,67,167,14.76118,14.85942,4248,112666308,368108820,-1,4178428
106.173114,106.089100,114.924400,100,67,167,14.76118,14.85942,5410,114749308,368123755,-1,4216098
106.287741,106.205900,114.627300,99,68,167,14.76118,14.85942,8568,114714269,368052530,-1,4179206
106.403472,106.322800,115.731200,99,68,167,14.76118,14.85942,5346,115552346,367253596,-1,4178462
106.518184,106.439700,114.711300,100,68,168,14.76118,14.85942,5608,114658577,367336390,-1,4289154
106.636625,106.556600,118.441500,100,68,168,14.76118,14.85942,4248,118463462,367363612,-1,4326056
106.755709,106.673500,119.083300,100,68,168,14.76118,14.85942,7816,118397039,367398464,-1,4511314
106.874702,106.790400,118.993700,100,68,168,14.76118,14.85942,4128,119161269,367385498,-1,4473678
106.994972,106.907300,120.270000,100,68,168,14.76118,14.85942,4128,120302885,367366283,-1,4547468
107.115348,107.024200,120.375700,100,68,168,14.76118,14.85942,5386,120497539,367382178,-1,4695056
107.265423,107.141000,150.075100,100,68,168,14.76118,14.85942,4248,150151231,367408830,-1,4805762
107.469191,107.291300,203.767900,99,69,168,14.76118,14.85942,8248,203507038,367453525,-1,4806530
107.682263,107.508400,213.071700,99,69,168,14.76118,14.85942,5346,213029423,367432193,-1,4879600
107.892984,107.708700,210.721400,100,69,169,14.76118,14.85942,5768,210653385,367531490,-1,5100978
108.030638,107.925800,137.653700,100,69,169,14.76118,14.85942,11536,137521884,367586854,-1,5360060
108.162258,108.059300,131.620100,100,69,169,14.76118,14.85942,5690,131552192,367462300,-1,5543842
108.297312,108.192900,135.053800,100,69,169,14.09338,14.85942,7848,134099116,366688932,-1,5580724
108.430539,108.326500,133.227900,100,69,169,13.42559,14.85942,8188,133112038,368332255,-1,5986666
108.571296,108.460100,140.756300,100,69,169,12.75756,14.85942,7992,140311576,371638394,-1,6282670
108.712186,108.593600,140.890500,100,69,169,12.08982,14.85942,11488,140566923,372363595,-1,6687858
108.867888,108.743900,155.701500,100,69,169,11.33849,14.85942,7848,156365423,372359460,-1,6724746
109.032713,108.894200,164.825100,100,69,169,10.58713,14.85942,7928,164801500,373987755,-1,6687864
109.182884,109.061100,150.170900,99,70,169,9.75229,14.85942,9850,150244500,373921899,-1,6688632
109.336923,109.211400,154.039600,99,70,169,9.00107,14.85942,8986,153800923,373116652,-1,6355746
109.483217,109.361700,146.293500,99,70,169,8.24967,14.85942,4128,146053846,373869568,-1,6245040
109.627691,109.512000,144.473800,100,70,170,7.49795,14.85942,5728,144645077,374832572,-1,6134294
109.769329,109.662300,141.638100,99,71,170,6.74633,14.85942,8208,141367692,374789438,-1,5802924
109.913328,109.796000,143.999600,99,71,170,6.07799,14.85942,5266,143859230,374749968,-1,5691464
110.041081,109.946400,127.753000,99,71,170,5.32611,14.85942,4088,127908231,374400550,-1,5433116
110.172542,110.063400,131.460600,100,71,171,4.74112,14.85942,6946,131085731,374504517,-1,5174782
110.300745,110.197100,128.202800,100,71,171,4.07271,14.85942,7856,128446539,375392624,-1,4991040
110.424445,110.330700,123.700600,100,71,171,3.40421,14.85942,4088,123554423,375285489,-1,4768894
110.545613,110.447700,121.167600,100,71,171,2.81925,14.85942,4128,121040769,375256942,-1,4547448
110.666904,110.581400,121.291400,100,71,171,2.15092,14.85942,4248,120551461,375272607,-1,4436742
110.783561,110.698400,116.656300,100,71,171,1.56616,14.85942,4576,117490038,375180386,-1,4289902
110.899309,110.815300,115.748800,99,72,171,0.98135,14.85942,8184,115164269,374394422,-1,4142304
111.011727,110.932300,112.417600,99,72,171,0.39638,14.85942,5346,112772423,374369928,-1,3957050
111.123802,111.049300,112.074900,99,72,171,-0.18848,14.85942,5306,111862038,374350436,-1,3883212
111.234576,111.149600,110.773800,100,72,172,-0.18848,14.85942,5768,111595731,374468240,-1,3846310
111.346396,111.266500,111.820100,100,72,172,-0.18848,14.85942,4112,111654615,374474032,-1,3847078
111.457777,111.383500,111.381500,100,72,172,-0.18848,14.85942,8216,111552770,374381914,-1,3847088
111.568982,111.483700,111.204500,100,72,172,-0.18848,14.85942,4088,111058039,373581901,-1,3772540
111.679496,111.600700,110.514300,100,72,172,-0.18848,14.85942,4128,110585038,373557702,-1,3846330
111.791919,111.717600,112.423300,100,72,172,-0.18848,14.85942,4248,112378923,373582257,-1,3920114
111.903166,111.817700,111.246400,100,72,172,-0.18848,14.85942,4192,111005846,373588464,-1,3994686
112.015462,111.934600,112.296200,99,73,172,-0.18848,14.85942,8184,112348038,373605538,-1,3994696
112.128012,112.051500,112.550000,99,73,172,-0.18848,14.85942,5346,112004269,373597028,-1,4067756
112.240023,112.151700,112.011100,99,73,172,-0.18848,14.85942,4088,112388308,373569377,-1,4141546
112.353097,112.268500,113.073500,99,73,172,-0.18848,14.85942,4248,112976000,373593841,-1,4141526
112.466382,112.385400,113.285200,99,73,172,-0.18848,14.85942,4112,112942615,373603176,-1,4216098
112.580269,112.502300,113.886900,99,73,172,-0.18848,14.85942,8216,114117500,373520066,-1,4289912
112.695081,112.619200,114.812000,100,73,173,-0.18848,14.85942,5608,114546116,372801357,-1,4215364
112.808959,112.719400,113.878500,100,73,173,-0.18848,14.85942,4128,113983115,372788222,-1,4289134
112.924425,112.836300,115.466400,100,73,173,-0.18848,14.85942,4208,115393076,372809597,-1,4399840
113.065877,112.953100,141.451100,100,73,173,-0.18848,14.85942,4152,141208923,372819088,-1,4400608
113.266629,113.103400,200.752300,99,74,173,-0.18848,14.85942,9362,200592731,372839337,-1,4474422
113.494701,113.303800,228.071800,99,74,173,-0.18848,14.85942,5346,228233116,372824407,-1,4621286
113.704214,113.521000,209.512800,99,74,173,-0.18848,14.85942,4248,209507731,372837344,-1,4768860
113.926728,113.738100,222.514500,99,74,173,-0.18848,14.85942,8240,222499808,372771661,-1,4880334
114.049753,113.955200,123.025200,99,74,173,-0.18848,14.85942,4128,123158230,371936362,-1,4916488
114.255683,114.088800,205.929800,99,74,173,-0.18848,14.85942,5426,205671039,371954406,-1,5100978
114.383661,114.289200,127.978000,98,75,173,-0.18848,13.85745,11888,126145500,372026623,-1,5138648
114.523380,114.406100,139.718900,98,75,173,-0.18848,13.27296,5266,140174846,371982688,-1,5396234
114.653164,114.556300,129.784100,98,75,173,-0.18848,12.52159,7768,129734885,371986156,-1,5543822
114.798301,114.689900,145.137000,99,75,174,-0.18848,11.85365,9368,145390653,372916851,-1,5654548
114.931946,114.823600,133.645000,98,76,174,-0.18848,11.18555,12232,132613423,372873965,-1,5839846
115.081520,114.957100,149.574300,98,76,174,-0.18848,10.51765,5226,150437462,372040047,-1,5765328
115.217000,115.107400,135.479700,98,76,174,-0.18848,9.76622,8946,134711731,372035796,-1,5875980
115.356094,115.241000,139.093700,98,76,174,-0.18848,9.09828,4168,139762385,372051027,-1,5986706
115.495091,115.391300,138.997600,98,76,174,-0.18848,8.34706,7816,138321423,372072825,-1,6061258
115.643380,115.524800,148.289100,98,76,174,-0.18848,7.67923,4048,148807192,372041507,-1,6060504
115.784649,115.675100,141.268900,98,76,174,-0.18848,6.92775,7768,140801500,372031380,-1,6208058
115.929585,115.808800,144.936200,98,76,174,-0.18848,6.25957,4168,145435385,372044867,-1,6281882
116.070647,115.959100,141.061300,98,76,174,-0.18848,5.50768,8200,140518461,371990097,-1,6319532
116.218571,116.092800,147.924000,98,76,174,-0.18848,4.83936,5266,147906269,371172899,-1,6281896
116.358621,116.243200,140.050800,98,76,174,-0.18848,4.08760,4088,140352769,371152145,-1,6429470
116.507715,116.393500,149.093400,98,76,174,-0.18848,3.33595,4168,148615692,371165313,-1,6503274
116.650512,116.543900,142.796800,97,77,174,-0.18848,2.58414,8552,142756692,371108482,-1,6540924
116.801101,116.677500,150.589300,97,77,174,-0.18848,1.91598,5226,150178808,371083112,-1,6466386
116.941786,116.827800,140.685500,98,77,175,-0.18848,1.16444,5568,141112154,371950162,-1,6650862
117.090965,116.978100,149.178100,98,77,175,-0.18848,0.41282,4128,148632693,371972586,-1,6761568
117.234319,117.128400,143.354000,98,77,175,-0.18848,-0.33883,5290,143445923,371979107,-1,6799238
117.384282,117.262100,149.963100,98,77,175,-0.18848,-0.33883,7712,151099423,371987568,-1,6799248
117.530762,117.412500,146.480000,98,77,175,-0.18848,-0.33883,4088,145863154,371985293,-1,6724680
117.673787,117.562800,143.025600,98,77,175,-0.18848,-0.33883,4168,143369500,371985055,-1,6835372
117.821587,117.696500,147.799300,98,77,175,-0.18848,-0.33883,4112,147663154,371990150,-1,6873042
117.972305,117.846800,150.718900,97,78,175,-0.18848,-0.33883,8104,150817731,372005221,-1,6836150
118.117601,117.997200,145.295500,97,78,175,-0.18848,-0.33883,5266,145059538,371991396,-1,6761602
118.262558,118.147500,144.956800,97,78,175,-0.18848,-0.33883,5346,144918500,371994921,-1,6835372
118.408578,118.297800,146.019900,97,78,175,-0.18848,-0.33883,4456,145867384,371909332,-1,6836140
118.554983,118.431400,146.405300,97,78,175,-0.18848,-0.33883,7712,146208808,371122625,-1,6836150
118.699415,118.581700,144.432300,97,78,175,-0.18848,-0.33883,4048,144514616,371107869,-1,6798504
118.847271,118.732000,147.855400,97,78,175,-0.18848,-0.33883,4128,147906307,371111435,-1,6835372
118.996667,118.882300,149.396000,97,79,176,-0.18848,-0.33883,9648,149027539,371235682,-1,6836140
119.184827,119.032600,188.160700,97,79,176,-0.18848,-0.33883,5186,188490076,371215924,-1,6872308
119.458203,119.216300,273.375900,97,79,176,-0.18848,-0.33883,4008,273197423,371182589,-1,6909196
119.739112,119.483500,280.908600,97,79,176,-0.18848,-0.33883,4128,277328115,372080672,-1,6909176
119.885991,119.767500,146.879300,97,79,176,-0.18848,-0.33883,8160,150224115,372737613,-1,6983748
120.040569,119.917800,154.578200,97,79,176,-0.18848,-0.33883,4008,154680346,371904071,-1,6872274
120.187918,120.068200,147.349000,98,79,177,-0.18848,-0.33883,6906,147291770,372013368,-1,6946078
120.338454,120.218600,150.535100,97,80,177,0.56326,-0.33883,8088,149368615,372060188,-1,6983748
120.492308,120.368900,153.854600,97,80,177,1.31494,-0.33883,8906,153911423,372046907,-1,7019916
120.648758,120.519300,156.450300,97,80,177,2.06673,-0.33883,7648,156367077,372031415,-1,7130608
120.812763,120.686400,164.004200,98,80,178,2.90208,-0.33883,9752,163749654,372863942,-1,7056824
120.970940,120.836700,158.177300,98,80,178,3.65376,-0.33883,7736,158131731,372087304,-1,6910004
121.119826,121.003800,148.885900,99,80,179,4.48907,-0.33883,10466,148839577,372162781,-1,6798564
121.269738,121.154100,149.911900,99,80,179,5.24095,-0.33883,4008,149532731,372125480,-1,6466432
121.412786,121.304500,143.048300,100,80,180,5.99293,-0.33883,5728,143464769,372208216,-1,6245000
121.554110,121.438200,141.323500,100,80,180,6.66141,-0.33883,7776,141017308,372221690,-1,5655316
121.684818,121.588600,130.708800,100,80,180,7.41330,-0.33883,4128,130813153,372182207,-1,5174836
121.810394,121.722300,125.575300,100,80,180,8.08157,-0.33883,4088,125567961,372135649,-1,4695076
121.929827,121.839200,119.433200,100,80,180,8.66639,-0.33883,4288,118992269,372126076,-1,4178428
122.044698,121.956100,114.871300,100,80,180,9.25103,-0.33883,8240,113876269,372053309,-1,3883980
122.153334,122.073100,108.636200,100,80,180,9.83578,-0.33883,5386,109270116,371233113,-1,3403520
122.258407,122.190000,105.072500,100,80,180,10.42044,-0.33883,4128,105154770,371148211,-1,2997584
122.357437,122.290300,99.029810,100,80,180,10.92167,-0.33883,4168,99116846,371146500,-1,2554740
122.451446,122.390500,94.009190,100,80,180,11.42285,-0.33883,4248,93865615,371200681,-1,2333328
122.542339,122.474100,90.893650,100,80,180,11.84060,-0.33883,4152,90935192,371170401,-1,1965076
122.628537,122.574300,86.197500,99,81,180,12.34198,-0.33883,8224,85996270,371186452,-1,1743674
122.711992,122.657900,83.455000,99,81,180,12.75968,-0.33883,5306,83503461,371164657,-1,1484616
122.793729,122.741400,81.737430,99,81,180,13.17748,-0.33883,4088,81523808,371146368,-1,1226268
122.871128,122.824900,77.398230,99,81,180,13.59502,-0.33883,4128,77563539,371144437,-1,1004856
122.947859,122.908400,76.731730,100,81,181,14.01255,-0.33883,5608,75713653,372031773,-1,783444
123.020930,122.975300,73.070300,100,81,181,14.34664,-0.33883,4088,73955731,372035525,-1,598934
123.091523,123.058700,70.593650,100,81,181,14.76406,-0.33883,5346,70490308,372034404,-1,525130
123.161563,123.125500,70.039620,100,81,181,14.76406,-0.33883,4088,70970038,372033084,-1,377522
123.231958,123.192400,70.395540,100,81,181,14.76406,-0.33883,4088,70349231,372034581,-1,377522
123.301131,123.259100,69.172200,100,81,181,14.76406,-0.33883,4128,69103923,372034581,-1,525130
123.370266,123.325900,69.135460,100,81,181,14.76406,-0.33883,4128,68878807,372020181,-1,525130
123.440778,123.409400,70.511770,100,81,181,14.76406,-0.33883,4128,70587076,372020226,-1,525110
123.511129,123.476100,70.351190,100,81,181,14.76406,-0.33883,4168,70204423,372020134,-1,525110
123.582525,123.542900,71.396230,100,81,181,14.76406,-0.33883,4128,71395192,372019758,-1,525110
123.654073,123.609700,71.547540,100,81,181,14.76406,-0.33883,4128,71343269,372019298,-1,598914
123.725510,123.693100,71.437420,100,81,181,14.76406,-0.33883,4168,71471538,372019670,-1,598914
123.798013,123.759900,72.502770,100,81,181,14.76406,-0.33883,4128,72347923,372020786,-1,746522
123.871501,123.826700,73.487620,100,81,181,14.76406,-0.33883,4128,73508115,372022406,-1,746522
123.945406,123.910200,73.905350,100,81,181,14.76406,-0.33883,4288,73757153,372043828,-1,967934
124.020723,123.977000,75.316770,100,81,181,14.76406,-0.33883,4152,74931231,372050137,-1,968702
124.095375,124.043800,74.651920,100,81,181,14.76406,-0.33883,5346,74451039,372054744,-1,1042518
124.172148,124.127300,76.773190,100,81,181,14.76406,-0.33883,4168,77025192,372037613,-1,1042518
124.246999,124.210800,74.850690,100,81,181,14.76406,-0.33883,8588,74636000,371972911,-1,1190126
124.325403,124.277600,78.404000,100,81,181,14.76406,-0.33883,4128,78286769,371185058,-1,1078674
124.403427,124.361100,78.024570,100,81,181,14.76406,-0.33883,4168,77842500,371188884,-1,1263184
124.481762,124.427900,78.334880,100,81,181,14.76406,-0.33883,4248,78309692,371196327,-1,1336974
124.562337,124.511400,80.574730,100,81,181,14.76406,-0.33883,4152,80297423,371205334,-1,1411546
124.641757,124.594900,79.420110,99,82,181,14.76406,-0.33883,8224,79614808,371224263,-1,1559164
124.723613,124.678400,81.856350,99,82,181,14.76406,-0.33883,5306,81940423,371221668,-1,1521518
124.807054,124.761900,83.441120,99,82,181,14.76406,-0.33883,4088,81837192,371225525,-1,1632210
124.890839,124.828700,83.784650,99,82,181,14.76406,-0.33883,4128,85238615,371211950,-1,1706014
125.011303,124.928900,120.463700,100,82,182,14.76406,-0.33883,5728,120519231,372117349,-1,1853622
125.168577,125.045700,157.274300,100,82,182,14.76406,-0.33883,5370,156764846,372160738,-1,2112684
125.310135,125.196000,141.558000,99,83,182,14.76406,-0.33883,8144,141775769,372181961,-1,2186498
125.457558,125.346200,147.422800,99,83,182,14.76406,-0.33883,5306,147554000,372173526,-1,2075048
125.589557,125.496400,131.999400,100,83,183,14.76406,-0.33883,5728,131817231,373073447,-1,2407132
125.689915,125.613300,100.357700,99,84,183,14.76406,-0.33883,8208,99586923,373118690,-1,2740018
125.792513,125.713500,102.598600,99,84,183,14.76406,-0.33883,5266,103188039,373100690,-1,2776186
125.893817,125.830400,101.303300,99,84,183,14.76406,-0.33883,4088,101200731,373084235,-1,2739270
125.992316,125.930500,98.499420,99,84,183,14.76406,-0.33883,4088,98173923,373086891,-1,2813074
126.090959,126.030700,98.642430,100,84,184,14.76406,-0.33883,6986,98549923,373236624,-1,3255878
126.204945,126.114200,113.985900,100,84,184,14.76406,0.07865,4112,112539731,373257287,-1,3330450
126.309818,126.231100,104.873700,100,84,184,14.76406,0.66296,8216,104552769,373171906,-1,3478068
126.419772,126.331300,109.953400,100,84,184,14.76406,1.16383,4088,109927192,372364888,-1,3366618
126.524312,126.448200,104.540000,100,84,184,14.76406,1.74824,7808,105225077,372369660,-1,3403486
126.631485,126.548300,107.173900,100,84,184,14.76406,2.24914,4248,106790923,372397275,-1,3551114
126.738077,126.665200,106.591300,100,84,184,14.76406,2.83349,7896,106310116,372429138,-1,3625686
126.850905,126.765400,112.828000,100,84,184,14.76406,3.33453,8068,113490808,372437123,-1,3514246
126.956619,126.882300,105.713900,100,84,184,14.76406,3.91894,4552,105360230,372322344,-1,3624958
127.064752,126.982500,108.132800,100,84,184,14.76406,4.41990,4128,108492653,371523940,-1,3551154
127.170812,127.099400,106.060100,100,84,184,14.76406,5.00452,9186,105608692,371570829,-1,3698742
127.287550,127.199600,116.737900,100,84,184,14.76406,5.50547,7952,115970692,371604583,-1,3625726
127.396912,127.316500,109.362100,100,84,184,14.76406,6.08988,4552,109819307,371502450,-1,3661874
127.506098,127.433400,109.186600,100,84,184,14.76406,6.67429,4128,109259615,370681562,-1,3698762
127.614899,127.533600,108.801100,100,84,184,14.76406,7.17518,4168,108651538,370679907,-1,3920154
127.735407,127.650400,120.507900,100,84,184,14.76406,7.75953,4248,119477115,370704918,-1,4067742
127.848221,127.767300,112.814000,99,85,184,14.76406,8.34397,8248,113427769,370746225,-1,4105412
127.966446,127.884200,118.224800,99,85,184,14.76406,8.92841,5306,118139731,370724097,-1,4030874
128.078815,128.001100,112.368500,99,85,184,14.76406,9.51289,5346,112543962,370689783,-1,4215350
128.193806,128.101300,114.991700,99,85,184,14.76406,10.01381,4088,114953346,370692776,-1,4030820
128.306986,128.218200,113.180000,100,85,185,14.76406,10.59834,5768,112712077,371598401,-1,3993918
128.418637,128.335100,111.651000,100,85,185,14.76406,11.18282,4112,111818154,371602056,-1,3847078
128.529158,128.452000,110.520700,100,85,185,14.76406,11.76732,7832,110693654,371613037,-1,3699480
128.638388,128.552200,109.230000,100,85,185,14.76406,12.26832,4088,108800538,371607627,-1,3588010
128.747114,128.669100,108.725600,100,85,185,14.76406,12.85291,4168,108942769,371591108,-1,3477290
128.854516,128.769300,107.402000,100,85,185,14.76406,13.35397,4128,107539308,371593544,-1,3440388
128.960304,128.886200,105.787900,100,85,185,14.76406,13.93854,4168,105566961,371594584,-1,3440388
129.064930,128.986400,104.626700,100,85,185,14.76406,14.43958,4128,103937308,371593432,-1,3218976
129.168562,129.086600,103.632000,100,85,185,14.76406,14.94054,5386,104039346,371595463,-1,3108270
129.269557,129.203500,100.995200,100,85,185,14.76406,14.94054,4128,101941154,371598400,-1,2960662
129.371226,129.303700,101.669000,100,85,185,14.76406,14.94054,4168,101464116,371605434,-1,3071348
129.471632,129.403900,100.405700,100,85,185,14.76406,14.94054,4512,100459500,371517193,-1,3182054
129.574163,129.504100,102.531200,100,85,185,14.76406,14.94054,4168,102224000,370730777,-1,3218956
129.677455,129.604300,103.292100,100,85,185,14.76406,14.94054,4128,103363307,370736441,-1,3292760
129.780472,129.704500,103.016300,100,85,185,14.76406,14.94054,4168,102963269,370743489,-1,3366564
129.883766,129.804700,103.293800,100,85,185,14.76406,14.94054,4128,103294654,370749153,-1,3440368
129.990662,129.921600,106.896100,100,85,185,14.76406,14.94054,4288,106849038,370774267,-1,3477270
130.098858,130.021700,108.196500,100,85,185,14.76406,14.94054,5370,107975962,370787681,-1,3514940
130.206840,130.121900,107.981700,100,85,185,14.76406,14.94054,4168,107752539,370786339,-1,3662558
130.315584,130.238800,108.744000,99,86,185,14.76406,14.94054,8556,108954154,370819558,-1,3883970
130.431027,130.339000,115.442700,100,86,186,14.76406,14.94054,6866,114669077,371714412,-1,3957030
130.541962,130.455900,110.935500,100,86,186,14.76406,14.94054,4208,111497346,371719874,-1,4141526
130.659414,130.572700,117.451700,100,86,186,14.76406,14.94054,4152,117444269,371736874,-1,4105392
130.799072,130.689600,139.658000,99,87,186,14.76406,14.94054,8144,139480807,371760762,-1,4179206
130.993361,130.823200,194.288700,99,87,186,14.76406,14.94054,5306,194234692,371762762,-1,4252266
131.185837,131.023600,192.476300,100,87,187,14.76406,14.94054,6986,192535731,371856320,-1,4362958
131.391905,131.224000,206.068000,100,87,187,14.76406,14.94054,7856,205467269,371906032,-1,4585118
131.511881,131.424300,119.976300,100,87,187,14.76406,14.94054,4128,120201846,371527857,-1,4879586
131.647014,131.541100,135.132500,100,87,187,14.76406,14.94054,4248,135245462,371540875,-1,4990272
131.772889,131.674700,125.875200,99,88,187,14.76406,14.94054,8248,125621808,371588267,-1,4954138
131.902865,131.808300,129.976200,99,88,187,14.76406,14.94054,5306,129765230,371567707,-1,5137914
132.030741,131.941900,127.876000,99,88,187,14.76406,14.94054,4512,128053808,371442782,-1,5174802
132.171824,132.058700,141.082500,100,88,188,14.76406,14.94054,6946,140945807,371568599,-1,5211684
132.303899,132.209000,132.075300,99,89,188,14.01271,14.94054,8208,131223461,371621752,-1,5507668
132.450171,132.325900,146.272500,99,89,188,13.42846,14.94054,5650,145979769,371513849,-1,6023562
132.589256,132.476100,139.084800,99,89,188,12.67719,14.94054,7768,138627576,370699438,-1,6244960
132.751518,132.626400,162.262000,100,89,189,11.92597,14.94054,5728,162281385,372411369,-1,6503274
132.901280,132.776600,149.762100,100,89,189,11.17467,14.94054,11796,149970654,373254167,-1,6688552
133.069534,132.926900,168.253700,100,89,189,10.42335,14.94054,7864,168238384,373237649,-1,6724740
133.221112,133.093800,151.577700,100,89,189,9.58868,14.94054,5346,151782539,374004738,-1,6650922
133.371925,133.244100,150.813500,100,89,189,8.83738,14.94054,7928,150719077,374020639,-1,6503314
133.520317,133.394400,148.391800,100,89,189,8.08582,14.94054,8280,147996846,374739331,-1,6245768
133.664715,133.544700,144.398000,100,89,189,7.33427,14.94054,4128,144006038,373894905,-1,5986720
133.803642,133.695000,138.927200,100,89,189,6.58292,14.94054,4168,139344923,373859854,-1,5728352
133.939584,133.828500,135.941900,100,89,189,5.91505,14.94054,4248,135698038,373863722,-1,5543822
134.072540,133.962100,132.956400,100,89,189,5.24703,14.94054,8280,133108192,374587780,-1,5249374
134.201583,134.095700,129.043000,100,89,189,4.57903,14.94054,5346,128445269,373755621,-1,5027208
134.326939,134.229300,125.356200,100,89,189,3.91120,14.94054,4168,125671192,373725494,-1,4842664
134.449874,134.362900,122.934100,100,89,189,3.24317,14.94054,4248,122959077,373739628,-1,4695056
134.571760,134.479800,121.886200,100,89,189,2.65866,14.94054,4192,121254423,373737827,-1,4548216
134.689733,134.596700,117.973700,100,89,189,2.07430,14.94054,7832,118061230,373741130,-1,4363716
134.806297,134.713600,116.563300,100,89,189,1.48988,14.94054,4168,116181077,373718472,-1,4252266
134.920306,134.830400,114.008800,100,89,189,0.90546,14.94054,4128,114604115,373694631,-1,4104624
135.034021,134.947300,113.715200,100,89,189,0.32102,14.94054,4288,113355692,373718936,-1,3957016
135.146392,135.064200,112.371800,100,89,189,-0.26338,14.94054,9074,112069115,373740510,-1,3920882
135.256773,135.181100,110.380900,100,89,189,-0.26338,14.94054,4168,111538808,373729108,-1,3846344
135.367695,135.281300,110.921500,100,89,189,-0.26338,14.94054,4128,111021116,373702075,-1,3883232
135.479261,135.398200,111.566700,100,89,189,-0.26338,14.94054,4168,111455347,373693691,-1,3883212
135.591066,135.515100,111.804800,100,89,189,-0.26338,14.94054,4248,111757577,373714492,-1,3920114
135.703169,135.615200,112.103000,99,90,189,-0.26338,14.94054,8248,111593770,373755891,-1,3920882
135.814717,135.732100,111.547800,99,90,189,-0.26338,14.94054,5306,111646730,373738024,-1,3920148
135.926437,135.849000,111.720300,99,90,189,-0.26338,14.94054,4128,111797846,373706654,-1,4030840
136.039025,135.949200,112.587400,99,90,189,-0.26338,14.94054,4088,112567500,373706575,-1,4067722
136.152823,136.066100,113.798000,100,90,190,-0.26338,14.94054,6986,113757808,374616386,-1,4067722
136.265449,136.183000,112.626000,100,90,190,-0.26338,14.94054,4112,112425500,374628681,-1,4179196
136.380557,136.299900,115.108400,99,91,190,-0.26338,14.94054,8184,115156077,374640877,-1,4326814
136.495851,136.416700,115.294300,99,91,190,-0.26338,14.94054,5266,115410269,374624378,-1,4289168
136.650263,136.533600,154.412000,99,91,190,-0.26338,14.94054,4128,154403539,374609779,-1,4399840
136.854989,136.683900,204.725800,100,91,191,-0.26338,14.94054,5728,204417730,375526415,-1,4473644
137.061152,136.884300,206.163200,100,91,191,-0.26338,14.94054,7856,206008462,375625976,-1,4548216
137.245583,137.084600,184.430400,100,91,191,-0.26338,14.94054,5346,184447384,375513706,-1,4658174
137.366384,137.268300,120.801200,100,91,191,-0.26338,14.94054,4248,120680769,375542871,-1,4731958
137.487956,137.402000,121.571800,99,92,191,-0.26338,14.94054,8632,121486269,375488064,-1,4917236
137.612874,137.518900,124.918200,99,92,191,-0.26338,14.94054,5306,124794769,374658961,-1,4916502
137.736475,137.635800,123.601100,99,92,191,-0.26338,14.94054,4128,123671000,374639842,-1,4916468
137.862104,137.769400,125.629000,100,92,192,-0.26338,14.94054,5728,125198308,375554306,-1,5027174
137.987463,137.886400,125.359200,100,92,192,-0.26338,14.94054,7856,125514885,375592704,-1,5175550
138.114337,138.019900,126.873800,100,92,192,-0.26338,14.94054,5690,126615231,375482845,-1,5248620
138.241898,138.136800,127.561300,100,92,192,-0.26338,14.35611,4128,126860884,374659602,-1,5248606
138.371091,138.270400,129.193000,100,92,192,-0.26338,13.68821,4248,129016616,374691022,-1,5285488
138.500597,138.404000,129.505600,99,93,192,-0.26338,13.02022,11928,129344154,374749403,-1,5507668
138.632519,138.537600,131.922400,99,93,192,-0.26338,12.35224,12666,131779769,374755396,-1,5580758
138.764426,138.654500,131.907400,99,93,192,-0.26338,11.76783,4128,132180154,374723337,-1,5765294
138.898720,138.788100,134.293600,100,93,193,-0.26338,11.09985,9408,133967808,374853348,-1,5802176
139.033936,138.921600,135.216000,100,93,193,-0.26338,10.43198,7856,135165038,374890510,-1,5876768
139.170554,139.071900,136.618400,100,93,193,-0.26338,9.68066,9370,136138884,374777240,-1,6023642
139.308442,139.205500,137.887500,100,93,193,-0.26338,9.01289,4128,138457500,373939765,-1,6060510
139.446410,139.339000,137.968200,100,93,193,-0.26338,8.34511,4248,137616308,373968220,-1,6097372
139.585359,139.472500,138.948600,100,93,193,-0.26338,7.67744,7896,138887308,373993518,-1,6245748
139.724890,139.622800,139.530900,100,93,193,-0.26338,6.92606,4128,139179885,373968437,-1,6244994
139.865340,139.756400,140.450300,100,93,193,-0.26338,6.25820,4168,140656039,373939527,-1,6318764
140.006347,139.889900,141.007200,100,93,193,-0.26338,5.59054,4248,140862654,373962334,-1,6429450
140.148400,140.040200,142.053100,100,93,193,-0.26338,4.83919,9114,142064615,374002027,-1,6467120
140.290835,140.173800,142.434500,100,93,193,-0.26338,4.17130,4512,142019346,373884639,-1,6577092
140.432990,140.324100,142.155600,100,93,193,-0.26338,3.41991,4168,142448539,373064513,-1,6540156
140.575649,140.457600,142.658400,100,93,193,-0.26338,2.75211,4248,142749653,373086726,-1,6540156
140.718866,140.607900,143.217100,99,94,193,-0.26338,2.00069,8248,142601230,373125024,-1,6577826
140.862326,140.741500,143.460500,99,94,193,-0.26338,1.33273,5306,143506038,373096354,-1,6613994
141.007753,140.891800,145.426200,99,94,193,-0.26338,0.58138,4128,144146769,373074285,-1,6687764
141.147771,141.042100,140.018500,100,94,194,-0.26338,-0.17014,6826,141830346,373162946,-1,6724666
141.292912,141.175700,145.141100,100,94,194,-0.26338,-0.17014,4128,145680230,373173218,-1,6761568
141.436873,141.326000,143.960500,100,94,194,-0.26338,-0.17014,4088,143931884,373159011,-1,6761568
141.581390,141.459600,144.517100,100,94,194,-0.26338,-0.17014,4128,144452654,373154184,-1,6798450
141.728990,141.609900,147.600100,100,94,194,-0.26338,-0.17014,4128,147521039,373153676,-1,6798450
141.874304,141.760300,145.314300,100,94,194,-0.26338,-0.17014,4288,145174154,373178549,-1,6798450
142.020572,141.910600,146.267800,100,94,194,-0.26338,-0.17014,4152,145841808,373183276,-1,6873022
142.165393,142.044300,144.821200,100,94,194,-0.26338,-0.17014,9462,145240961,373204466,-1,6836130
142.314047,142.194600,148.653600,100,94,194,-0.26338,-0.17014,4128,148238154,373200125,-1,6872288
142.499410,142.345000,185.362900,100,94,194,-0.26338,-0.17014,4672,185835115,373107772,-1,6909176
142.767310,142.528800,267.899800,99,95,194,-0.26338,-0.17014,8208,267393307,372349039,-1,6836140
143.033068,142.796100,265.758100,100,95,195,-0.26338,-0.17014,6866,265784538,372402913,-1,6835392
143.255324,143.063500,222.256300,100,95,195,-0.26338,-0.17014,5466,222227731,372423085,-1,6946078
143.402199,143.280700,146.874900,100,95,195,-0.26338,-0.17014,7856,146567039,372440342,-1,6946846
143.554706,143.431100,152.506700,100,95,195,-0.26338,-0.17014,4128,152742500,372405813,-1,6982980
143.703851,143.581500,149.145000,100,95,195,-0.26338,-0.17014,4288,149123231,372421862,-1,7019882
143.856934,143.731800,153.083700,99,96,195,-0.26338,-0.17014,8208,152844731,372460171,-1,7020650
144.006512,143.882100,149.578200,99,96,195,-0.26338,-0.17014,5346,149398039,372435235,-1,6983014
144.155304,144.032400,148.791800,100,96,196,-0.26338,-0.17014,6826,148723231,372503643,-1,7019882
144.305750,144.182700,150.445400,100,96,196,0.48799,-0.17014,4248,149756153,372537823,-1,7056784
144.459716,144.333000,153.966100,100,96,196,1.23929,-0.17014,11880,153308461,372484601,-1,7242062
144.617022,144.483200,157.306600,100,96,196,1.99052,-0.17014,8068,157643730,371671870,-1,7167544
144.775518,144.650200,158.495900,100,96,196,2.82526,-0.17014,11584,158804038,371665203,-1,7204432
144.931476,144.800400,155.957700,100,96,196,3.57643,-0.17014,7968,154561500,371707023,-1,7056864
145.084230,144.967300,152.753900,99,97,196,4.41104,-0.17014,8208,153706346,371726344,-1,6910044
145.234955,145.117500,150.725000,99,97,196,5.16204,-0.17014,9566,150215730,371693307,-1,6503374
145.378524,145.267700,143.569200,100,97,197,5.91301,-0.17014,5608,143881269,371747477,-1,6171236
145.519713,145.401200,141.188700,100,97,197,6.58052,-0.17014,4632,141092269,371640803,-1,5949804
145.658055,145.551500,138.342100,100,97,197,7.33172,-0.17014,7816,138381923,370857918,-1,5433904
145.787343,145.685000,129.288100,100,97,197,7.99937,-0.17014,4128,128761115,370819672,-1,4953424
145.911274,145.818600,123.930500,100,97,197,8.66737,-0.17014,4128,123372846,370747036,-1,4547468
146.027981,145.935500,116.707000,100,97,197,9.25191,-0.17014,4288,117291231,370760132,-1,4030820
146.139803,146.052400,111.822900,99,98,197,9.83649,-0.17014,9426,111665154,370790041,-1,3441156
146.244825,146.169400,105.021100,99,98,197,10.42127,-0.17014,5346,104678769,370763033,-1,3108304
146.343093,146.269600,98.268810,99,98,197,10.92245,-0.17014,4088,98661423,370684331,-1,2702368
146.439805,146.369900,96.711230,100,98,198,11.42379,-0.17014,5648,96388577,371566964,-1,2259524
146.529500,146.470100,89.695620,100,98,198,11.92490,-0.17014,4208,89736308,371586924,-1,2148818
146.619261,146.553600,89.760310,100,98,198,12.34256,-0.17014,4112,88785654,371592259,-1,2001978
146.703877,146.653900,84.616840,100,98,198,12.84377,-0.17014,8216,85559538,371508249,-1,1411556
146.785002,146.737400,81.124420,100,98,198,13.26136,-0.17014,4088,80381731,370694623,-1,1152498
146.860607,146.820900,75.604880,100,98,198,13.67897,-0.17014,4128,76208846,370675904,-1,1041758
146.937019,146.887800,76.412460,100,98,198,14.01323,-0.17014,4168,76412500,370674648,-1,894150
147.009798,146.971300,72.778960,100,98,198,14.43092,-0.17014,4128,72433423,370673560,-1,672738
147.081368,147.038100,71.569420,100,98,198,14.76508,-0.17014,5346,71950154,370681207,-1,377522
147.150232,147.104900,68.864580,100,98,198,14.76508,-0.17014,4168,69455423,370684703,-1,229914
147.217972,147.188500,67.740070,100,98,198,14.76508,-0.17014,4128,67687269,370677936,-1,303718
147.285802,147.255200,67.829930,100,98,198,14.76508,-0.17014,4128,67575115,370678852,-1,303718
147.354862,147.322100,69.059460,100,98,198,14.76508,-0.17014,4168,69285884,370674824,-1,303718
147.423256,147.388900,68.394070,100,98,198,14.76508,-0.17014,4128,68308923,370665197,-1,525130
147.493051,147.455700,69.794880,100,98,198,14.76508,-0.17014,4128,69673692,370669374,-1,525110
147.565293,147.522500,72.242030,100,98,198,14.76508,-0.17014,4168,72193231,370673614,-1,598914
147.636904,147.589300,71.611850,100,98,198,14.76508,-0.17014,4128,71560423,370681630,-1,746522
147.709059,147.672700,72.154810,100,98,198,14.76508,-0.17014,4512,71989115,370592846,-1,820326
147.782436,147.739500,73.376690,100,98,198,14.76508,-0.17014,4288,73295076,369823164,-1,746522
147.855927,147.806300,73.491460,100,98,198,14.76508,-0.17014,4152,73503269,369832597,-1,821094
147.929397,147.889800,73.470120,100,98,198,14.76508,-0.17014,4128,73311308,369837689,-1,821106
148.002874,147.956600,73.476620,100,98,198,14.76508,-0.17014,4168,73495039,369818482,-1,894910
148.077228,148.040000,74.353810,99,99,198,14.76508,-0.17014,9774,74347423,369862117,-1,894910
148.151478,148.106800,74.249770,99,99,198,14.76508,-0.17014,5306,73932270,369862555,-1,1004870
148.227996,148.190300,76.518650,99,99,198,14.76508,-0.17014,4128,76440385,369867806,-1,1041772
148.304795,148.257000,76.799040,99,99,198,14.76508,-0.17014,4208,77066116,369875458,-1,1189366
148.389914,148.340500,85.118190,99,99,198,14.76508,-0.17014,4112,84941885,369885673,-1,1337742
148.497848,148.424000,107.934600,100,99,199,14.76508,-0.17014,5648,107949923,369967480,-1,1411556
148.613006,148.524200,115.158200,99,100,199,14.76508,-0.17014,8144,115312231,369998149,-1,1485362
148.726161,148.641100,113.154700,99,100,199,14.76508,-0.17014,5310,112873461,370002526,-1,1742930
148.843227,148.757900,117.066100,99,100,199,14.76508,-0.17014,4168,117051462,370030356,-1,1779820
148.962198,148.874800,118.971100,99,100,199,14.76508,-0.17014,4112,118595961,370040972,-1,1928176
149.074305,148.991700,112.107000,99,101,200,14.76508,-0.17014,9664,112153038,370923485,-1,2001990
149.160813,149.108700,86.507270,99,101,200,14.76508,-0.17014,5310,86554269,370916710,-1,2001246
149.248298,149.192200,87.485500,99,101,200,14.76508,-0.17014,4048,87524846,370903551,-1,2222644
149.338625,149.275700,90.327460,99,101,200,14.76508,-0.17014,4168,89715692,370953525,-1,2370252
149.430988,149.375900,92.362960,99,101,200,14.76508,-0.17014,4112,92385577,370970076,-1,2371000
149.520568,149.459400,89.579120,98,102,200,14.76508,-0.17014,8144,89540270,370999280,-1,2740030
149.615501,149.559700,94.933770,99,102,201,14.76508,-0.17014,6790,94594538,371084577,-1,2554776
149.710104,149.643200,94.602500,99,102,201,14.76508,-0.17014,4472,94509346,370977640,-1,2813076
149.809159,149.743400,99.054850,99,102,201,14.76508,-0.17014,4048,95425499,370203531,-1,2813076
149.900909,149.843600,91.750420,99,102,201,14.76508,-0.17014,4208,95789846,370207542,-1,2886860
149.999995,149.927100,99.085730,100,102,202,14.76508,-0.17014,5592,98730769,371107874,-1,2813824
150.096353,150.027300,96.358350,100,102,202,14.76508,-0.17014,9014,96346500,371126438,-1,3072148
150.197944,150.127500,101.590700,100,102,202,14.76508,0.33086,4128,100458693,371131779,-1,3255914
150.298769,150.227700,100.825500,100,102,202,14.76508,0.83177,4472,100815000,371048681,-1,3514214
150.404375,150.327900,105.606200,100,102,202,14.76508,1.33275,4128,105074731,370254737,-1,3440390
150.509996,150.428100,105.620300,100,102,202,14.76508,1.83374,4248,105646346,370277327,-1,3514194
150.615355,150.544900,105.358800,100,102,202,14.76508,2.41801,11576,105168769,370334086,-1,3441158
150.722338,150.645100,106.983900,100,102,202,14.76508,2.91882,4512,107026231,370231046,-1,3403542
150.827484,150.745300,105.145400,100,102,202,14.76508,3.41969,4168,105263192,369408674,-1,3514234
150.932957,150.862200,105.473200,100,102,202,14.76508,4.00427,7808,105604230,369427702,-1,3661822
151.040695,150.962400,107.738300,100,102,202,14.76508,4.50541,4288,107097385,369456916,-1,3661842
151.148947,151.062600,108.251600,100,102,202,14.76508,5.00631,9338,107886539,369495833,-1,3662610
151.258104,151.179500,109.157500,100,102,202,14.76508,5.59075,4552,109129231,369391026,-1,3698778
151.365318,151.279700,107.213600,100,102,202,14.76508,6.09178,4128,107140615,368555960,-1,3735666
151.475043,151.396600,109.725000,100,102,202,14.76508,6.67645,4168,109320538,368564257,-1,3735626
151.584229,151.496800,109.186000,100,102,202,14.76508,7.17722,4248,109670693,368587643,-1,3772528
151.695661,151.613700,111.431800,99,103,202,14.76508,7.76182,8248,111181000,368636990,-1,3699492
151.805150,151.730600,109.489000,99,103,202,14.76508,8.34637,5310,109815769,368621174,-1,3957052
151.917833,151.830800,112.683300,99,103,202,14.76508,8.84754,4128,112704307,368590268,-1,4030842
152.030605,151.947700,112.772300,100,103,203,14.76508,9.43198,5608,112646462,369492825,-1,4030822
152.141784,152.064700,111.178400,100,103,203,14.76508,10.01666,5470,111059077,369519466,-1,4104626
152.254869,152.164900,113.085100,100,103,203,14.76508,10.51785,7816,112629384,369549098,-1,3994688
152.368975,152.281800,114.106400,100,103,203,14.76508,11.10259,4128,113930038,369529044,-1,3883248
152.479544,152.398800,110.569000,100,103,203,14.76508,11.68734,4088,110399346,369498208,-1,3698724
152.589626,152.515700,110.081700,100,103,203,14.76508,12.27201,4168,110528038,369499168,-1,3624900
152.798101,152.616000,208.475500,100,103,203,14.76508,12.77336,4248,208339038,369525038,-1,3551096
152.833152,152.833200,35.050460,99,104,203,14.76508,13.85917,8248,34997115,369246273,-1,3441158
152.911226,152.866600,78.074420,99,104,203,14.76508,14.02621,5310,77304731,369195204,-1,3145194
153.014160,152.933400,102.933800,99,104,203,14.76508,14.36027,4088,103389077,369193636,-1,3108272
153.115893,153.050300,101.733200,99,104,203,14.76508,14.94484,5350,101888769,369185276,-1,3034468
153.217611,153.150500,101.718000,99,104,203,14.76508,14.94484,4088,102395115,369192332,-1,2997566
153.318109,153.250700,100.497500,99,104,203,14.76508,14.94484,4512,100346308,369098564,-1,3145174
153.418868,153.350900,100.759300,100,104,204,14.76508,14.94484,5608,100671461,368395261,-1,3071370
153.520770,153.451100,101.901900,100,104,204,14.76508,14.94484,4128,101644423,368381117,-1,3108272
153.622940,153.551300,102.170200,100,104,204,14.76508,14.94484,4088,102402923,368382286,-1,3182056
153.726167,153.651400,103.226800,100,104,204,14.76508,14.94484,4248,102922307,368406844,-1,3255860
153.829241,153.751600,103.073700,100,104,204,14.76508,14.94484,4112,103093769,368414123,-1,3330432
153.936327,153.868500,107.085800,100,104,204,14.76508,14.94484,4168,107266615,368400250,-1,3367344
154.041017,153.968600,104.690800,100,104,204,14.76508,14.94484,8204,104538539,368423083,-1,3551854
154.148428,154.068800,107.410400,100,104,204,14.76508,14.94484,5390,107466038,368428475,-1,3477306
154.290209,154.185700,141.780900,100,104,204,14.76508,14.94484,4248,141846693,368437494,-1,3624900
154.466170,154.319200,175.961300,100,104,204,14.76508,14.94484,4192,175823846,368451222,-1,3847080
154.650264,154.502900,184.093600,99,105,204,14.76508,14.94484,8184,183651615,368466372,-1,4068502
154.887110,154.686500,236.846100,99,105,204,14.76508,14.94484,5854,237033769,368361212,-1,4141548
155.023137,154.920300,136.027300,99,105,204,14.76508,14.94484,7856,135588000,367600622,-1,4253002
155.183456,155.053900,160.318700,100,105,205,14.76508,14.94484,6830,160370500,368457264,-1,4473666
155.299424,155.220900,115.967900,100,105,205,14.76508,14.94484,4248,116189154,368463532,-1,4621274
155.431493,155.337800,132.069300,100,105,205,14.76508,14.94484,4112,131645539,368475276,-1,4622022
155.552267,155.454700,120.774400,99,106,205,14.76508,14.94484,8184,120974538,368492798,-1,4806542
155.681779,155.588300,129.511600,100,106,206,14.76508,14.94484,6830,128771653,369367278,-1,4842700
155.803085,155.705300,121.306500,100,106,206,14.76508,14.94484,4128,121910885,369353226,-1,5137882
155.938065,155.838900,134.979200,100,106,206,14.76508,14.94484,4208,134754808,369383470,-1,5174784
156.066057,155.972500,127.992800,100,106,206,14.76508,14.94484,7856,127792923,369412679,-1,5249356
156.201450,156.089500,135.392200,100,106,206,14.76508,14.94484,5350,135450115,369394375,-1,5322426
156.334237,156.239900,132.787300,100,106,206,14.01326,14.94484,4552,131578654,369289343,-1,5285510
156.470067,156.356800,135.830000,100,106,206,13.42833,14.94484,4248,135708577,368520754,-1,5728314
156.604759,156.507300,134.692100,99,107,206,12.67607,14.94484,11928,134919807,368573840,-1,6208808
156.762419,156.641000,157.660100,100,107,207,12.00750,14.94484,10770,157341308,371040645,-1,6281898
156.908600,156.791400,146.180700,100,107,207,11.25540,14.94484,7808,146638269,372625570,-1,6540198
157.065727,156.941800,157.127000,100,107,207,10.50343,14.94484,4208,156584346,373440161,-1,6650924
157.214044,157.092200,148.317400,100,107,207,9.75129,14.94484,12854,148016000,373478635,-1,6577888
157.363880,157.242700,149.836100,100,107,207,8.99915,14.94484,4512,150476000,373343488,-1,6318860
157.509865,157.393100,145.984900,100,107,207,8.24723,14.94484,4168,145735308,373302997,-1,6097394
157.651601,157.543400,141.735400,100,107,207,7.49542,14.94484,4248,141912077,374107102,-1,5949766
157.792281,157.677100,140.680300,99,108,207,6.82710,14.94484,8248,139421538,374132878,-1,5876710
157.928036,157.827500,135.754800,100,108,208,6.07512,14.94484,6830,136664230,374170625,-1,5580760
158.061210,157.961100,133.174400,100,108,208,5.40698,14.94484,4128,133078654,374136136,-1,5359294
158.192711,158.094700,131.500500,100,108,208,4.73894,14.94484,5430,131360153,374950101,-1,5100980
158.318717,158.228300,126.006400,100,108,208,4.07110,14.94484,8240,126046038,375680413,-1,5027944
158.442997,158.345200,124.279500,100,108,208,3.48660,14.94484,4128,124122846,374848607,-1,4805798
158.564506,158.478800,121.509800,100,108,208,2.81856,14.94484,4168,121636385,374818240,-1,4621254
158.684990,158.595700,120.483400,100,108,208,2.23410,14.94484,4248,120336230,374835185,-1,4473646
158.803714,158.712600,118.723800,100,108,208,1.64957,14.94484,7896,117630423,374860113,-1,4326806
158.920487,158.829500,116.773200,100,108,208,1.06519,14.94484,4128,117295307,374838955,-1,4178464
159.033882,158.946300,113.395100,100,108,208,0.48095,14.94484,4168,113610384,374801359,-1,4104646
159.147858,159.063200,113.975900,100,108,208,-0.10333,14.94484,5350,113902385,374797623,-1,3957018
159.258788,159.180000,110.930700,100,108,208,-0.10333,14.94484,4288,111807230,374828988,-1,3883214
159.372258,159.296900,113.469400,99,109,208,-0.10333,14.94484,8208,113262577,374860146,-1,3883982
159.483786,159.397000,111.528600,99,109,208,-0.10333,14.94484,5734,111461692,374730475,-1,3883248
159.594605,159.513900,110.818500,100,109,209,-0.10333,14.94484,5608,110764731,374814280,-1,3883214
159.706814,159.630700,112.208900,100,109,209,-0.10333,14.94484,4128,112219923,374811241,-1,4067724
159.821288,159.730900,114.474300,100,109,209,-0.10333,14.94484,4208,114206115,374833488,-1,4141528
159.934397,159.847800,113.109200,100,109,209,-0.10333,14.94484,4152,112987500,374839703,-1,4142296
160.048185,159.964700,113.787900,99,110,209,-0.10333,14.94484,8144,114281654,374858026,-1,4142306
160.213090,160.081500,164.904600,100,110,210,-0.10333,14.94484,6870,164703539,374936199,-1,4141562
160.398407,160.248500,185.316800,100,110,210,-0.10333,14.94484,4208,185146692,374947845,-1,4252234
160.601084,160.432200,202.677000,100,110,210,-0.10333,14.94484,7856,202528962,374981390,-1,4437512
160.789748,160.632600,188.663800,100,110,210,-0.10333,14.94484,4128,188601077,374950337,-1,4510568
160.906810,160.816300,117.062300,100,110,210,-0.10333,14.94484,4248,116603770,374959293,-1,4658176
161.025471,160.933400,118.660900,99,111,210,-0.10333,14.94484,8632,118930846,374907478,-1,4732728
161.147049,161.050400,121.578100,99,111,210,-0.10333,14.94484,5310,121465346,374081427,-1,4695092
161.267448,161.184100,120.399300,100,111,211,-0.10333,14.94484,5648,120417500,374150081,-1,4768862
161.389503,161.301100,122.055200,100,111,211,-0.10333,14.94484,4088,122019538,374154410,-1,4805764
161.512082,161.418000,122.578300,100,111,211,-0.10333,14.94484,4248,122464693,374184113,-1,4916470
161.635626,161.535000,123.544800,99,112,211,-0.10333,14.94484,8168,123296154,374224055,-1,4991042
161.760131,161.668600,124.504800,99,112,211,-0.10333,14.94484,5734,124489269,374102162,-1,4990308
161.886346,161.785500,126.214400,100,112,212,-0.10333,14.94484,5608,126100731,374180440,-1,5027176
162.010923,161.919200,124.577700,100,112,212,-0.10333,14.94484,4248,124321154,374202760,-1,5174784
162.139154,162.036100,128.230400,100,112,212,-0.10333,14.94484,9038,128264692,374238137,-1,5323160
162.268968,162.169600,129.814500,100,112,212,-0.10333,14.27682,4128,128893346,374230591,-1,5322426
162.398070,162.303300,129.101700,100,112,212,-0.10333,13.60880,7808,129180115,374212144,-1,5470020
162.529381,162.420100,131.310600,100,112,212,-0.10333,13.02447,4288,131131693,374236902,-1,5580726
162.662145,162.553700,132.764000,100,112,212,-0.10333,12.35663,11536,132619885,374285332,-1,5766004
162.796048,162.687200,133.903900,100,112,212,-0.10333,11.68886,8232,133769961,374190642,-1,5728388
162.929888,162.820800,133.839200,100,112,212,-0.10333,11.02106,7808,133800577,373378499,-1,5839100
163.065007,162.954400,135.119700,100,112,212,-0.10333,10.35309,7968,135048269,373415294,-1,5912904
163.201225,163.088000,136.217500,100,112,212,-0.10333,9.68511,9078,136211308,373442272,-1,6024398
163.339561,163.238300,138.336700,100,112,212,-0.10333,8.93353,8232,137568730,373331534,-1,6060546
163.474978,163.371900,135.416400,100,112,212,-0.10333,8.26558,4128,136078731,372505611,-1,6171218
163.613794,163.505500,138.816300,100,112,212,-0.10333,7.59757,7968,138875923,372534138,-1,6281904
163.754800,163.639100,141.005800,100,112,212,-0.10333,6.92953,7856,140596154,372553916,-1,6319574
163.894612,163.789400,139.811800,100,112,212,-0.10333,6.17788,4168,139795269,372534114,-1,6281918
164.035521,163.923000,140.909600,100,112,212,-0.10333,5.50988,4128,140803692,372502139,-1,6466394
164.176964,164.073300,141.442400,100,112,212,-0.10333,4.75848,5510,141408231,372525142,-1,6503276
164.318475,164.206900,141.511000,100,112,212,-0.10333,4.09046,7856,141617846,372548621,-1,6540946
164.461176,164.340600,142.701500,100,112,212,-0.10333,3.42226,4168,142440846,373323632,-1,6503290
164.603035,164.490800,141.858400,100,112,212,-0.10333,2.67094,4128,142017461,373301509,-1,6650864
164.748228,164.641200,145.193800,100,112,212,-0.10333,1.91931,4288,144784962,373324492,-1,6687766
164.894127,164.774700,145.898300,99,113,212,-0.10333,1.25167,8208,145513808,373364169,-1,6688534
165.038180,164.924900,144.053000,99,113,212,-0.10333,0.50040,5350,144075116,373336415,-1,6650898
165.180857,165.075200,142.677200,100,113,213,-0.10333,-0.25075,6830,142924307,374204655,-1,6761570
165.324723,165.208700,143.865800,100,113,213,-0.10333,-0.25075,4128,144835192,374210384,-1,6872276
165.479213,165.358900,154.490000,100,113,213,-0.10333,-0.25075,4088,154393307,374215305,-1,6909178
165.624537,165.509200,145.324500,100,113,213,-0.10333,-0.25075,4128,145263153,374194874,-1,6909178
165.774122,165.659500,149.584400,100,113,213,-0.10333,-0.25075,4128,149366962,374196363,-1,6909158
165.924076,165.809800,149.953900,100,113,213,-0.10333,-0.25075,4288,150109962,374217674,-1,6946060
166.206405,165.960200,282.329700,100,113,213,-0.10333,-0.25075,4152,281759422,374227149,-1,6946828
166.470472,166.227400,264.066900,100,113,213,-0.10333,-0.25075,9466,264531731,374230030,-1,7020642
166.697061,166.494600,226.588800,100,113,213,-0.10333,-0.25075,4288,226402692,374236391,-1,6909178
166.844793,166.728400,147.732100,99,114,213,-0.10333,-0.25075,8632,147456230,374184090,-1,6983750
166.992009,166.879000,147.216200,99,114,213,-0.10333,-0.25075,5310,147424615,373340935,-1,6909198
167.139646,167.029400,147.637000,99,114,213,-0.10333,-0.25075,5470,147442885,373362343,-1,6982982
167.286822,167.163000,147.175800,98,115,213,-0.10333,-0.25075,8168,146672577,373395934,-1,7020652
167.434760,167.313400,147.937900,99,115,214,-0.10333,-0.25075,6830,148242269,374252986,-1,6946114
167.582081,167.463700,147.321600,99,115,214,-0.10333,-0.25075,4048,147276038,374228969,-1,7056786
167.732137,167.614000,150.055800,99,115,214,-0.10333,-0.25075,4208,150073731,375049399,-1,7056786
167.882927,167.764400,150.789900,99,115,214,-0.10333,-0.25075,7776,150575192,375078911,-1,7131358
168.032989,167.914600,150.061800,100,115,215,-0.10333,-0.25075,5648,149982577,375142544,-1,7093722
168.183553,168.064900,150.563800,100,115,215,-0.10333,-0.25075,5310,150580693,375125812,-1,7093688
168.335191,168.215200,151.637900,100,115,215,0.64812,-0.25075,4248,150319461,375155105,-1,7167492
168.491446,168.365500,156.255300,99,116,215,1.39947,-0.25075,8168,156384539,375201854,-1,7205162
168.646212,168.515800,154.765800,100,116,216,2.15091,-0.25075,14874,154170807,375985671,-1,7315134
168.808486,168.682800,162.274700,100,116,216,2.98599,-0.25075,4088,162491423,375165599,-1,7352042
168.969180,168.833100,160.693200,100,116,216,3.73765,-0.25075,8312,161103577,375110356,-1,7315140
169.125285,169.000100,156.105700,100,116,216,4.57251,-0.25075,9134,155947731,374328610,-1,7020712
169.276789,169.150400,151.503800,100,116,216,5.32398,-0.25075,7848,151310423,374302671,-1,6650944
169.422632,169.300700,145.842800,100,116,216,6.07532,-0.25075,4128,145214961,374260068,-1,6245022
169.563089,169.451000,140.457100,100,116,216,6.82685,-0.25075,4288,141006038,374259594,-1,6023570
169.699349,169.584600,136.259400,100,116,216,7.49523,-0.25075,7856,135954923,374271113,-1,5360102
169.825627,169.735000,126.278000,100,116,216,8.24726,-0.25075,4168,126488154,374231063,-1,4805818
169.945813,169.852000,120.186700,100,116,216,8.83207,-0.25075,4128,120287884,374165283,-1,4326058
170.060170,169.969000,114.357000,100,116,216,9.41694,-0.25075,4288,114172384,374196891,-1,4030822
170.172833,170.085900,112.662700,100,116,216,10.00171,-0.25075,9462,112009846,374114792,-1,3514962
170.277840,170.202900,105.007300,100,116,216,10.58653,-0.25075,4168,105007962,373291277,-1,3108306
170.378108,170.303100,100.267600,100,116,216,11.08772,-0.25075,4128,100181808,373216508,-1,2702370
170.474377,170.403400,96.269310,100,116,216,11.58902,-0.25075,4168,95939461,373219252,-1,2407134
170.565699,170.503600,91.322190,100,116,216,12.09014,-0.25075,4248,91571269,373243398,-1,2111918
170.654667,170.587100,88.967810,100,116,216,12.50770,-0.25075,4152,88663538,373256165,-1,1891274
170.740737,170.687400,86.070340,99,117,216,13.00891,-0.25075,8224,86374231,373273218,-1,1743676
170.823995,170.770900,83.258000,99,117,216,13.42644,-0.25075,5310,83058808,373254731,-1,1263206
170.903452,170.854300,79.456850,100,117,217,13.84379,-0.25075,5608,79445115,374132904,-1,1078662
170.980143,170.937800,76.690500,100,117,217,14.26116,-0.25075,4128,77027423,374136377,-1,1004858
171.054283,171.004600,74.140110,100,117,217,14.59511,-0.25075,5310,73632077,374142512,-1,857250
171.127833,171.088100,73.549650,100,117,217,14.59511,-0.25075,4088,74681308,374157320,-1,709642
171.201598,171.154900,73.765390,100,117,217,14.59511,-0.25075,4128,73849770,374161497,-1,709642
171.274974,171.238400,73.375890,100,117,217,14.59511,-0.25075,4088,73293961,374159121,-1,783446
171.348482,171.305100,73.507840,100,117,217,14.59511,-0.25075,4128,73264769,374158833,-1,857250
171.422695,171.371900,74.213390,100,117,217,14.59511,-0.25075,4168,74003576,374162753,-1,931054
171.496402,171.455400,73.707000,100,117,217,14.59511,-0.25075,4128,73326269,374161869,-1,931054
171.572465,171.522200,76.063230,100,117,217,14.59511,-0.25075,4128,76287808,374186637,-1,931034
171.646272,171.605800,73.806690,100,117,217,14.59511,-0.25075,4168,74001884,374169486,-1,1078642
171.727317,171.672600,81.045040,100,117,217,14.59511,-0.25075,4128,80567616,374176118,-1,1004838
171.810366,171.756200,83.048730,100,117,217,14.59511,-0.25075,4128,83324154,374180254,-1,1078642
171.910747,171.839700,100.381000,100,117,217,14.59511,-0.25075,4288,100517423,374211260,-1,1152446
172.017636,171.940000,106.889500,100,117,217,14.59511,-0.25075,4152,106702500,374221879,-1,1300822
172.125887,172.056900,108.250400,100,117,217,14.59511,-0.25075,5390,108158269,374208689,-1,1374636
172.240067,172.157200,114.180000,99,118,217,14.59511,-0.25075,8556,114128539,374243406,-1,1448440
172.350347,172.274200,110.280000,99,118,217,14.59511,-0.25075,5350,110143230,374247999,-1,1558402
172.464385,172.374500,114.038700,99,118,217,14.59511,-0.25075,4592,113944347,374198849,-1,1816702
172.548944,172.491400,84.559000,100,118,218,14.59511,-0.25075,5672,84354539,373742666,-1,1965078
172.635535,172.574900,86.590390,100,118,218,14.59511,-0.25075,7792,86813731,373753938,-1,2112696
172.723539,172.658300,88.004270,100,118,218,14.59511,-0.25075,4088,87921807,373751932,-1,2148854
172.811487,172.758600,87.948000,100,118,218,14.59511,-0.25075,4128,87330654,373789956,-1,2185742
172.901507,172.842100,90.020120,100,118,218,14.59511,-0.25075,4088,90500538,373783876,-1,2185742
172.991029,172.925600,89.521540,100,118,218,14.59511,-0.25075,4248,89086192,373798021,-1,2333350
173.082110,173.025800,91.081700,100,118,218,14.59511,-0.25075,5414,90833000,373773820,-1,2334098
173.173921,173.109400,91.810160,99,119,218,14.59511,-0.25075,8184,91690961,373831520,-1,2481716
173.265629,173.209600,91.708150,99,119,218,14.59511,-0.25075,5310,91693962,373828098,-1,2444070
173.360634,173.293100,95.005770,99,119,218,14.59511,-0.25075,4128,95151962,373813607,-1,2628566
173.456180,173.393400,95.546000,99,119,218,14.59511,-0.25075,4088,95674962,373820440,-1,2702350
173.551779,173.493600,95.598580,99,119,218,14.59511,-0.25075,4248,94839423,373852786,-1,2923762
173.651061,173.577100,99.281460,100,119,219,14.59511,-0.25075,5632,99252538,374747753,-1,2998334
173.749058,173.677300,97.997660,99,120,219,14.59511,-0.25075,8144,98310346,374766509,-1,3109050
173.849767,173.777500,100.708700,99,120,219,14.59511,-0.25075,5694,100400807,374710332,-1,3145208
173.950657,173.877800,100.890500,99,120,219,14.59511,-0.25075,4048,101128693,373857402,-1,3255900
174.052407,173.978000,101.749200,99,120,219,14.59511,-0.25075,4088,101610615,373860571,-1,3403488
174.158070,174.078300,105.663500,100,120,220,14.59511,-0.25075,6950,105454193,374786034,-1,3403488
174.265439,174.195200,107.369000,100,120,220,14.59511,0.33397,7856,106193384,374867466,-1,3699472
174.371941,174.295500,106.502200,100,120,220,14.59511,0.83524,4088,106235115,374853460,-1,3809444
174.481166,174.395700,109.225200,100,120,220,14.59511,1.33636,11748,109618231,374854228,-1,3772528
174.591437,174.512600,110.270900,100,120,220,14.59511,1.92093,4088,109799616,374862035,-1,3846352
174.701264,174.612900,109.826700,100,120,220,14.59511,2.42214,4288,109882846,374888635,-1,3846352
174.815484,174.729900,114.220000,100,120,220,14.59511,3.00709,18992,113655307,374983429,-1,3920924
174.925388,174.846800,109.903400,100,120,220,14.59511,3.59191,4552,110525538,374880593,-1,4104760
175.039639,174.947100,114.251000,100,120,220,14.59511,4.09319,8348,113054923,374073382,-1,4067844
175.154491,175.064000,114.852200,100,120,220,14.59511,4.67785,5390,115786385,374084006,-1,4215452
175.267865,175.180900,113.374000,100,120,220,14.59511,5.26238,7928,112656577,374110612,-1,4141648
175.385917,175.297800,118.051900,100,120,220,14.59511,5.84690,7896,118329807,374145951,-1,4437612
175.496447,175.414700,110.530400,100,120,220,14.59511,6.43123,4560,110573692,372722314,-1,4473780
175.615145,175.531600,118.697900,100,120,220,14.59511,7.01591,4168,118323539,371904529,-1,4436784
175.732603,175.648500,117.457900,100,120,220,14.59511,7.60017,4128,117663576,371893458,-1,4510588
175.850119,175.765400,117.516100,100,120,220,14.59511,8.18457,4288,117762731,371916909,-1,4473666
175.969280,175.882200,119.160900,100,120,220,14.59511,8.76892,7856,118809038,371930064,-1,4437532
176.087480,175.999100,118.199600,100,120,220,14.59511,9.35343,4168,117923423,371901785,-1,4436778
176.203357,176.116000,115.877800,100,120,220,14.59511,9.93794,5350,116168961,371879807,-1,4362940
176.322442,176.233000,119.084400,100,120,220,14.59511,10.52270,4168,118128847,371873031,-1,4215332
176.437404,176.349900,114.962000,100,120,220,14.59511,11.10732,4248,115875000,371890146,-1,4178430
176.553545,176.466800,116.141300,100,120,220,14.59511,11.69201,7896,115057577,371913257,-1,4105394
176.667679,176.583800,114.133600,100,120,220,14.59511,12.27674,4128,114501154,371886545,-1,3920150
176.779661,176.700700,111.982500,100,120,220,14.59511,12.86131,4168,112368500,371856648,-1,3883214
176.892272,176.817600,112.610500,100,120,220,14.59511,13.44586,4128,112472000,371855248,-1,3735606
177.002359,176.917900,110.087000,100,120,220,14.59511,13.94718,4288,110007731,371870690,-1,3735606
177.111583,177.034800,109.223800,99,121,220,14.59511,14.53202,9430,108916923,371899256,-1,3551864
177.218535,177.135100,106.952800,99,121,220,14.59511,14.53202,5350,108010192,371881628,-1,3329718
177.323653,177.252100,105.118000,99,121,220,14.59511,14.53202,4088,105188423,371852527,-1,3403508
177.429014,177.352400,105.360200,99,121,220,14.59511,14.53202,4128,105227423,371851824,-1,3551096
177.537846,177.452600,108.832800,100,121,221,14.59511,14.53202,5608,108665000,371941546,-1,3624900
177.669499,177.569500,131.653000,100,121,221,14.59511,14.53202,4248,131787539,371970538,-1,3735606
177.846620,177.703200,177.120100,100,121,221,14.59511,14.53202,4112,177102693,371973651,-1,3773276
178.028926,177.870200,182.306700,99,122,221,14.59511,14.53202,8184,182394769,371982679,-1,3920894
178.214007,178.053900,185.080800,100,122,222,14.59511,14.53202,6830,184455154,372061205,-1,4104626
178.399302,178.237500,185.295100,100,122,222,14.59511,14.53202,4248,185607077,372077604,-1,4104626
178.561105,178.437900,161.802600,100,122,222,14.59511,14.53202,7856,161534500,372107816,-1,4326806
178.678182,178.588100,117.077400,100,122,222,14.59511,14.53202,4128,116868000,372065712,-1,4584372
178.797923,178.704900,119.740700,100,122,222,14.59511,14.53202,4552,119891461,371972732,-1,4621254
178.920281,178.821800,122.357800,100,122,222,14.59511,14.53202,4248,122373846,371198660,-1,4731960
179.042957,178.955400,122.676500,99,123,222,14.59511,14.53202,8248,122381461,371241889,-1,4732728
179.165171,179.072300,122.213500,99,123,222,14.59511,14.53202,5310,122265115,371216503,-1,4916504
179.289383,179.189100,124.212200,100,123,223,14.59511,14.53202,5648,124266115,372080059,-1,5064078
179.415980,179.322700,126.597600,100,123,223,14.59511,14.53202,4208,125830961,372103569,-1,5064078
179.542606,179.439600,126.625100,99,124,223,14.59511,14.53202,8208,126935654,372138985,-1,5175552
179.670107,179.573200,127.501900,99,124,223,14.59511,14.53202,5654,127429423,372022539,-1,5396230
179.799754,179.706700,129.646600,100,124,224,14.59511,14.53202,5648,128936038,371281447,-1,5433118
179.933608,179.823600,133.853800,100,124,224,14.59511,14.53202,4208,131368115,371313238,-1,5470000
180.060972,179.957300,127.364700,100,124,224,14.59511,14.53202,7856,130442538,371348937,-1,5692180
