wall_seconds,game_seconds,frame_ms,active_enemies,kills,spawned,player_x,player_z,gc_bytes,main_thread_ns,total_used_memory_bytes,draw_calls,triangles
0.076936,0.000000,76.936160,0,0,0,0.49006,0.00050,48044,0,284553085,-1,45442
0.145510,0.116867,68.574310,2,0,2,1.07442,0.00050,5878,67671616,284929635,-1,45354
0.159883,0.184036,14.372850,2,0,2,1.41024,0.00050,128,14290038,284951967,-1,156074
0.219721,0.200745,59.837540,2,0,2,1.49376,0.00050,168,60007307,284820468,-1,156074
0.286154,0.250824,66.433350,2,0,2,1.74419,0.00050,128,66057077,274833974,-1,156074
0.350172,0.317673,64.018150,2,0,2,2.07841,0.00050,128,63924500,274833390,-1,156074
0.414094,0.384491,63.921270,2,0,2,2.41253,0.00050,128,63795231,274832898,-1,156074
0.477701,0.451355,63.607120,2,0,2,2.74688,0.00050,168,63376384,274833022,-1,82270
0.540667,0.501495,62.966270,2,0,2,2.99759,0.00050,208,62930115,274835645,-1,82270
0.603422,0.568283,62.754880,2,0,2,3.33156,0.00050,208,62879230,274836121,-1,82270
0.667440,0.635086,64.018580,3,0,3,3.66561,0.00050,1728,63955576,275737631,-1,82270
0.729990,0.701904,62.549580,3,0,3,3.99970,0.00050,248,62530192,275736887,-1,156074
0.793879,0.768723,63.888810,3,0,3,4.33376,0.00050,208,63171808,275736711,-1,156074
0.857017,0.818802,63.137960,3,0,3,4.58416,0.00050,208,63830039,275736711,-1,156074
0.921130,0.885620,64.113000,3,0,3,4.91829,0.00050,208,64035346,275736711,-1,156074
0.985972,0.952408,64.842230,3,0,3,5.25221,0.00050,248,64385038,275736623,-1,156074
1.050187,1.019196,64.214540,3,0,3,5.58614,0.00050,1430,64504384,275868486,-1,156074
1.114379,1.085968,64.192230,3,0,3,5.92001,0.00050,248,64048731,275868462,-1,156074
1.178615,1.152802,64.236150,4,0,4,6.25415,0.00050,1808,64202769,276669125,-1,156074
1.242083,1.202896,63.468080,4,0,4,6.50460,0.00050,248,63433808,276667113,-1,192976
1.307254,1.269684,65.170580,4,0,4,6.83854,0.00050,248,65234923,276667525,-1,192976
1.371697,1.336502,64.443700,4,0,4,7.17265,0.00050,248,64211961,276671753,-1,192976
1.436248,1.403305,64.550500,4,0,4,7.50667,0.00050,288,64523500,276671013,-1,192976
1.500692,1.470123,64.444270,4,0,4,7.84075,0.00050,248,64108231,276671321,-1,192976
1.565477,1.536926,64.784880,4,0,4,8.17476,0.00050,248,64485346,276671409,-1,192976
1.629223,1.603745,63.746230,4,0,4,8.50884,0.00050,328,64176615,276671541,-1,192976
1.693754,1.653839,64.530770,5,0,5,8.75933,0.00050,1904,64334462,277561979,-1,192976
1.757029,1.720688,63.275000,5,0,5,9.09354,0.00050,288,63394000,277560987,-1,229878
1.822837,1.787521,65.807960,5,0,5,9.42773,0.00050,288,65675538,277561655,-1,229878
1.887775,1.854340,64.938350,5,0,5,9.76179,0.00050,328,64847769,277560899,-1,119172
1.950938,1.921173,63.162770,5,0,5,10.09592,0.00050,288,63165731,277560011,-1,119172
2.014179,1.988007,63.240960,5,0,5,10.43006,0.00050,288,63134577,277560379,-1,119172
2.077791,2.054886,63.611730,5,0,5,10.76449,0.00050,1550,63596615,277699810,-1,119172
2.140548,2.104965,62.756810,5,0,5,11.01491,0.00050,328,62563192,277699654,-1,119172
2.206021,2.171768,65.473690,7,0,7,11.34890,0.00050,3368,64816961,279416663,-1,119172
2.266770,2.238571,60.748500,7,0,7,11.68291,0.00050,328,61470154,279433019,-1,266780
2.333464,2.305405,66.694730,7,0,7,12.01707,0.00050,368,66656692,279434703,-1,266780
2.400075,2.372208,66.610080,7,0,7,12.35111,0.00050,328,66474038,279434295,-1,266780
2.465680,2.439041,65.605040,7,0,7,12.68529,0.00050,328,65417770,279434695,-1,266780
2.530813,2.505844,65.132970,7,0,7,13.01933,0.00050,368,65062193,279435255,-1,266780
2.595591,2.555939,64.778810,7,0,7,13.26982,0.00050,328,64830500,279434667,-1,266780
2.660845,2.622742,65.253270,7,0,7,13.60384,0.00050,408,65297461,279434535,-1,266780
2.725325,2.689560,64.480540,8,0,8,13.93794,0.00050,1928,64342769,279538733,-1,266780
2.790923,2.756363,65.597810,8,0,8,14.27193,0.00050,448,65493346,279538645,-1,266780
2.855731,2.823166,64.807770,8,0,8,14.60594,0.00050,408,64800654,279538409,-1,266780
2.921183,2.889969,65.452690,8,0,8,14.93993,0.00050,408,65445308,279539041,-1,266780
2.986218,2.956818,65.034970,8,0,8,15.27416,0.00050,448,64873308,279538497,-1,266780
3.050678,3.023666,64.459270,8,0,8,15.60841,0.00050,1630,64544885,279670100,-1,266780
3.115841,3.090485,65.163650,8,0,8,15.60841,0.00050,408,65566731,279675176,-1,192976
3.179775,3.140625,63.933880,8,0,8,15.60841,0.00050,448,63853538,279542945,-1,303682
3.247957,3.207413,68.181500,9,0,9,15.60841,0.00050,2438,68126577,279931883,-1,303682
3.313584,3.274231,65.627310,9,0,9,15.60841,0.00050,472,65632115,279934876,-1,304450
3.378768,3.341034,65.184190,9,0,9,15.60841,0.00050,448,65004346,279935384,-1,304462
3.443945,3.407822,65.177080,9,0,9,15.60841,0.00050,488,65182385,279913061,-1,304462
3.509619,3.474625,65.673580,9,0,9,15.60841,0.00050,14000,65643692,280148447,-1,304462
3.574655,3.541443,65.035920,9,0,9,15.60841,0.00050,448,64780884,280148515,-1,266814
3.639081,3.608246,64.425930,9,0,9,15.60841,0.00050,488,64467230,280020102,-1,303716
3.704452,3.675049,65.371380,9,0,9,15.60841,0.00050,488,65399269,280002869,-1,303702
3.769750,3.741882,65.298120,10,0,10,15.60841,0.00050,2128,65228923,280200901,-1,340604
3.837157,3.808701,67.406960,10,0,10,15.60841,0.00050,552,67248384,280201298,-1,341372
3.904924,3.875504,67.766650,10,0,10,15.60841,0.00050,488,67649000,280201066,-1,341384
3.971481,3.942322,66.556850,9,1,10,15.60841,0.00050,4808,66570038,280219036,-1,341384
4.036760,4.009125,65.279230,9,1,10,15.60841,0.00050,1710,65289192,280216051,-1,303736
4.101879,4.075943,65.119500,9,1,10,15.60841,0.00050,448,64923807,280216197,-1,340638
4.167724,4.142731,65.844270,9,1,10,15.60841,0.00050,448,65837154,280198769,-1,340624
4.232965,4.192825,65.241200,10,1,11,15.60841,0.00050,2008,65259385,280293471,-1,340624
4.300126,4.259659,67.160840,11,1,12,15.60841,0.00050,2168,67025192,281194822,-1,340624
4.365311,4.326508,65.185230,11,1,12,15.60841,0.00050,512,65128038,281199523,-1,378274
4.431786,4.393326,66.475190,11,1,12,15.60841,0.00050,488,66201269,281199259,-1,378286
4.498366,4.460144,66.580380,11,1,12,15.60841,0.00050,4232,66733500,281204596,-1,378286
4.564876,4.526962,66.509270,11,1,12,15.60841,0.00050,488,66457000,281204596,-1,340638
4.630832,4.593765,65.956040,11,1,12,15.60841,0.00050,488,65534077,281204858,-1,377540
4.696768,4.660583,65.936420,11,1,12,15.60841,0.00050,568,66229615,281187641,-1,377526
4.763167,4.727386,66.398850,11,1,12,15.60841,0.00050,568,66305269,281177380,-1,377526
4.830267,4.794220,67.099660,12,1,13,15.60841,0.00050,2208,67046538,282141320,-1,377506
4.895866,4.861053,65.599580,12,1,13,15.60841,0.00050,632,65405269,282140421,-1,415176
4.964016,4.927887,68.150190,11,2,13,15.60841,0.00050,4624,68003115,282174289,-1,415188
5.030608,4.994705,66.591500,11,2,13,15.60841,0.00050,1750,66698230,282157469,-1,377540
5.097533,5.061539,66.925230,11,2,13,15.60841,0.00050,1790,66772731,282165018,-1,414442
5.165029,5.128372,67.495690,11,2,13,15.60841,0.00050,528,67535346,282148546,-1,414428
5.232067,5.195221,67.038080,11,2,13,15.60841,0.00050,528,66909423,282138470,-1,414428
5.299519,5.262039,67.451730,11,2,13,15.60841,0.00050,608,67380307,282138842,-1,414408
5.367033,5.328873,67.514690,12,2,14,15.60841,0.00050,2088,67538846,283029488,-1,414408
5.433301,5.395706,66.268070,12,2,14,15.60841,0.00050,568,66178962,283032228,-1,451310
5.502862,5.462509,69.560120,12,2,14,15.60841,0.00050,608,69485231,283032264,-1,451310
5.570307,5.529327,67.445110,12,2,14,15.60841,0.00050,1120,67395923,282937322,-1,451310
5.638412,5.596176,68.105080,12,2,14,15.60841,0.00050,568,67799693,282141082,-1,377506
5.704744,5.662994,66.332620,12,2,14,15.60841,0.00050,608,66468923,282131982,-1,377506
5.771336,5.729797,66.591650,12,2,14,15.60841,0.00050,568,66552385,282131491,-1,377486
5.838265,5.796600,66.929040,12,2,14,15.60841,0.00050,608,66767769,282132495,-1,377486
5.905551,5.863419,67.285420,13,2,15,15.60841,0.00050,2168,67303769,284322345,-1,377486
5.971981,5.930252,66.430690,13,2,15,15.60841,0.00050,608,66282384,284321029,-1,377486
6.038473,5.997086,66.491500,13,2,15,15.60841,0.00050,608,66483884,284320781,-1,377486
6.105008,6.063873,66.535070,13,2,15,15.60841,0.00050,1870,66488153,284452540,-1,377486
6.172758,6.130661,67.749810,13,2,15,15.60841,0.33447,608,66625577,284457424,-1,377486
6.239240,6.197464,66.482770,14,2,16,15.60841,0.66849,2128,66759923,285412159,-1,377486
6.306065,6.264267,66.825070,14,2,16,15.60841,1.00251,648,66683577,285411779,-1,414388
6.373679,6.331070,67.613460,14,2,16,15.60841,1.33654,648,67296808,285410947,-1,414388
6.441274,6.397873,67.595150,15,2,17,15.60841,1.67057,2168,67371692,285503613,-1,414388
6.508780,6.464691,67.506080,15,2,17,15.60841,2.00463,688,67291308,285539905,-1,414388
6.575334,6.548233,66.553660,15,2,17,15.60841,2.42231,1032,67177308,285448947,-1,414388
6.642660,6.615036,67.325770,15,2,17,15.60841,2.75633,648,66916269,284657347,-1,340584
6.708470,6.681839,65.810460,15,2,17,15.60841,3.09031,728,66047000,284657043,-1,340584
6.774918,6.748642,66.448390,15,2,17,15.60841,3.42431,688,66323039,285710035,-1,340584
6.840799,6.815445,65.880420,15,2,17,15.60841,3.75832,728,65917730,285710211,-1,340584
6.906602,6.865555,65.802700,15,2,17,15.60841,4.00887,728,65721461,285710223,-1,340584
6.973934,6.932358,67.332500,16,2,18,15.60841,4.34291,2288,66307884,286629517,-1,340584
7.038115,6.999146,64.180660,16,2,18,15.60841,4.67683,728,65076231,286629341,-1,377486
7.105808,7.065918,67.693150,16,2,18,15.60841,5.01073,1950,67380115,286759568,-1,377486
7.171165,7.132706,65.357380,16,2,18,15.60841,5.34470,888,65717538,286786706,-1,340584
7.238575,7.199493,67.409920,16,2,18,15.60841,5.67862,752,67213423,286658124,-1,341352
7.305507,7.266296,66.931850,16,2,18,15.60841,6.01267,728,66282577,286658216,-1,341364
7.370543,7.333115,65.035730,16,2,18,15.60841,6.34675,4844,65450039,286666824,-1,341364
7.436549,7.399902,66.006460,16,2,18,15.60841,6.68067,768,65799500,288764835,-1,303716
7.502449,7.466690,65.899730,17,2,19,15.60841,7.01460,2576,65777923,289687579,-1,340618
7.568764,7.533493,66.314690,17,2,19,15.60841,7.34864,808,65817962,289669638,-1,377506
7.635189,7.600281,66.425580,17,2,19,15.60841,7.68260,768,66901038,289670046,-1,377506
7.702577,7.667099,67.387610,17,2,19,15.60841,8.01666,888,67270769,289699956,-1,377506
7.769815,7.733902,67.238190,17,2,19,15.60841,8.35070,832,66573269,289700117,-1,378274
7.836379,7.800705,66.563650,16,3,19,15.60841,8.68473,4824,66971961,290536985,-1,378286
7.902560,7.867508,66.181730,16,3,19,15.60841,9.01877,1950,66317500,290520401,-1,377540
7.969074,7.934311,66.513730,16,3,19,15.60841,9.35282,808,66396923,290509991,-1,414442
8.037535,8.001114,68.461350,17,3,20,15.60841,9.68683,3510,67364654,291382964,-1,414428
8.102290,8.067932,64.754620,17,3,20,15.60841,10.02090,768,65718193,291376055,-1,451330
8.172197,8.134766,69.907350,17,3,20,15.60841,10.35504,808,69811500,291377388,-1,451310
8.240082,8.201599,67.884230,18,3,21,15.60841,10.68922,2288,67687461,292263914,-1,451310
8.306392,8.268433,66.310160,18,3,21,15.60841,11.02343,768,66400616,292267854,-1,488212
8.375070,8.335266,68.677810,18,3,21,15.60841,11.35758,808,68473346,292267650,-1,488212
8.443079,8.402084,68.009690,18,3,21,15.60841,11.69170,768,68166115,292261062,-1,488212
8.511206,8.468903,68.126340,18,3,21,15.60841,12.02581,808,67906461,292264746,-1,488212
8.579217,8.535706,68.011310,19,3,22,15.60841,12.35985,2368,67822500,292396724,-1,488212
8.646634,8.619217,67.417420,19,3,22,15.60841,12.77744,808,67655692,292397529,-1,488192
8.714135,8.686035,67.501080,19,3,22,15.60841,13.11152,848,67140116,292396601,-1,488192
8.781009,8.752884,66.873660,19,3,22,15.60841,13.44573,888,67114924,292400609,-1,488192
8.848451,8.819733,67.441700,19,3,22,15.60841,13.77994,848,67261423,292400429,-1,488192
8.915897,8.886581,67.446500,19,3,22,15.60841,14.11421,848,67358692,292400381,-1,488192
8.983256,8.953445,67.359080,19,3,22,15.60841,14.44853,928,67334577,292400873,-1,488192
9.050751,9.020294,67.494190,19,3,22,15.60841,14.78274,2110,67502846,292400556,-1,488192
9.117926,9.087128,67.175770,20,3,23,15.60841,14.78274,2408,67699730,292501482,-1,488192
9.185531,9.153931,67.604610,20,3,23,15.60841,14.78274,928,67420500,292501051,-1,561996
9.254316,9.220718,68.785350,20,3,23,15.60841,14.78274,888,68834192,292500811,-1,488192
9.321942,9.287506,67.625340,20,3,23,15.60841,14.78274,888,67567077,292495959,-1,488192
9.389518,9.354279,67.576540,20,3,23,15.60841,14.78274,928,67503192,292500211,-1,488192
9.457188,9.421066,67.669770,20,3,23,15.60841,14.78274,1272,67270961,292411297,-1,488192
9.524613,9.487869,67.425500,20,3,23,15.60841,14.78274,888,67706192,291550911,-1,451290
9.591315,9.554657,66.701650,20,3,23,15.60841,14.78274,968,66633538,291555007,-1,451290
9.658457,9.621460,67.142390,20,3,23,15.60841,14.78274,928,67093769,291555007,-1,451290
9.725309,9.688263,66.851430,20,3,23,15.60841,14.78274,928,66604538,291558855,-1,451290
9.792550,9.755066,67.240650,20,3,23,15.60841,14.78274,968,67337923,291559435,-1,451290
9.859899,9.821884,67.349390,20,3,23,15.60841,14.78274,928,67239039,291558863,-1,525094
9.927584,9.888687,67.684840,20,3,23,15.60841,14.78274,928,67613346,291555950,-1,525094
9.995770,9.955490,68.186070,20,3,23,15.60841,14.78274,968,68110500,291559928,-1,525094
10.063694,10.022280,67.924350,20,3,23,15.60841,14.78274,2150,67865693,291559595,-1,525094
10.132135,10.089080,68.440930,20,3,23,15.60841,14.78274,928,68386808,291559183,-1,525094
10.199639,10.172610,67.504230,20,3,23,15.60841,14.78274,968,67374308,291558692,-1,525094
10.268334,10.239410,68.694690,21,3,24,15.60841,14.78274,2448,68715308,292451618,-1,525094
10.336631,10.306260,68.296690,21,3,24,15.60841,14.78274,928,68234384,292451458,-1,561996
10.404526,10.373090,67.895460,21,3,24,15.60841,14.78274,1088,67318769,292483720,-1,561996
10.473318,10.439940,68.792080,21,3,24,15.60841,14.78274,952,69202461,292479441,-1,562764
10.542488,10.506740,69.169920,21,3,24,15.60841,14.78274,928,68896077,292483381,-1,562776
10.611967,10.573560,69.479040,21,3,24,15.60841,14.78274,968,69498615,293259330,-1,562776
10.680233,10.640370,68.265770,21,3,24,15.60841,14.78274,5004,67998539,293284029,-1,636580
10.750418,10.707170,70.185230,21,3,24,15.60841,14.78274,968,69882538,293284240,-1,598932
10.819254,10.790700,68.835690,21,3,24,15.60841,14.78274,1008,68916731,293289158,-1,635834
10.889238,10.857530,69.984190,21,3,24,15.60841,14.78274,968,69988423,293271233,-1,635820
10.959149,10.924360,69.911160,21,3,24,15.60841,14.78274,1088,69855961,293296487,-1,635820
11.029420,10.991170,70.271160,21,3,24,15.60841,14.78274,1032,70487884,293296632,-1,562784
11.099339,11.057980,69.918580,21,3,24,15.60841,14.78274,2190,69690423,293437215,-1,636600
11.167973,11.124800,68.633650,20,4,24,15.60841,14.78274,5024,68379884,293463016,-1,636600
11.237567,11.208330,69.594230,20,4,24,15.60841,14.78274,2190,69567500,293326956,-1,598952
11.307227,11.275150,69.659920,20,4,24,15.60841,14.78274,928,69429962,293326382,-1,635854
11.376670,11.342000,69.443540,20,4,24,15.60841,14.78274,928,69532731,293308538,-1,635840
11.446302,11.408800,69.632030,20,4,24,15.60841,14.78274,968,69548577,293299553,-1,635840
11.516648,11.475620,70.345850,20,4,24,15.60841,14.78274,1048,70539192,293324147,-1,635820
11.587237,11.542420,70.589080,20,4,24,15.60841,14.78274,952,70438462,293337808,-1,673490
11.656630,11.625930,69.392650,20,4,24,15.60841,14.78274,968,69049115,293340120,-1,673502
11.726739,11.692790,70.109080,20,4,24,15.60841,14.78274,4632,70294039,293344497,-1,673502
11.797401,11.759630,70.661930,20,4,24,15.60841,14.78274,928,70153461,293344741,-1,635854
11.866722,11.826450,69.320620,20,4,24,15.60841,14.78274,968,69570231,293348507,-1,672756
11.937426,11.893280,70.704850,20,4,24,15.60841,14.78274,928,70726039,293321893,-1,672742
12.008529,11.976840,71.102540,20,4,24,15.60841,14.78274,1048,70890115,293342851,-1,672722
12.079272,12.043670,70.742810,20,4,24,15.60841,14.78274,2214,70675769,293481571,-1,673490
12.152749,12.110500,73.477070,20,4,24,15.27427,14.78274,928,72360653,294290347,-1,710404
12.222376,12.177340,69.627270,19,5,24,14.94008,14.78274,4984,70088308,294166913,-1,784208
12.298069,12.260890,75.693080,20,5,25,14.52230,14.78274,3670,75309115,295213934,-1,746560
12.370455,12.327730,72.386270,20,5,25,14.18813,14.78274,888,72394423,296799188,-1,894168
12.445535,12.394550,75.079610,20,5,25,13.85405,14.78274,888,74791653,297600878,-1,1041762
12.529057,12.478070,83.522350,20,5,25,13.43640,14.78274,1048,83027770,297600781,-1,1078664
12.607845,12.561600,78.787770,20,5,25,13.01876,14.78274,4616,79077423,297636164,-1,1079412
12.682232,12.645100,74.386660,20,5,25,12.60125,14.78274,888,74402462,297619377,-1,1004874
12.757997,12.711940,75.764880,20,5,25,12.26703,14.78274,1352,75574577,299124964,-1,1041762
12.832870,12.795470,74.872890,20,5,25,11.84938,14.78274,928,74104884,298311866,-1,1115566
12.908753,12.862290,75.882920,20,5,25,11.51529,14.78274,928,76873423,298311870,-1,1115566
12.986129,12.945800,77.376620,20,5,25,11.09770,14.78274,968,77074884,298302529,-1,1115566
13.063785,13.012660,77.655880,20,5,25,10.76337,14.78274,2270,77570115,298331746,-1,1115546
13.141520,13.096210,77.735120,19,6,25,10.34569,14.78274,5008,77095577,298375861,-1,1116314
13.217593,13.179760,76.072390,19,6,25,9.92789,14.78274,2150,76795923,298353494,-1,1078678
13.294902,13.246610,77.309350,19,6,25,9.59364,14.78274,888,76841731,298347871,-1,1115566
13.370840,13.330120,75.938040,19,6,25,9.17607,14.78274,4772,76187346,298472301,-1,1115566
13.449557,13.396990,78.717460,19,6,25,8.84173,14.78274,2146,77206307,298471480,-1,1115566
13.524974,13.480560,75.416230,19,6,25,8.42389,14.78274,888,76080923,298340263,-1,1115582
13.604622,13.564120,79.648310,19,6,25,8.00608,14.78274,1008,79792462,298365833,-1,1078680
13.683652,13.630970,79.029880,19,6,25,7.67185,14.78274,4656,79282115,298399220,-1,1079448
13.763757,13.714540,80.104880,19,6,25,7.25402,14.78274,888,79128230,298403699,-1,1041814
13.842171,13.798080,78.414660,19,6,25,6.83634,14.78274,1272,78651461,298306768,-1,1041794
13.916518,13.881640,74.346660,19,6,25,6.41856,14.78274,928,74894154,297478495,-1,1004878
13.991848,13.948490,75.329960,19,6,25,6.08435,14.78274,888,74916769,297482623,-1,1004858
14.066253,14.015300,74.405110,19,6,25,5.75026,14.78274,2106,74610808,297487442,-1,967956
14.140418,14.098860,74.165040,19,6,25,5.33251,14.78274,1048,73953692,297501532,-1,967956
14.214217,14.165630,73.798460,19,6,25,4.99862,14.78274,912,73722193,297507778,-1,931802
14.288070,14.249150,73.853120,18,7,25,4.58104,14.78274,4944,73614730,297546442,-1,931814
14.361307,14.315960,73.237190,19,7,26,4.24698,14.78274,3626,73670577,298403796,-1,857264
14.433051,14.399480,71.743840,19,7,26,3.82940,14.78274,848,71350462,298393085,-1,967970
14.505325,14.466310,72.274690,19,7,26,3.49526,14.78274,848,72324116,298375477,-1,967936
14.578933,14.533140,73.607350,19,7,26,3.16113,14.78274,888,73571384,298379445,-1,931034
14.652829,14.616650,73.896160,19,7,26,2.74356,14.78274,848,72966000,298379965,-1,894132
14.725069,14.683470,72.240460,19,7,26,2.40946,14.78274,1232,72822038,298295367,-1,894132
14.798562,14.750310,73.492310,19,7,26,2.07529,14.78274,928,73271692,297492671,-1,820328
14.871006,14.833830,72.444270,19,7,26,1.65768,14.78274,888,72382077,297531435,-1,820328
14.942505,14.900670,71.499340,19,7,26,1.32351,14.78274,888,71613346,297530959,-1,820328
15.014732,14.967500,72.226580,19,7,26,0.98934,14.78274,928,72226846,297521503,-1,820328
15.086840,15.051060,72.108190,19,7,26,0.57156,14.78274,2106,72069538,297525155,-1,783406
15.158015,15.117950,71.174580,19,7,26,0.57156,14.78274,888,71737615,297530671,-1,746504
15.229454,15.184800,71.439120,19,7,26,0.57156,14.78274,928,71387654,297534868,-1,746504
15.300687,15.268340,71.233540,19,7,26,0.57156,14.78274,888,71222654,297534644,-1,783406
15.372699,15.335170,72.011850,19,7,26,0.57156,14.78274,888,71940154,297528972,-1,746504
15.444413,15.402020,71.713420,19,7,26,0.57156,14.78274,928,71581308,297533480,-1,746504
15.516072,15.485570,71.659120,19,7,26,0.57156,14.78274,888,71499538,297538204,-1,783406
15.587322,15.552430,71.249810,19,7,26,0.57156,14.78274,888,71262307,297537720,-1,820308
15.658741,15.619250,71.419500,19,7,26,0.57156,14.78274,928,71377385,297537668,-1,820308
15.730727,15.686050,71.986110,19,7,26,0.57156,14.78274,888,71896000,297537780,-1,820308
15.802889,15.769590,72.161650,19,7,26,0.57156,14.78274,888,72100462,297538496,-1,820308
15.874948,15.836430,72.059620,19,7,26,0.57156,14.78274,1312,71652539,297453482,-1,820308
15.946995,15.903240,72.046920,19,7,26,0.57156,14.78274,888,72189077,296655906,-1,783406
16.018505,15.986760,71.509350,19,7,26,0.57156,14.78274,888,71560346,296656730,-1,783406
16.089989,16.053590,71.484190,19,7,26,0.57156,14.78274,2146,71404038,296656825,-1,783406
16.161899,16.120410,71.910580,19,7,26,0.57156,14.78274,888,71742346,296660601,-1,783406
16.233416,16.187210,71.516460,19,7,26,0.57156,14.78274,888,71481769,296660522,-1,783406
16.304589,16.270720,71.172690,19,7,26,0.57156,14.78274,928,71177692,296660522,-1,783406
16.376753,16.337570,72.164150,20,7,27,0.57156,14.78274,2408,72109500,297545012,-1,783406
16.447258,16.404370,70.505230,20,7,27,0.57156,14.78274,888,70426846,297548516,-1,857210
16.519034,16.487900,71.776080,20,7,27,0.57156,14.78274,928,71743692,297548512,-1,857210
16.591152,16.554760,72.118420,20,7,27,0.57156,14.78274,888,72035154,297549236,-1,857210
16.663055,16.621580,71.902730,20,7,27,0.57156,14.78274,888,71817423,297548652,-1,857210
16.734965,16.688390,71.910120,20,7,27,0.57156,14.78274,928,71751077,297548956,-1,857210
16.807321,16.771910,72.355540,20,7,27,0.57156,14.78274,928,72361730,297557148,-1,857210
16.879845,16.838760,72.524420,20,7,27,0.57156,14.78274,928,72133192,297556736,-1,857210
16.951949,16.905590,72.104030,20,7,27,0.57156,14.78274,1088,72263539,297577798,-1,894112
17.024059,16.989170,72.109420,20,7,27,0.57156,14.78274,952,71912615,297583713,-1,894880
17.096380,17.056050,72.321230,20,7,27,0.57156,14.78274,2146,72484076,297571131,-1,894890
17.168554,17.122850,72.174190,20,7,27,0.57156,14.78274,968,72118769,297566067,-1,894892
17.240657,17.206380,72.102650,20,7,27,0.57156,14.78274,5004,72061154,297590291,-1,894892
17.313192,17.273210,72.535230,20,7,27,0.57156,14.78274,928,72462692,297590370,-1,857244
17.385995,17.340030,72.802810,20,7,27,0.57156,14.78274,968,72620808,297594316,-1,894146
17.458645,17.423540,72.650000,20,7,27,0.57156,14.78274,1048,72719538,297598337,-1,894132
17.532108,17.490370,73.463040,20,7,27,0.57156,14.78274,952,73305154,297604066,-1,931802
17.605628,17.557190,73.519880,20,7,27,0.57156,14.78274,968,73281654,297604534,-1,931814
17.678554,17.640720,72.926380,19,8,27,0.57156,14.78274,4984,73126923,297619923,-1,968716
17.752091,17.707530,73.536730,19,8,27,0.57156,14.78274,2106,73389462,297619242,-1,931068
17.825720,17.791080,73.629460,19,8,27,0.57156,14.78274,928,73435154,297619784,-1,967970
17.899176,17.857890,73.456040,19,8,27,0.57156,14.78274,888,73308962,297602192,-1,967956
17.972873,17.924710,73.696770,19,8,27,0.57156,14.78274,1008,73867077,297617125,-1,1004858
18.046263,18.008240,73.390150,19,8,27,0.57156,14.78274,2170,73215038,297623603,-1,1005606
18.121143,18.075070,74.879500,19,8,27,0.57156,14.44860,888,73807384,297610922,-1,1005616
18.194543,18.158600,73.400660,19,8,27,0.57156,14.03100,4592,73704346,297633283,-1,1005618
18.269713,18.225420,75.169540,19,8,27,0.57156,13.69689,928,74374577,297632931,-1,967970
18.343074,18.308940,73.360530,19,8,27,0.57156,13.27925,888,73644538,297628545,-1,1004872
18.418371,18.375810,75.297230,20,8,28,0.57156,12.94494,2408,75194462,298489989,-1,1004858
18.492851,18.442640,74.480380,20,8,28,0.57156,12.61079,1048,74224269,298510359,-1,1078642
18.567686,18.526180,74.834880,20,8,28,0.57156,12.19309,912,75174038,298520630,-1,1079410
18.643711,18.593000,76.025420,19,9,28,0.57156,11.85900,4944,75931731,298533481,-1,1079420
18.719445,18.676530,75.733460,19,9,28,0.57156,11.44138,2106,75456000,298528252,-1,1041774
18.794110,18.743350,74.665080,19,9,28,0.57156,11.10725,848,74799423,298522786,-1,1078676
18.869767,18.826870,75.656580,19,9,28,0.57156,10.68962,888,75574269,298509766,-1,1078662
18.945929,18.893690,76.161960,19,9,28,0.57156,10.35553,928,75707616,298500601,-1,1078662
19.022406,18.977250,76.477730,19,9,28,0.57156,9.93775,1008,76111000,298521243,-1,1078642
19.096886,19.060780,74.479460,19,9,28,0.57156,9.52014,2130,74935424,298527289,-1,1116312
19.173213,19.127590,76.326880,19,9,28,0.57156,9.18607,4632,76391923,298545880,-1,1116322
19.248872,19.211120,75.659390,19,9,28,0.57156,8.76844,888,75114807,298540913,-1,1078676
19.323571,19.277970,74.698840,19,9,28,0.57156,8.43422,1272,74782654,298451325,-1,1078676
19.399135,19.361500,75.564000,19,9,28,0.57156,8.01660,928,75726653,297628587,-1,1041760
19.473951,19.428340,74.815810,19,9,28,0.57156,7.68238,888,74104346,297633183,-1,1041740
19.548810,19.511890,74.859570,19,9,28,0.57156,7.26468,1008,74858462,297653217,-1,1041740
19.623874,19.578720,75.063270,19,9,28,0.57156,6.93048,952,75083077,297659302,-1,1042508
19.698463,19.662250,74.589200,19,9,28,0.57156,6.51283,888,74724346,297659418,-1,1042520
19.773829,19.729060,75.366000,18,10,28,0.57156,6.17874,4944,74952999,297674863,-1,1042520
19.848138,19.812610,74.308850,18,10,28,0.57156,5.76107,2110,74864038,297675386,-1,1004872
19.923054,19.879470,74.916500,18,10,28,0.57156,5.42675,848,74372807,297660855,-1,1041776
19.997733,19.962980,74.678500,18,10,28,0.57156,5.00919,848,74595384,297644043,-1,1078644
20.072803,20.029790,75.070460,18,10,28,0.57156,4.67516,2230,75007231,297677284,-1,1041742
20.147844,20.096590,75.040730,18,10,28,0.57156,4.34113,872,75194962,297682817,-1,1042510
20.222577,20.180150,74.732770,18,10,28,0.57156,3.92338,848,74855423,297683134,-1,1042522
20.297918,20.246960,75.341420,18,10,28,0.57156,3.58929,4976,75404116,297595285,-1,1042522
20.373682,20.330490,75.763850,18,10,28,0.57156,3.17166,848,74816962,296798557,-1,931070
20.447708,20.397310,74.026620,19,10,29,0.57156,2.83755,2368,74366000,297687233,-1,967972
20.520976,20.480830,73.267730,19,10,29,0.57156,2.41993,888,73505769,297660039,-1,1041762
20.595756,20.547640,74.779850,19,10,29,0.57156,2.08588,968,74319308,297681129,-1,1078644
20.670517,20.631160,74.760770,19,10,29,0.57156,1.66826,872,74813884,297686600,-1,1079412
20.745705,20.698000,75.188610,19,10,29,0.57156,1.33412,888,75301385,297674107,-1,1079422
20.820484,20.781510,74.778880,18,11,29,0.57156,0.91655,4904,74779885,297710783,-1,1079424
20.895616,20.848310,75.132070,18,11,29,0.57156,0.58256,2070,74934000,297705522,-1,1078678
20.971014,20.931840,75.397690,18,11,29,0.57156,0.16497,888,75536000,297705828,-1,1115580
21.047545,20.998720,76.531430,18,11,29,0.57156,-0.16940,848,76124462,297683075,-1,1115566
21.126021,21.082240,78.475770,18,11,29,0.57156,-0.58702,2070,77867346,297691866,-1,1152448
21.202228,21.149080,76.207270,18,11,29,0.57156,-0.58702,888,77814577,297701482,-1,1152448
21.279302,21.232600,77.073730,18,11,29,0.57156,-0.58702,848,77014692,297695099,-1,1189350
21.356411,21.316130,77.108380,18,11,29,0.57156,-0.58702,848,77059731,297695339,-1,1189350
21.433482,21.382970,77.071270,18,11,29,0.57156,-0.58702,1272,77000577,297609777,-1,1189350
21.510092,21.466490,76.609890,18,11,29,0.57156,-0.58702,848,76261807,296813569,-1,1115546
21.584199,21.549990,74.106890,18,11,29,0.57156,-0.58702,848,74182654,296803925,-1,1115546
21.659512,21.616790,75.313000,18,11,29,0.57156,-0.58702,888,75107731,296803822,-1,1115526
21.733874,21.700320,74.361920,18,11,29,0.57156,-0.58702,848,74533885,296803142,-1,1115526
21.809805,21.767140,75.930960,18,11,29,0.57156,-0.58702,848,75539961,296806886,-1,1115526
21.884574,21.850650,74.769000,18,11,29,0.57156,-0.58702,888,74947193,296807322,-1,1115526
21.959903,21.917470,75.329350,18,11,29,0.57156,-0.58702,848,75005615,296807166,-1,1115526
22.034787,21.984250,74.884500,18,11,29,0.57156,-0.58702,848,75068808,296807430,-1,1115526
22.110444,22.067760,75.656500,18,11,29,0.57156,-0.58702,2110,75166116,296815585,-1,1115526
22.185567,22.151280,75.122890,18,11,29,0.57156,-0.58702,848,75576115,296815717,-1,1115526
22.261783,22.218140,76.216230,18,11,29,0.57156,-0.58702,848,75842961,296815638,-1,1115526
22.336885,22.301640,75.102200,18,11,29,0.57156,-0.58702,1008,75236423,296836264,-1,1115526
22.412351,22.368440,75.465580,18,11,29,0.57156,-0.58702,1256,75431039,296753259,-1,1116294
22.486830,22.451950,74.479460,19,11,30,0.57156,-0.58702,2368,74160461,296046289,-1,1079404
22.561638,22.518830,74.807660,19,11,30,0.57156,-0.58702,4964,74797808,296048313,-1,1042502
22.636392,22.602360,74.754620,19,11,30,0.57156,-0.58702,848,74858808,296052420,-1,1004854
22.710862,22.669170,74.469500,19,11,30,0.57156,-0.58702,848,74077038,296051890,-1,1041756
22.786158,22.735980,75.296270,19,11,30,0.57156,-0.58702,888,75422539,296039073,-1,1041742
22.860879,22.819490,74.720700,19,11,30,0.57156,-0.58702,968,74531731,296059419,-1,1041742
22.936288,22.886320,75.408620,19,11,30,0.57156,-0.58702,912,75490154,296066096,-1,1079412
23.011111,22.969880,74.823840,19,11,30,0.57156,-0.58702,928,74383808,296066144,-1,1042522
23.086744,23.036680,75.632730,18,12,30,0.57156,-0.58702,6166,75875154,296077568,-1,1079424
23.162658,23.120220,75.913850,18,12,30,0.57156,-0.58702,2070,75516769,296078075,-1,1041776
23.237429,23.187030,74.770810,18,12,30,0.57156,-0.58702,888,74809577,296072866,-1,1078678
23.312702,23.270550,75.273650,18,12,30,0.57156,-0.58702,848,75124077,296046241,-1,1078664
23.388148,23.337370,75.445340,18,12,30,0.57156,-0.58702,968,75379154,296070831,-1,1078644
23.463924,23.420880,75.776660,18,12,30,0.57156,-0.58702,912,75386154,296076646,-1,1079412
23.539247,23.504380,75.322810,18,12,30,0.57156,-0.58702,848,75507769,296059925,-1,1079422
23.615230,23.571210,75.982690,18,12,30,0.57156,-0.58702,4552,75957000,296081393,-1,1079424
23.690824,23.654770,75.594230,18,12,30,0.57156,-0.58702,888,75478461,296086181,-1,1041776
23.766541,23.721630,75.717040,18,12,30,0.57156,-0.58702,848,75448962,296086163,-1,1078678
23.842497,23.805160,75.956270,18,12,30,0.57156,-0.58702,848,75902616,296059081,-1,1078664
23.918195,23.871990,75.697150,18,12,30,0.57156,-0.58702,1008,75645461,296079739,-1,1078644
23.993912,23.955510,75.717650,18,12,30,0.57156,-0.58702,872,75503307,296085990,-1,1116314
24.070266,24.022340,76.353310,17,13,30,0.57156,-0.58702,6126,76468692,296108048,-1,1116324
24.146705,24.105880,76.439190,17,13,30,0.98924,-0.58702,2070,75430423,296106983,-1,1078678
24.222844,24.172710,76.139110,17,13,30,1.32338,-0.58702,808,75545500,296101774,-1,1189384
24.302399,24.256240,79.554810,17,13,30,1.74102,-0.58702,808,80023423,296084734,-1,1189370
24.381835,24.339740,79.436350,17,13,30,2.15853,-0.58702,848,79032500,296073625,-1,1226272
24.461123,24.406560,79.287850,17,13,30,2.49258,-0.58702,928,79508923,296093979,-1,1300056
24.543682,24.490080,82.559070,18,13,31,2.91023,-0.58702,2352,82389346,296988652,-1,1337726
24.624691,24.573610,81.009270,18,13,31,3.32787,-0.58702,4552,80894385,297004807,-1,1374638
24.706218,24.657150,81.526380,18,13,31,3.74554,-0.58702,1192,81224961,296910251,-1,1336992
24.783862,24.740680,77.644350,18,13,31,4.16315,-0.58702,808,76713500,296116776,-1,1336978
24.861275,24.807510,77.413230,18,13,31,4.49729,-0.58702,848,78483846,296089609,-1,1336978
24.940020,24.891050,78.744610,18,13,31,4.91503,-0.58702,808,78650961,296089801,-1,1263154
25.018859,24.974590,78.839500,18,13,31,5.33271,-0.58702,968,78786115,296115407,-1,1263154
25.097641,25.058110,78.782070,17,14,31,5.75029,-0.58702,6190,78596962,296159689,-1,1263922
25.179254,25.124950,81.612880,17,14,31,6.08457,-0.58702,2030,78712961,296138263,-1,1226286
25.254063,25.208500,74.808620,17,14,31,6.50224,-0.58702,808,77133231,296137042,-1,1263188
25.327769,25.292020,73.706380,17,14,31,6.91988,-0.58702,848,74377385,296104777,-1,1263174
25.410350,25.358840,82.580420,17,14,31,7.25399,-0.58702,808,82163962,296105733,-1,1263154
25.489034,25.442430,78.684690,17,14,31,7.67192,-0.58702,808,78155231,296109641,-1,1263154
25.566906,25.525940,77.871460,17,14,31,8.08946,-0.58702,968,77988500,296127375,-1,1189350
25.647442,25.592760,80.535920,17,14,31,8.42355,-0.58702,832,81011385,296135980,-1,1190118
25.722619,25.676320,75.177080,17,14,31,8.84132,-0.58702,4896,72998731,296076042,-1,1190130
25.795663,25.743150,73.043730,17,14,31,9.17547,-0.58702,848,74958615,295263915,-1,1078678
25.871292,25.826720,75.629390,17,14,31,9.59330,-0.58702,808,75488038,295254312,-1,1078678
25.946432,25.910220,75.140040,17,14,31,10.01081,-0.58702,808,74762923,295237475,-1,931036
26.018887,25.977070,72.454610,17,14,31,10.34503,-0.58702,848,72427038,295236167,-1,931036
26.093235,26.043880,74.348500,17,14,31,10.67911,-0.58702,2150,73218846,295260208,-1,857232
26.164672,26.127400,71.436730,17,14,31,11.09670,-0.58702,832,72046346,295270699,-1,858000
26.237821,26.194240,73.149420,16,15,31,11.43095,-0.58702,4904,72862961,295284091,-1,784206
26.309984,26.261080,72.163000,16,15,31,11.76516,-0.58702,1990,72110577,295277178,-1,746560
26.380599,26.344620,70.614960,16,15,31,12.18290,-0.58702,768,70627384,295272660,-1,709658
26.450856,26.411450,70.257120,16,15,31,12.51705,-0.58702,808,71048346,295249907,-1,709644
26.521240,26.478290,70.383160,16,15,31,12.85123,-0.58702,768,70062923,295249687,-1,709624
26.591913,26.545120,70.673080,17,15,32,13.18539,-0.58702,2408,70712153,296158091,-1,709624
26.661581,26.628690,69.668340,17,15,32,13.60328,-0.58702,832,69433384,296163982,-1,673490
26.730449,26.695530,68.867580,17,15,32,13.93748,-0.58702,1152,69071924,296057755,-1,525892
26.797404,26.762340,66.955270,17,15,32,14.27157,-0.58702,4472,66779731,295286935,-1,525894
26.865611,26.829160,68.206810,17,15,32,14.60563,-0.58702,808,67734884,295286803,-1,414442
26.931752,26.896000,66.141110,17,15,32,14.93979,-0.58702,768,66215116,295286385,-1,451344
26.997905,26.962800,66.153310,17,15,32,15.27380,-0.58702,808,66281462,295259479,-1,377526
27.065246,27.029620,67.341160,17,15,32,15.60789,-0.58702,2070,66131461,295264234,-1,303702
27.129534,27.096440,64.287570,17,15,32,15.60789,-0.58702,928,66166269,295298364,-1,229898
27.194468,27.163240,64.933850,17,15,32,15.60789,-0.58702,832,64897885,295297578,-1,230666
27.260125,27.230070,65.656960,17,15,32,15.60789,-0.58702,848,65379731,295298086,-1,304482
27.326129,27.296910,66.004880,17,15,32,15.60789,-0.58702,4512,65912230,295301695,-1,304482
27.391536,27.363720,65.406430,17,15,32,15.60789,-0.58702,808,65485039,295300139,-1,340638
27.456747,27.430570,65.211150,17,15,32,15.60789,-0.58702,848,65115000,295300593,-1,303736
27.521952,27.497360,65.205270,17,15,32,15.60789,-0.58702,808,65251846,295273763,-1,377526
27.587737,27.547490,65.785000,17,15,32,15.60789,-0.58702,808,65621423,295273483,-1,377506
27.654475,27.614300,66.737270,17,15,32,15.60789,-0.58702,928,66764347,295294493,-1,377506
27.720419,27.681120,65.944040,17,15,32,15.60789,-0.58702,872,65907653,295304822,-1,452078
27.786400,27.747910,65.981040,16,16,32,15.60789,-0.58702,4864,65783769,295338778,-1,452090
27.852795,27.814730,66.394960,16,16,32,15.60789,-0.58702,2374,66436269,295231276,-1,414442
27.919035,27.881550,66.240690,16,16,32,15.60789,-0.58702,808,66078115,294429454,-1,451344
27.985971,27.948390,66.935500,16,16,32,15.60789,-0.58702,768,66991077,294412598,-1,451330
28.053040,28.015210,67.069270,16,16,32,15.60789,-0.58702,1990,66988423,294416753,-1,525134
28.119751,28.082030,66.711040,16,16,32,15.60789,-0.58702,808,66481577,294407160,-1,525134
28.187779,28.148860,68.027420,16,16,32,15.60789,-0.58702,888,68071000,294432971,-1,525114
28.255207,28.215680,67.428810,16,16,32,15.60789,-0.58702,792,67385808,294433380,-1,525882
28.322878,28.282490,67.670880,16,16,32,15.60789,-0.58702,808,67456654,294432776,-1,525894
28.390587,28.349300,67.709190,16,16,32,15.60789,-0.58702,768,67584923,294419597,-1,525894
28.458204,28.416120,67.616730,15,17,32,15.60789,-0.58702,4824,67725654,294458725,-1,525894
28.526060,28.482910,67.855420,15,17,32,15.60789,-0.58702,1990,67806230,294453175,-1,488246
28.594688,28.566470,68.628920,16,17,33,15.60789,-0.58702,2248,68489039,295340511,-1,525128
28.662515,28.633300,67.826160,16,17,33,15.60789,-0.58702,728,67586577,295323575,-1,598918
28.732201,28.700130,69.686500,16,17,33,15.60789,-0.58702,768,69710731,295327539,-1,598918
28.801461,28.766970,69.259770,16,17,33,15.60789,-0.58702,728,69163500,295332411,-1,598918
28.872506,28.833800,71.044650,16,17,33,15.60789,-0.58702,728,70995731,295333123,-1,672722
28.942516,28.900600,70.010310,16,17,33,15.60789,-0.58702,888,69828654,295348373,-1,746526
29.012956,28.967390,70.440160,16,17,33,15.60789,-0.58702,792,70303500,295355462,-1,747294
29.083669,29.050900,70.713040,16,17,33,15.60789,-0.58702,1990,70256269,295363765,-1,747306
29.154018,29.117720,70.349150,16,17,33,15.60789,-0.58702,808,70651115,295341030,-1,747306
29.224622,29.184540,70.604160,16,17,33,15.60789,-0.58702,4472,70555385,295355794,-1,747306
29.294679,29.251340,70.056850,16,17,33,15.60789,-0.58702,768,70043731,295355246,-1,709638
29.364774,29.334840,70.094810,16,17,33,15.60789,-0.58702,808,69665885,295355436,-1,746540
29.438723,29.401630,73.948690,16,17,33,15.60789,-0.58702,1272,70892308,295273739,-1,746526
29.506146,29.468460,67.423230,16,17,33,15.60789,-0.58702,792,70502077,294489479,-1,673490
29.575442,29.535260,69.295770,16,17,33,15.60789,-0.58702,808,69196115,294493242,-1,673502
29.645783,29.602080,70.341460,15,18,33,15.60789,-0.58702,4824,70470154,294501835,-1,673502
29.715680,29.685590,69.897190,15,18,33,15.60789,-0.58702,1950,69756346,294505941,-1,709658
29.785704,29.752430,70.023690,15,18,33,15.60789,-0.58702,768,69696808,294501205,-1,746560
29.856238,29.819260,70.533580,15,18,33,15.60789,-0.58702,728,70507808,294487817,-1,746546
29.926325,29.886080,70.087150,15,18,33,15.60789,-0.58702,728,70024270,294487989,-1,746546
29.997410,29.952910,71.085460,15,18,33,15.60789,-0.58702,888,71181308,294503066,-1,746546
30.068452,30.036450,71.041770,16,18,34,15.60789,-0.58702,3878,70578077,294510160,-1,747294
30.139326,30.103290,70.874380,16,18,34,15.60789,-0.25287,4432,70466038,293733495,-1,673500
30.209976,30.170150,70.649850,16,18,34,15.60789,0.08145,768,70537962,293733416,-1,635854
30.288996,30.236980,79.019620,16,18,34,15.60789,0.41566,728,78680193,293728234,-1,672756
30.361478,30.320500,72.482420,16,18,34,15.60789,0.83322,728,72483230,293705361,-1,672742
30.432603,30.387300,71.124270,16,18,34,15.60789,1.16722,768,70864307,293696400,-1,672742
30.504091,30.470810,71.488460,16,18,34,15.60789,1.58479,888,71132577,293721110,-1,672722
30.574666,30.537640,70.574580,16,19,35,15.60789,1.91898,6368,70872615,294641051,-1,747294
30.645270,30.604520,70.604120,17,19,36,15.60789,2.25337,3510,70342347,294732095,-1,672758
30.715502,30.671330,70.232230,17,19,36,15.60789,2.58739,728,70285500,294704061,-1,783462
30.785966,30.754840,70.464310,17,19,36,15.60789,3.00495,728,70152615,294691525,-1,783448
30.857864,30.821640,71.897650,17,19,36,15.60789,3.33894,768,71701731,294691525,-1,783448
30.929546,30.888500,71.681620,17,19,36,15.60789,3.67322,728,71290346,294681724,-1,783448
31.000412,30.955290,70.866960,17,19,36,15.60789,4.00718,768,70975154,294681504,-1,783428
31.072072,31.038790,71.659690,18,19,37,15.60789,4.42468,3710,71652270,294793747,-1,783428
31.143841,31.105610,71.769200,18,19,37,15.60789,4.75880,4536,71732269,294822054,-1,784196
31.215909,31.172450,72.067310,18,19,37,15.60789,5.09303,808,71923077,294822054,-1,746562
31.286326,31.239270,70.417190,18,19,37,15.60789,5.42713,1232,70183346,294716386,-1,783462
31.358247,31.322810,71.921350,18,19,37,15.60789,5.84481,808,72462770,293887716,-1,709644
31.429301,31.389650,71.054190,18,19,37,15.60789,6.17895,808,70865538,293887680,-1,783428
31.501165,31.456480,71.863340,18,19,37,15.60789,6.51313,888,70536654,293891836,-1,783428
31.573026,31.539990,71.860810,19,19,38,15.60789,6.93071,2488,72645693,294800788,-1,783428
31.644779,31.606840,71.753070,19,19,38,15.60789,7.26493,872,71349038,294807509,-1,894902
31.718153,31.673680,73.374540,18,20,38,15.60789,7.59911,4944,73422654,294849817,-1,968718
31.789938,31.757190,71.784730,18,20,38,15.60789,8.01667,2030,71442000,294830893,-1,857266
31.861776,31.824020,71.838310,18,20,38,15.60789,8.35082,808,71773615,294825291,-1,894168
31.935085,31.890820,73.309230,18,20,38,15.60789,8.68484,848,73483423,294799542,-1,857252
32.009057,31.974320,73.971310,18,20,38,15.60789,9.10232,848,73307000,294799162,-1,931036
32.081008,32.041150,71.951420,19,20,39,15.60789,9.43649,3710,72432500,295704033,-1,931036
32.153779,32.107960,72.771070,19,20,39,15.60789,9.77051,912,73091538,295714454,-1,968706
32.229510,32.191450,75.730960,19,20,39,15.60789,10.18797,4936,74855807,295651153,-1,1042522
32.302966,32.258260,73.455770,19,20,39,15.60789,10.52197,848,74001884,294831642,-1,931070
32.375515,32.341780,72.548840,19,20,39,15.60789,10.93960,888,72133538,294831624,-1,967972
32.448717,32.408580,73.201970,19,20,39,15.60789,11.27361,848,73156423,294809050,-1,967958
32.522125,32.475370,73.408460,19,20,39,15.60789,11.60754,888,73003615,294812926,-1,967938
32.594591,32.558880,72.465880,20,20,40,15.60789,12.02508,2568,72533885,294919502,-1,967938
32.667439,32.625700,72.847620,21,20,41,15.60789,12.35919,2432,73424346,295012017,-1,894902
32.741165,32.692500,73.726350,21,20,41,15.60789,12.69321,888,72919538,295015957,-1,894914
32.812939,32.776020,71.773650,20,21,41,15.60789,13.11078,4984,72219423,295025086,-1,894914
32.884427,32.842850,71.488580,20,21,41,15.60789,13.44498,2070,71482269,295022361,-1,857266
32.955796,32.909670,71.368610,20,21,41,15.60789,13.77909,848,71154039,295013294,-1,894168
33.027296,32.993160,71.499920,20,21,41,15.60789,14.19661,928,71709923,294999338,-1,857232
33.098614,33.059980,71.317810,21,21,42,15.60789,14.53066,3670,71242384,295094767,-1,783428
33.168847,33.126800,70.232960,21,21,42,15.60789,14.53066,928,70893423,295108331,-1,709624
33.238883,33.193600,70.035960,21,21,42,15.60789,14.53066,968,69801576,295107284,-1,709624
33.310481,33.277150,71.598230,21,21,42,15.60789,14.53066,1312,71691000,295016486,-1,783428
33.380006,33.343990,69.524960,21,21,42,15.60789,14.53066,928,69534615,294214574,-1,746526
33.451497,33.410800,71.490920,21,21,42,15.60789,14.53066,968,71312577,294214986,-1,746526
33.523150,33.477600,71.653190,21,21,42,15.60789,14.53066,968,71544346,294214286,-1,746526
33.594543,33.561110,71.393200,22,21,43,15.60789,14.53066,2488,71339884,294295448,-1,746526
33.666359,33.627900,71.816190,22,21,43,15.60789,14.53066,1008,71959154,294295369,-1,746506
33.738562,33.694690,72.202690,22,21,43,15.60789,14.53066,968,72111884,294294541,-1,746506
33.810691,33.778200,72.128580,22,21,43,15.60789,14.53066,968,71995654,294294881,-1,783408
33.882354,33.845000,71.663540,22,21,43,15.60789,14.53066,1128,71648461,294319691,-1,783408
33.954767,33.911790,72.413190,22,21,43,15.60789,14.53066,992,72264692,294325752,-1,784176
34.026579,33.995270,71.812190,22,21,43,15.60789,14.53066,1008,71684807,294325800,-1,821090
34.099743,34.062090,73.163190,23,21,44,15.60789,14.53066,7866,72857308,295225141,-1,821090
34.170996,34.128890,71.253650,23,21,44,15.60789,14.53066,1008,71544577,295229156,-1,820344
34.245117,34.195680,74.120540,23,21,44,15.60789,14.53066,1008,73548577,295231359,-1,857246
34.317752,34.279210,72.635270,23,21,44,15.60789,14.53066,1048,72723615,295214034,-1,857232
34.390802,34.346010,73.050190,23,21,44,15.60789,14.53066,1128,72984962,295238676,-1,857232
34.463587,34.429500,72.785160,23,21,44,15.60789,14.53066,1416,72327039,295159589,-1,858000
34.535088,34.496340,71.500620,23,21,44,15.60789,14.53066,1088,71915115,294343972,-1,821108
34.607553,34.563170,72.464920,23,22,45,15.60789,14.53066,6624,72145347,294463498,-1,821110
34.680005,34.646680,72.452160,24,22,46,15.60789,14.53066,3750,72586500,294630263,-1,820364
34.751850,34.713530,71.844540,24,22,46,15.60789,14.53066,1048,71731192,294625265,-1,857266
34.824328,34.780350,72.477960,24,22,46,15.60789,14.53066,1008,72634231,294608381,-1,857252
34.897909,34.863880,73.581770,24,22,46,15.60789,14.53066,1008,73295039,294599516,-1,857252
34.972100,34.930730,74.190570,24,22,46,15.60789,14.53066,1168,73909384,294633310,-1,931036
35.045018,34.997540,72.917920,24,22,46,15.60789,14.53066,1072,72933077,294634723,-1,931804
35.119681,35.081050,74.662890,25,22,47,15.60789,14.53066,3830,74406000,295523690,-1,931816
35.192645,35.147900,72.964120,25,22,47,15.60789,14.53066,1128,73025192,295510671,-1,1005620
35.266619,35.231410,73.974500,25,22,47,15.60789,14.53066,4792,74084731,295529708,-1,1005620
35.341732,35.298250,75.112810,25,22,47,15.60789,14.53066,1088,74917808,295520271,-1,967972
35.416242,35.381740,74.509960,25,22,47,15.60789,14.53066,1128,74174807,295524417,-1,1004854
35.491181,35.448520,74.938580,25,22,47,15.60789,14.53066,1208,75065923,295527130,-1,1004840
35.565830,35.532030,74.649120,25,22,47,15.60789,14.53066,1152,74457423,295533437,-1,1005608
35.642120,35.598830,76.289770,26,22,48,15.60789,14.53066,2688,75857538,296451518,-1,1005618
35.716530,35.682330,74.409880,25,23,48,15.60789,14.53066,5184,75017000,296483578,-1,1042522
35.792584,35.749130,76.054340,25,23,48,15.60789,14.53066,2310,75936770,296482693,-1,1004874
35.867853,35.832630,75.269110,25,23,48,15.60789,14.53066,1128,75054231,296482543,-1,1041776
35.943143,35.899440,75.289960,25,23,48,15.60789,14.53066,1088,75555000,296469235,-1,1041762
36.019845,35.982940,76.701810,25,23,48,15.60789,14.53066,1208,76191808,296481320,-1,1041762
36.095753,36.049790,75.908040,25,23,48,15.60789,14.53066,2414,75852346,296491488,-1,1116314
36.172216,36.133300,76.463110,26,23,49,15.19035,14.53066,2648,75661846,297395062,-1,1116326
36.250256,36.200130,78.039730,26,23,49,14.85616,14.53066,5216,76800693,298902774,-1,1190130
36.324657,36.283630,74.401770,26,23,49,14.43866,14.53066,1168,75741807,298106506,-1,1226286
36.404724,36.350450,80.066420,26,23,49,14.10454,14.53066,1128,78468846,298904296,-1,1263188
36.480069,36.434010,75.345420,26,23,49,13.68675,14.53066,1128,76735692,298876874,-1,1336978
36.558629,36.517520,78.559390,26,23,49,13.26920,14.53066,1288,78310500,298902200,-1,1300056
36.637401,36.584320,78.772380,25,24,49,12.93515,14.53066,5248,78465308,299734947,-1,1300824
36.719037,36.667850,81.636150,27,24,51,12.51753,14.53066,5390,81232039,301913809,-1,1336994
36.799401,36.751370,80.363810,27,24,51,12.09991,14.53066,1168,80407769,303488319,-1,1521502
36.881962,36.834900,82.560840,27,24,51,11.68231,14.53066,1128,82685192,304303156,-1,1669096
36.978945,36.918400,96.983460,27,24,51,11.26480,14.53066,1128,97047807,304268871,-1,1705998
37.069630,37.018600,90.684840,27,24,51,10.76376,14.53066,2510,90872616,305078667,-1,1705998
37.153673,37.102110,84.042500,27,24,51,10.34620,14.53066,4856,83051269,305116522,-1,1780550
37.243556,37.185620,89.882880,28,24,52,9.92867,14.53066,2728,90627231,306025043,-1,1742914
37.330265,37.269130,86.709730,28,24,52,9.51114,14.53066,1248,85408423,306815904,-1,1816704
37.414797,37.352650,84.531580,28,24,52,9.09355,14.53066,5272,85314077,306712917,-1,1816704
37.502290,37.452850,87.492970,28,24,52,8.59250,14.53066,6110,86834116,305902001,-1,1705998
37.586492,37.536390,84.202580,28,24,52,8.17480,14.53066,2590,84459077,305950185,-1,1669134
37.673314,37.619890,86.821850,28,24,52,7.75731,14.53066,5236,86667654,305952177,-1,1669902
37.760854,37.703400,87.539850,29,24,53,7.33973,14.53066,2768,87073231,306822980,-1,1558462
37.844731,37.786910,83.876540,29,24,53,6.92217,14.53066,1288,84162846,306830729,-1,1632252
37.932107,37.870420,87.376340,29,24,53,6.50458,14.53066,1248,87664885,306805363,-1,1632234
38.014492,37.970660,82.385500,29,24,53,6.00341,14.53066,1248,82379808,307603476,-1,1632214
38.095491,38.054210,80.998890,29,24,53,5.58565,14.53066,2630,80286730,307628309,-1,1632214
38.178648,38.121050,83.156460,28,25,53,5.25151,14.53066,5368,83494961,307655332,-1,1632982
38.261620,38.204570,82.972230,29,25,54,4.83389,14.53066,4374,81916846,308451055,-1,1558426
38.340814,38.288100,79.194040,29,25,54,4.41625,14.53066,1288,79815346,307630577,-1,1595306
38.421843,38.371630,81.028420,29,25,54,3.99864,14.53066,1248,81156539,307603988,-1,1521488
38.502964,38.455150,81.121080,29,25,54,3.58102,14.53066,1248,80905115,307604364,-1,1521468
38.583850,38.538700,80.886570,29,25,54,3.16331,14.53066,1288,80716692,307607984,-1,1484566
38.665227,38.622240,81.376620,29,25,54,2.74563,14.53066,1368,81110807,307633566,-1,1447664
38.745428,38.689070,80.201310,30,25,55,2.41142,14.53066,2832,79924538,307724017,-1,1448432
38.825917,38.772640,80.488850,31,25,56,1.99359,14.53066,6552,80721192,308640219,-1,1448444
38.905483,38.856170,79.566460,31,25,56,1.57595,14.53066,1288,78825384,308613437,-1,1447698
38.983930,38.939700,78.446350,31,25,56,1.15828,14.53066,1288,78655731,308612410,-1,1373860
39.063301,39.023240,79.371610,31,25,56,0.74054,14.53066,2550,79650923,308595843,-1,1373860
39.141095,39.090060,77.793300,31,25,56,0.74054,14.53066,1288,78801923,308600799,-1,1373860
39.219582,39.173580,78.487660,31,25,56,0.74054,14.53066,1448,78283154,308624962,-1,1373860
39.298308,39.257100,78.726110,31,25,56,0.74054,14.53066,1432,78421307,308631137,-1,1374628
39.377420,39.323910,79.111310,32,25,57,0.74054,14.53066,6592,79252385,309547683,-1,1374638
39.454988,39.407460,77.568460,32,25,57,0.74054,14.53066,1368,77435346,309533830,-1,1373894
39.533867,39.490950,78.878690,32,25,57,0.74054,14.53066,1408,78525307,309524943,-1,1447698
39.615816,39.557750,81.949460,32,25,57,0.74054,14.53066,1368,81914000,309511438,-1,1447664
39.696165,39.641300,80.349000,32,25,57,0.74054,14.53066,1368,80351885,309511582,-1,1410762
39.776770,39.724840,80.604310,32,25,57,0.74054,14.53066,1912,80635039,309451978,-1,1447664
39.858377,39.808380,81.607650,31,26,57,0.74054,14.53066,5488,81218346,308690769,-1,1448432
39.936419,39.891880,78.041810,32,26,58,0.74054,14.53066,4110,78565999,309552919,-1,1410796
40.014609,39.975400,78.189960,32,26,58,0.74054,14.53066,1408,77629308,309556908,-1,1521488
40.095284,40.042210,80.674540,32,26,58,0.74054,14.53066,2590,80791962,309534378,-1,1521488
40.176054,40.125730,80.770840,32,26,58,0.74054,14.53066,1368,80523462,309525097,-1,1521488
40.257566,40.209230,81.511120,32,26,58,0.74054,14.53066,1408,81510961,309528958,-1,1521468
40.338832,40.292760,81.266380,32,26,58,0.74054,14.53066,1488,81185807,309553756,-1,1558370
40.420626,40.376300,81.794310,31,27,58,0.74054,14.53066,5488,81359346,309606927,-1,1559138
40.503757,40.459820,83.130960,32,27,59,0.74054,14.53066,4150,82732269,310524453,-1,1558404
40.582554,40.526660,78.797200,32,27,59,0.74054,14.53066,1368,79198154,310580353,-1,1705998
40.667864,40.610180,85.309390,32,27,59,0.74054,14.53066,1368,85451423,310567232,-1,1705978
40.750034,40.693710,82.169960,33,27,60,0.74054,14.53066,3472,81950654,311486043,-1,1705978
40.836881,40.777210,86.847190,33,27,60,0.74054,14.53066,1368,86975654,311483693,-1,1779782
40.918355,40.877460,81.474040,33,27,60,0.74054,14.53066,1536,80882461,310960268,-1,1779782
41.001310,40.944290,82.954810,33,27,60,0.74054,14.53066,5176,83155770,310984663,-1,1780550
41.086428,41.027830,85.118120,34,27,61,0.74054,14.53066,4150,84793500,311869379,-1,1742916
41.168279,41.111390,81.850960,34,27,61,0.74054,14.53066,1408,81862231,311842700,-1,1853620
41.252821,41.194930,84.542040,34,27,61,0.74054,14.53066,1488,84646461,311820292,-1,1853586
41.338092,41.278470,85.271190,34,27,61,0.74054,14.53066,1448,85145693,311820292,-1,1853586
41.423748,41.378740,85.655500,34,27,61,0.74054,14.53066,1568,85366154,311842606,-1,1853586
41.509017,41.462310,85.269540,33,28,61,0.74054,14.53066,5952,85153962,311794659,-1,1854354
41.593996,41.545840,84.978460,33,28,61,0.74054,14.53066,2670,85125077,310976719,-1,1742914
41.678341,41.629380,84.345190,33,28,61,0.74054,14.53066,1448,84011385,310972448,-1,1853606
41.762092,41.712890,83.750920,33,28,61,0.74054,14.53066,1488,83887539,310945794,-1,1853606
41.847093,41.796420,85.001040,33,28,61,0.74054,14.53066,1448,84934500,310945794,-1,1853586
41.931984,41.879930,84.890730,33,28,61,0.74054,14.53066,1568,84436539,310966564,-1,1853586
42.016484,41.963460,84.500730,33,28,61,0.74054,14.53066,5216,84503808,310996431,-1,1854354
42.101690,42.046980,85.205540,33,28,61,0.74054,14.53066,3054,85356077,310890117,-1,1816718
42.185360,42.130520,83.670500,33,28,61,0.74054,14.11298,1448,82097962,310091622,-1,1816704
42.268940,42.214080,83.579930,33,28,61,0.74054,13.69519,1488,83844769,310064760,-1,1816704
42.353121,42.297620,84.180920,33,28,61,0.74054,13.27746,1448,84258039,310064872,-1,1853586
42.438350,42.381160,85.228650,33,28,61,0.74054,12.85975,1568,85347269,310080418,-1,1853586
42.523635,42.464680,85.285610,33,28,61,0.74054,12.44220,5216,84731000,310110281,-1,1891256
42.610109,42.548200,86.473500,33,28,61,0.74054,12.02453,1448,86687270,310891222,-1,1927424
42.695172,42.648470,85.062840,33,28,61,0.74054,11.52322,1448,84833500,310922626,-1,2075018
42.787085,42.731990,91.913380,34,28,62,0.74054,11.10556,3008,91901654,311051009,-1,2111920
42.878293,42.815540,91.207500,34,28,62,0.74054,10.68783,1448,91154923,311013650,-1,2111900
42.968969,42.915790,90.676610,34,28,62,0.74054,10.18656,1568,90242154,311032092,-1,2111900
43.055190,42.999340,86.220770,34,28,62,0.74054,9.76880,5216,86317000,311066303,-1,2112668
43.142512,43.082890,87.321960,34,28,62,0.74054,9.35108,3054,87383731,310959713,-1,2075032
43.229649,43.166460,87.137270,34,28,62,0.74054,8.93326,1488,85419500,310156162,-1,2038116
43.315699,43.266710,86.049650,34,28,62,0.74054,8.43203,1528,87525807,310129712,-1,2075018
43.402186,43.350270,86.486850,34,28,62,0.74054,8.01422,1488,86464346,310129712,-1,2074998
43.489914,43.433780,87.728080,34,28,62,0.74054,7.59665,1608,87679923,310150106,-1,2148802
43.583611,43.517320,93.697040,34,28,62,0.74054,7.17892,1552,93160192,310155937,-1,2149570
43.679641,43.617540,96.029730,33,29,62,0.74054,6.67785,5544,95799615,310169720,-1,2186482
43.769106,43.717770,89.465610,33,29,62,0.74054,6.17665,2710,89744769,310153216,-1,2148836
43.856826,43.801300,87.719960,33,29,62,0.74054,5.75905,1448,87565000,310136143,-1,2185704
43.944956,43.884810,88.129540,33,29,62,0.74054,5.34150,1448,87979577,310136284,-1,2185704
44.035307,43.968350,90.351190,33,29,62,0.74054,4.92381,1608,90254154,310157310,-1,2185704
44.123651,44.068600,88.343650,33,29,62,0.74054,4.42253,6398,87990500,310186896,-1,2186472
44.211150,44.152150,87.499080,33,29,62,0.74054,4.00485,1448,87548654,310169853,-1,2111934
44.299114,44.235660,87.964840,33,29,62,0.74054,3.58726,1488,87901923,310146509,-1,2148822
44.387918,44.335890,88.803730,33,29,62,0.74054,3.08606,1448,88578038,310136836,-1,2148822
44.476058,44.419420,88.140040,33,29,62,0.74054,2.66841,1448,88317731,310137012,-1,2148802
44.564994,44.502940,88.936230,33,29,62,0.74054,2.25075,1608,88929692,310157734,-1,2148802
44.653135,44.603180,88.140270,32,30,62,0.74054,1.74959,5528,87660615,310198101,-1,2112668
44.741618,44.686720,88.483000,32,30,62,0.74054,1.33189,2630,87365462,310176225,-1,2148836
44.829677,44.770230,88.058960,33,30,63,0.74054,0.91434,2968,88684693,311027545,-1,2148822
44.916312,44.853740,86.635610,33,30,63,0.74054,0.49675,1408,87043269,311027850,-1,2185704
45.005704,44.953990,89.392040,33,30,63,0.74054,-0.00450,1408,89529385,311028718,-1,2148802
45.093289,45.037480,87.584150,33,30,63,0.74054,-0.42193,2670,86805346,311028973,-1,2148802
45.178759,45.120990,85.470920,33,30,63,0.74054,-0.42193,1408,87094693,311038985,-1,2185704
45.266481,45.204500,87.721310,33,30,63,0.74054,-0.42193,1448,87612923,311032834,-1,2185704
45.354018,45.304700,87.537230,33,30,63,0.74054,-0.42193,1872,87447846,310934052,-1,2185704
45.440011,45.388200,85.993160,33,30,63,0.74054,-0.42193,1448,85549038,310131861,-1,2111880
45.527095,45.471690,87.083730,33,30,63,0.74054,-0.42193,1448,87077769,310131861,-1,2111880
45.613663,45.555180,86.567850,33,30,63,0.74054,-0.42193,1488,86392154,310131861,-1,2111880
45.701246,45.638640,87.583620,33,30,63,0.74054,-0.42193,1448,87522846,310131445,-1,2148782
45.789211,45.738830,87.965120,33,30,63,0.74054,-0.42193,1448,87902231,310131085,-1,2148782
45.876408,45.822340,87.196430,33,30,63,0.74054,-0.42193,1488,86991577,310131085,-1,2148782
45.964156,45.905880,87.748500,33,30,63,0.74054,-0.42193,1448,87619884,310131085,-1,2148782
46.051909,45.989430,87.752920,33,30,63,0.74054,-0.42193,1448,87622423,310131085,-1,2148782
46.140248,46.089660,88.338840,33,30,63,0.74054,-0.42193,2830,88010000,310151870,-1,2222586
46.230660,46.173160,90.411500,33,30,63,0.74054,-0.42193,1472,90512000,310158117,-1,2223354
46.323997,46.256650,93.337650,33,30,63,0.74054,-0.42193,1832,93260154,310052259,-1,2223364
46.411909,46.356860,87.912080,33,30,63,0.74054,-0.42193,5564,87963807,309283538,-1,2149562
46.499026,46.440350,87.116960,33,30,63,0.74054,-0.42193,1448,86757885,309283842,-1,2111914
46.585769,46.523830,86.742730,33,30,63,0.74054,-0.42193,1448,87046500,309265898,-1,2148802
46.673661,46.624020,87.891920,33,30,63,0.74054,-0.42193,1608,87884039,309286500,-1,2185704
46.760938,46.707530,87.277000,33,30,63,0.74054,-0.42193,1472,86911731,309292747,-1,2186472
46.849567,46.791030,88.629350,33,31,64,0.74054,-0.42193,7024,88837115,310190392,-1,2186482
46.936367,46.874560,86.799580,33,31,64,0.74054,-0.42193,2670,86335538,310179313,-1,2185738
47.024540,46.974780,88.173460,33,31,64,0.74054,-0.42193,1408,87953885,310179234,-1,2222626
47.112768,47.058290,88.227270,33,31,64,0.74054,-0.42193,2630,88379961,310152659,-1,2222626
47.202350,47.141780,89.582660,33,31,64,0.74054,-0.42193,1568,89056269,310173253,-1,2222606
47.291509,47.241990,89.158500,33,31,64,0.74054,-0.42193,1472,89291077,310179005,-1,2223374
47.380093,47.325550,88.583960,33,31,64,0.74054,-0.42193,5152,88627962,310190404,-1,2260286
47.471552,47.409070,91.459420,33,31,64,0.74054,-0.42193,1488,91406769,310184254,-1,2259542
47.562536,47.509260,90.983890,33,31,64,0.74054,-0.42193,1448,90663269,310174722,-1,2296430
47.657240,47.592770,94.703610,33,31,64,0.74054,-0.42193,1448,94818154,310157576,-1,2296410
47.750255,47.693010,93.015620,33,31,64,0.74054,-0.42193,1608,93025076,310177722,-1,2296410
47.839979,47.776570,89.723880,33,31,64,0.74054,-0.42193,1472,89227153,310183897,-1,2334080
47.930762,47.876800,90.783200,32,32,64,0.74054,-0.42193,5504,91054577,310197824,-1,2334090
48.023231,47.960330,92.468570,32,32,64,0.74054,-0.42193,2670,92120038,310186905,-1,2296444
48.113431,48.060550,90.199770,32,32,64,0.74054,-0.42193,2630,90423500,310962170,-1,2333332
48.205783,48.144090,92.351960,32,32,64,1.15825,-0.42193,1408,90998693,310967299,-1,2407116
48.298255,48.244340,92.472270,32,32,64,1.65951,-0.42193,1568,92870693,310993038,-1,2333312
48.389791,48.327870,91.536380,32,32,64,2.07716,-0.42193,1432,90226500,310986845,-1,2334080
48.480155,48.428100,90.363270,32,32,64,2.57831,-0.42193,5496,91417038,310905422,-1,2370992
48.574692,48.511670,94.537270,32,32,64,2.99616,-0.42193,1448,94090116,310109032,-1,2259542
48.664334,48.611890,89.642460,32,32,64,3.49726,-0.42193,1408,89662270,310077062,-1,2333332
48.754814,48.695450,90.479840,32,32,64,3.91507,-0.42193,1408,90415884,310077238,-1,2333312
48.846917,48.778980,92.102920,32,32,64,4.33271,-0.42193,1568,92194692,310097668,-1,2370214
48.941768,48.879240,94.850880,32,33,65,4.83408,-0.42193,7008,94745500,310224757,-1,2370982
49.036065,48.979460,94.296770,32,33,65,5.33518,-0.42193,2630,93638615,310202553,-1,2370248
49.128084,49.062990,92.019620,32,33,65,5.75280,-0.42193,2590,92164000,310179415,-1,2333332
49.219055,49.163240,90.970890,32,33,65,6.25407,-0.42193,1368,90985769,310169899,-1,2333332
49.309907,49.246780,90.851390,32,33,65,6.67176,-0.42193,1408,90884154,310169600,-1,2259508
49.399111,49.347030,89.204460,32,33,65,7.17300,-0.42193,1528,89206654,310195186,-1,2259508
49.488737,49.430570,89.626040,32,33,65,7.59070,-0.42193,1432,88714077,310195037,-1,2112668
49.574237,49.514110,85.499920,32,33,65,8.00842,-0.42193,5536,86175538,310112778,-1,2112678
49.661636,49.597660,87.398610,32,33,65,8.42615,-0.42193,1408,87500269,309306611,-1,1779816
49.745786,49.697920,84.149850,32,33,65,8.92748,-0.42193,1408,84027846,309300992,-1,1669076
49.826912,49.781480,81.126730,32,33,65,9.34527,-0.42193,1448,81398692,309282602,-1,1595272
49.909135,49.865010,82.223040,32,33,65,9.76292,-0.42193,1528,81200115,309302736,-1,1595272
49.989538,49.948580,80.403000,32,33,65,10.18076,-0.42193,1432,80699462,309308911,-1,1374628
50.066862,50.015460,77.323810,32,33,65,10.51513,-0.42193,6374,77803116,309320857,-1,1300834
50.144154,50.099010,77.292270,32,33,65,10.93294,-0.42193,1408,77006654,309313417,-1,1189384
50.219834,50.182560,75.679190,32,33,65,11.35069,-0.42193,1408,75324462,309313424,-1,1226286
50.295003,50.249400,75.169730,32,33,65,11.68491,-0.42193,1448,75309269,309286714,-1,1004860
50.367744,50.332950,72.741040,32,33,65,12.10259,-0.42193,1408,72737731,309283954,-1,931036
50.440495,50.399780,72.750580,32,33,65,12.43676,-0.42193,1408,72779731,309283766,-1,635820
50.509609,50.466580,69.114390,32,33,65,12.77080,-0.42193,1832,68620038,309198592,-1,635820
50.577995,50.533420,68.386000,32,33,65,13.10495,-0.42193,1408,68557308,308397128,-1,562016
50.646799,50.616940,68.803810,32,33,65,13.52260,-0.42193,1408,68788000,308396152,-1,562016
50.715720,50.683810,68.920960,32,33,65,13.85689,-0.42193,1448,69058000,308396972,-1,488212
50.783188,50.750630,67.467800,32,33,65,14.19095,-0.42193,1408,67403154,308393532,-1,414408
50.849930,50.817430,66.742000,32,33,65,14.52498,-0.42193,1408,66723923,308393617,-1,340584
50.917121,50.884250,67.191570,33,33,66,14.85911,-0.42193,2968,66225039,308480131,-1,340584
50.981781,50.951110,64.659540,33,33,66,15.19344,-0.42193,1408,65462577,308479891,-1,340584
51.048186,51.017960,66.404730,33,33,66,15.52769,-0.42193,2630,66363615,308472182,-1,266780
51.111773,51.084790,63.587120,33,33,66,15.52769,-0.42193,1448,64163039,308476282,-1,192976
51.176251,51.151600,64.478390,33,33,66,15.52769,-0.42193,1408,64484269,308476535,-1,192976
51.241118,51.201690,64.866810,33,33,66,15.52769,-0.42193,1408,64605038,308476375,-1,266780
51.304347,51.268490,63.229040,33,33,66,15.52769,-0.42193,1408,63364077,308471247,-1,266780
51.369465,51.335330,65.117580,33,33,66,15.52769,-0.42193,1488,65034385,308471527,-1,266780
51.434384,51.402150,64.919620,33,33,66,15.52769,-0.42193,1448,64885346,308471115,-1,266780
51.499285,51.468980,64.901120,33,33,66,15.52769,-0.42193,1448,64831577,308471527,-1,266780
51.563977,51.535800,64.691960,33,33,66,15.52769,-0.42193,1488,64521076,308471247,-1,266780
51.628966,51.602620,64.988920,33,33,66,15.52769,-0.42193,1448,65014615,308471247,-1,266780
51.693725,51.669460,64.758270,33,33,66,15.52769,-0.42193,1448,64718270,308471527,-1,266780
51.758986,51.719590,65.261380,33,33,66,15.52769,-0.42193,1448,65166346,308471687,-1,266780
51.824288,51.786410,65.302570,33,33,66,15.52769,-0.42193,1488,65252923,308472071,-1,340584
51.889559,51.853200,65.270970,33,33,66,15.52769,-0.42193,1448,65201346,308473095,-1,340584
51.955080,51.920010,65.520840,33,33,66,15.52769,-0.42193,1448,65481231,308473519,-1,340584
52.020619,51.986850,65.538460,33,33,66,15.52769,-0.42193,1488,65465693,308473095,-1,414388
52.087139,52.053660,66.520500,33,33,66,15.52769,-0.42193,2670,66446038,308473394,-1,340584
52.152957,52.120450,65.818040,33,33,66,15.52769,-0.42193,1448,65778616,308473354,-1,414388
52.218911,52.187300,65.953690,33,33,66,15.52769,-0.42193,1488,65864615,308472731,-1,414388
52.286266,52.254140,67.354540,33,33,66,15.52769,-0.42193,1448,67104308,308473311,-1,414388
52.352893,52.320980,66.627230,33,33,66,15.52769,-0.42193,1448,66751693,308472739,-1,488192
52.419775,52.387830,66.882460,33,33,66,15.52769,-0.42193,1488,66664346,308473563,-1,488192
52.487591,52.454670,67.815460,33,33,66,15.52769,-0.42193,1448,67820423,308472739,-1,488192
52.554704,52.521460,67.113690,33,33,66,15.52769,-0.42193,1448,67130385,308472739,-1,488192
52.622428,52.588290,67.723270,33,33,66,15.52769,-0.42193,1608,67641846,308494049,-1,488192
52.690609,52.655100,68.181190,33,33,66,15.52769,-0.42193,1472,68122385,308500110,-1,562764
52.757683,52.721910,67.073810,33,33,66,15.52769,-0.42193,1448,66696116,308500570,-1,562776
52.825229,52.788730,67.545960,33,33,66,15.52769,-0.42193,1488,67709423,308478223,-1,562776
52.893614,52.855550,68.385420,32,34,66,15.52769,-0.42193,5876,68300154,308513010,-1,562776
52.960877,52.922360,67.263310,33,34,67,15.52769,-0.42193,4150,67208539,308599350,-1,525128
53.029327,52.989170,68.449420,33,34,67,15.52769,-0.42193,1448,68266654,308594512,-1,562030
53.098584,53.056010,69.257580,33,34,67,15.52769,-0.42193,2630,69288808,308580819,-1,635820
53.166986,53.139530,68.401230,33,34,67,15.52769,-0.42193,1528,68281577,308607049,-1,635820
53.237639,53.206340,70.653340,33,34,67,15.52769,-0.42193,1472,70606846,308607779,-1,636588
53.306861,53.273160,69.222540,33,34,67,15.52769,-0.42193,1408,68818770,308611895,-1,710404
53.376815,53.340000,69.953650,33,34,67,15.52769,-0.42193,5152,70258615,308619832,-1,636600
53.446742,53.406800,69.926850,33,34,67,15.52769,-0.42193,1488,69866769,308618868,-1,672756
53.516941,53.473590,70.199160,33,34,67,15.52769,-0.42193,1448,69974269,308619706,-1,857266
53.587417,53.557120,70.476310,33,34,67,15.52769,-0.42193,1448,70294923,308603097,-1,931056
53.657725,53.623930,70.307340,33,34,67,15.52769,-0.42193,1488,70324539,308597776,-1,931056
53.729882,53.690740,72.156850,33,34,67,15.52769,-0.42193,1568,71927115,308617898,-1,931036
53.801935,53.757560,72.053660,33,34,67,15.52769,-0.42193,1472,71897846,308628251,-1,931804
53.874766,53.841090,72.831270,32,35,67,15.52769,-0.42193,5544,72674884,308663103,-1,931816
53.947293,53.907890,72.526960,32,35,67,15.52769,-0.42193,2630,72660846,308634775,-1,967972
54.018907,53.974740,71.614000,32,35,67,15.52769,-0.42193,1408,71296884,308639061,-1,1004874
54.093493,54.058240,74.585660,32,35,67,15.52769,-0.42193,2670,74698384,308622412,-1,1078664
54.168362,54.125050,74.869000,32,35,67,15.52769,-0.08791,1408,73566153,308622971,-1,1152468
54.242372,54.191840,74.009850,32,35,67,15.52769,0.24605,1528,73550116,308643170,-1,1078644
54.316515,54.275380,74.143070,32,35,67,15.52769,0.66371,1472,74154539,308649133,-1,1079412
54.391821,54.342160,75.305770,32,35,67,15.52769,0.99763,5112,75796808,308663696,-1,1079422
54.465982,54.425640,74.161120,32,35,67,15.52769,1.41508,1408,74043116,308657732,-1,1189384
54.540178,54.492450,74.195660,32,35,67,15.52769,1.74911,1832,73947039,308572608,-1,1226286
54.616024,54.575940,75.846230,32,35,67,15.52769,2.16660,1408,75763269,307750218,-1,1078664
54.691751,54.642730,75.727620,32,35,67,15.52769,2.50055,1408,75791731,307750226,-1,1078644
54.766394,54.726230,74.642230,32,35,67,15.52769,2.91801,1568,74237346,307774664,-1,1152448
54.842196,54.793040,75.801930,32,35,67,15.52769,3.25207,5136,76004116,307804331,-1,1153216
54.919260,54.876530,77.064690,32,35,67,15.52769,3.66955,1408,76258885,307808726,-1,1189386
54.993838,54.943370,74.577930,33,35,68,15.52769,4.00373,2968,74989653,307871802,-1,1300090
55.069185,55.026860,75.346960,33,35,68,15.52769,4.42122,2630,75328308,307854780,-1,1300076
55.145757,55.093650,76.572350,33,35,68,15.52769,4.75517,1408,76861692,307849131,-1,1300076
55.223468,55.177140,77.710040,33,35,68,15.52769,5.17261,1448,77405193,307849380,-1,1300056
55.300999,55.260630,77.531390,33,35,68,15.52769,5.59007,1528,77740038,307879254,-1,1300056
55.378781,55.327450,77.782540,33,35,68,15.52769,5.92415,5136,77330347,307903241,-1,1300824
55.457229,55.410940,78.447350,33,35,68,15.52769,6.34164,1488,77921730,307904471,-1,1263190
55.533843,55.494470,76.613770,33,35,68,15.52769,6.75927,1832,77139654,307801200,-1,1447698
55.611582,55.561280,77.739730,33,35,68,15.52769,7.09332,1448,77935654,306972966,-1,1300076
55.690114,55.644810,78.531300,33,35,68,15.52769,7.51100,1488,78399500,306977018,-1,1300056
55.767543,55.728320,77.429660,33,35,68,15.52769,7.92851,1448,77444769,306977430,-1,1300056
55.846093,55.795160,78.550230,33,35,68,15.52769,8.26271,1568,77795500,306997096,-1,1263154
55.923630,55.878710,77.536610,33,35,68,15.52769,8.68047,5216,77839192,307043839,-1,1263922
56.001994,55.962210,78.363430,33,35,68,15.52769,9.09797,1448,78102346,307027732,-1,1226286
56.080103,56.029030,78.109230,33,35,68,15.52769,9.43205,2670,78170154,307025840,-1,1410782
56.158820,56.112570,78.717160,33,35,68,15.52769,9.84977,1488,78927808,307000381,-1,1410782
56.238308,56.196080,79.488190,33,35,68,15.52769,10.26733,1448,78682846,307000934,-1,1410762
56.316439,56.262900,78.131230,33,35,68,15.52769,10.60141,1448,78680538,307005022,-1,1410762
56.396162,56.346440,79.722730,33,35,68,15.52769,11.01908,1608,79242500,307030176,-1,1373860
56.474336,56.429950,78.173580,33,35,68,15.52769,11.43663,1472,77775846,307034211,-1,1374628
56.552420,56.513470,78.084150,32,36,68,15.52769,11.85424,5504,78596462,307048214,-1,1337736
56.630471,56.580290,78.051380,32,36,68,15.52769,12.18836,2670,77836461,307046977,-1,1300090
56.707687,56.663790,77.215690,32,36,68,15.52769,12.60585,1408,77125654,307032330,-1,1300090
56.784865,56.747270,77.178120,32,36,68,15.52769,13.02325,1408,77405193,307014802,-1,1263154
56.860923,56.814090,76.058310,32,36,68,15.52769,13.35734,1448,75746500,307016722,-1,1263154
56.936600,56.897600,75.676270,32,36,68,15.52769,13.77487,1408,76128077,307016674,-1,1152448
57.013913,56.964390,77.313390,33,36,69,15.52769,14.10886,2928,76990192,307900600,-1,1115546
57.090233,57.047930,76.320080,33,36,69,15.52769,14.52653,2670,75580270,307913815,-1,1115546
57.164664,57.114760,74.431380,33,36,69,15.52769,14.52653,1408,75874039,307913495,-1,1189350
57.240407,57.198280,75.742350,33,36,69,15.52769,14.52653,1408,75665577,307918932,-1,1189350
57.316239,57.265050,75.832040,33,36,69,15.52769,14.52653,1448,75769423,307909080,-1,1263154
57.392934,57.348570,76.695230,33,36,69,15.52769,14.52653,1408,76561116,307904453,-1,1189330
57.468986,57.432100,76.051540,33,36,69,15.52769,14.52653,1448,75853231,307907965,-1,1263134
57.545543,57.498920,76.557230,33,36,69,15.52769,14.52653,1488,76867269,307907761,-1,1300036
57.622859,57.582410,77.315850,33,36,69,15.52769,14.52653,1448,77290500,307911445,-1,1300036
57.700342,57.649270,77.483570,33,36,69,15.52769,14.52653,1448,77398885,307911445,-1,1300036
57.779177,57.732800,78.835190,33,36,69,15.52769,14.52653,1488,78636423,307912225,-1,1300036
57.856958,57.816310,77.780150,33,36,69,15.52769,14.52653,1448,77835346,307916085,-1,1336938
57.935671,57.883160,78.713420,33,36,69,15.52769,14.52653,1448,78538847,307916121,-1,1336938
58.014565,57.966720,78.893620,33,36,69,15.52769,14.52653,1488,78966000,307915969,-1,1447644
58.095091,58.050220,80.526040,33,36,69,15.52769,14.52653,2670,80383693,307920448,-1,1447644
58.175275,58.133770,80.184070,33,36,69,15.52769,14.52653,1832,80190307,307832022,-1,1595252
58.256189,58.200610,80.914080,33,36,69,15.52769,14.52653,1608,80856923,307060497,-1,1558350
58.336689,58.284130,80.500460,33,36,69,15.52769,14.52653,1472,80129153,307067832,-1,1596020
58.418694,58.367680,82.004460,33,36,69,15.52769,14.52653,1448,82113692,307051219,-1,1596030
58.499873,58.451190,81.179270,33,36,69,15.52769,14.52653,1488,80876039,307050035,-1,1596032
58.580817,58.534710,80.944230,33,36,69,15.52769,14.52653,5524,81207231,307073962,-1,1522228
58.661953,58.618250,81.135500,33,36,69,15.52769,14.52653,1448,81041308,307076451,-1,1484580
58.743827,58.701840,81.874460,33,36,69,15.52769,14.52653,1608,81403115,307097838,-1,1669076
58.825040,58.768660,81.213230,33,36,69,15.52769,14.52653,1472,81568193,307092097,-1,1743648
58.908037,58.852160,82.996610,33,36,69,15.52769,14.52653,1448,82748577,307092493,-1,1669856
58.990316,58.935680,82.279230,32,37,69,15.52769,14.52653,5544,82386615,307108114,-1,1743660
59.072921,59.019210,82.604270,33,37,70,15.52769,14.52653,4150,82561577,307991089,-1,1706012
59.155272,59.102780,82.351920,33,37,70,15.52769,14.52653,1408,81718577,307990882,-1,1779802
59.239081,59.186270,83.808430,33,37,70,15.52769,14.52653,1448,83867115,307977681,-1,1816704
59.323330,59.269810,84.249230,33,37,70,15.52769,14.52653,1528,84118692,307993526,-1,1816704
59.408728,59.353320,85.397460,33,37,70,15.52769,14.52653,1432,85525616,307993877,-1,1817452
59.498328,59.436860,89.600650,33,37,70,15.52769,14.52653,5152,85333885,308005460,-1,1891266
59.579780,59.520390,81.452000,33,37,70,15.52769,14.52653,1448,85006731,308028143,-1,1779816
59.665334,59.603900,85.553380,33,37,70,15.52769,14.52653,1448,85870654,308030295,-1,1964312
59.750549,59.704120,85.215310,33,37,70,15.52769,14.52653,1488,85096462,308003780,-1,2001214
59.837598,59.787650,87.048810,33,37,70,15.52769,14.52653,1568,86935731,308021137,-1,2001194
59.924949,59.871180,87.351690,33,37,70,15.52769,14.52653,1472,87093692,308030914,-1,2001962
60.012833,59.954700,87.883880,32,38,70,15.52769,14.52653,5544,87895538,308049001,-1,2001972
60.100224,60.038230,87.390850,33,38,71,15.52769,14.52653,4150,87171923,308128208,-1,1964326
60.190001,60.138440,89.776730,34,38,72,15.02668,14.52653,2928,89281577,309017319,-1,2001214
60.278728,60.221950,88.726650,34,38,72,14.60909,14.52653,1448,88872731,308991121,-1,2185724
60.368860,60.305450,90.132540,35,38,73,14.19163,14.52653,3048,89422885,309906061,-1,2185704
60.459258,60.405690,90.398040,36,38,74,13.69045,14.52653,6656,90288808,310819190,-1,2223374
60.549482,60.489190,90.224300,36,38,74,13.27295,14.52653,5168,89795346,310816279,-1,2222640
60.640511,60.572740,91.029040,37,38,75,12.85519,14.52653,4614,90626270,310795965,-1,2296450
60.735279,60.672960,94.768000,38,38,76,12.35409,14.52653,3008,95319269,311722432,-1,2222664
60.830080,60.773190,94.800840,39,38,77,11.85293,14.52653,3088,94575615,312615881,-1,2333350
60.928529,60.856740,98.449160,39,38,77,11.43521,14.52653,5368,98118000,312609424,-1,2370252
61.026204,60.956990,97.674610,40,38,78,10.93396,14.52653,8298,97780231,313629973,-1,2371022
61.129301,61.057220,103.097400,42,38,80,10.43278,14.52653,5910,102445577,314554423,-1,2370306
61.225183,61.157440,95.881880,43,38,81,9.93170,14.52653,3168,96100730,315464991,-1,2407194
61.322708,61.257690,97.524850,44,38,82,9.43044,14.52653,3248,97982308,317175187,-1,2370272
61.418692,61.357920,95.984120,45,38,83,8.92930,14.52653,3328,95930884,318397643,-1,2407136
61.512955,61.458180,94.262700,46,38,84,8.42802,14.52653,7016,93928731,319319861,-1,2407904
61.607740,61.541720,94.785190,46,38,84,8.01031,14.52653,1808,94472000,320897951,-1,2296464
61.696502,61.641950,88.761730,47,38,85,7.50912,14.52653,3752,89354923,322521836,-1,2370254
61.790111,61.725480,93.608730,47,38,85,7.09147,14.52653,1928,93704769,322512979,-1,2444038
61.906846,61.825700,116.735700,48,38,86,6.59036,14.52653,3448,116777500,323401281,-1,2444018
62.021776,61.942670,114.929500,49,38,87,6.00554,14.52653,3648,114843153,325121470,-1,2444018
62.115071,62.059590,93.295310,50,38,88,5.42090,14.52653,8438,93032500,326041659,-1,2481688
62.210629,62.143120,95.557460,50,38,88,5.00328,14.52653,2048,95560231,326019343,-1,2370248
62.305789,62.243420,95.160650,51,38,89,4.50174,14.52653,3528,95267077,326923978,-1,2333332
62.399734,62.343640,93.945040,52,38,90,4.00070,14.52653,7288,93772230,327790097,-1,2370214
62.492276,62.427150,92.541810,52,38,90,3.58315,14.52653,3310,92110961,327788040,-1,2333332
62.584776,62.527400,92.500110,53,38,91,3.08192,14.52653,7448,92623538,327915063,-1,2296448
62.681624,62.610930,96.847420,52,39,91,2.66423,14.52653,7470,96629308,327954926,-1,2223432
62.777346,62.711170,95.722730,53,39,92,2.16306,14.52653,4870,94990731,328831559,-1,2185796
62.869950,62.811440,92.603230,54,39,93,1.66170,14.52653,3728,93052192,329744338,-1,2259586
62.962764,62.894980,92.814610,54,39,93,1.24401,14.52653,2168,93014693,329741272,-1,2296468
63.058783,62.995210,96.018650,55,39,94,0.74286,14.52653,3728,95946923,330640907,-1,2296450
63.151120,63.095410,92.336850,57,39,96,0.24183,14.52653,6630,92488308,332458610,-1,2296450
63.242527,63.178940,91.407000,57,39,96,0.24183,14.52653,5976,91750846,332488223,-1,2407904
63.339201,63.279170,96.674190,58,39,97,0.24183,14.52653,3808,96703731,332567601,-1,2370268
63.433286,63.379420,94.085500,59,39,98,0.24183,14.52653,3848,93941538,333433215,-1,2407136
63.524834,63.462970,91.547580,59,39,98,0.24183,14.52653,2328,91624731,333424745,-1,2480920
63.620296,63.563190,95.461580,60,39,99,0.24183,14.52653,3928,95346346,334324353,-1,2480920
63.713969,63.646720,93.672960,60,39,99,0.24183,14.52653,2568,93599731,334354225,-1,2554724
63.809867,63.746940,95.898190,60,40,100,0.24183,14.52653,8048,95377307,335339764,-1,2555492
63.904459,63.847190,94.592420,61,40,101,0.24183,14.52653,5230,94852192,336217973,-1,2591660
63.997453,63.930740,92.993580,61,40,101,0.24183,14.52653,2448,93041769,336186204,-1,2665450
64.097241,64.030990,99.787960,62,40,102,0.24183,14.52653,5230,99720153,337091734,-1,2665430
64.194092,64.131240,96.851350,63,40,103,0.24183,14.52653,4048,96840038,337987027,-1,2702332
64.290066,64.231450,95.973730,64,40,104,0.24183,14.52653,4552,95915807,338823916,-1,2776136
64.388317,64.314980,98.251430,64,40,104,0.24183,14.52653,6296,97859462,338055028,-1,2776904
64.486227,64.415190,97.909880,65,40,105,0.24183,14.52653,8864,97913384,338947873,-1,2739268
64.581934,64.515430,95.706660,66,40,106,0.24183,14.52653,5350,95893500,339017150,-1,2849998
64.684237,64.615630,102.303200,67,40,107,0.24183,14.52653,4208,102026615,340894924,-1,2886880
64.788794,64.715860,104.557300,68,40,108,0.24183,14.52653,4208,104585154,340947325,-1,2960684
64.895989,64.816080,107.195100,69,40,109,0.24183,14.52653,4368,104537346,341924168,-1,2997586
64.998768,64.932980,102.779200,69,41,110,0.24183,14.52653,8328,105140038,343046927,-1,3072158
65.103008,65.033190,104.239600,70,41,111,0.24183,14.52653,5510,104175539,343909336,-1,3145228
65.208791,65.133410,105.783200,72,41,113,0.24183,14.52653,5808,105820769,344868914,-1,3218998
65.316856,65.233670,108.064400,73,41,114,0.24183,14.52653,4368,107965423,345770090,-1,3329684
65.424866,65.350580,108.010000,74,41,115,0.24183,14.52653,4488,107962385,346826377,-1,3366586
65.532833,65.450790,107.967000,75,41,116,0.24183,14.52653,4856,107703962,346885563,-1,3441158
65.642640,65.567700,109.807400,76,41,117,0.24183,14.52653,8152,109910153,346189130,-1,3367364
65.749471,65.667880,106.831200,77,41,118,0.24183,14.52653,4568,106575615,346281600,-1,3403522
65.857031,65.784770,107.559700,78,41,119,0.24183,14.52653,4568,107689654,346360885,-1,3440390
65.966978,65.884960,109.946800,79,41,120,0.24183,14.52653,4768,109566307,348083612,-1,3477292
66.074599,66.001880,107.621000,79,42,121,0.24183,14.52653,9950,107677115,348216910,-1,3662570
66.186334,66.102110,111.735700,80,42,122,0.24183,14.02540,5910,110975539,348310398,-1,3624934
66.298946,66.219030,112.611500,81,42,123,0.24183,13.44080,4688,112261153,349980985,-1,3772528
66.409037,66.335950,110.090700,81,42,123,0.24183,12.85625,3248,109811192,349975333,-1,3957038
66.526574,66.436170,117.537300,81,42,123,0.24183,12.35510,3368,117968962,350004805,-1,4030822
66.645784,66.553080,119.209600,81,42,123,0.24183,11.77058,7056,118805423,350846190,-1,4105394
66.767829,66.670040,122.045700,81,42,123,0.24183,11.18578,3712,122037538,350745147,-1,4215366
66.890175,66.803680,122.345800,81,42,123,0.24183,10.51757,3408,122575308,349921945,-1,4289156
67.017719,66.920590,127.544300,81,42,123,0.24183,9.93299,3368,127160847,349928156,-1,4362940
67.145244,67.054240,127.524300,81,42,123,0.24183,9.26476,4750,126396884,349960976,-1,4399842
67.270145,67.171160,124.901500,82,42,124,0.24183,8.68017,8616,126020231,350081394,-1,4437512
67.395138,67.304820,124.992800,82,42,124,0.24183,8.01182,3408,124827769,350068117,-1,4473680
67.524824,67.421790,129.685700,82,42,124,0.24183,7.42697,3368,129798269,350055397,-1,4621254
67.654273,67.555480,129.449700,82,42,124,0.24183,6.75853,3528,129054962,350877232,-1,4621254
67.779253,67.689140,124.979500,81,43,124,0.24183,6.09022,7872,125271269,350833120,-1,4769630
67.934745,67.806080,155.491900,81,43,124,0.24183,5.50550,8310,155379038,350032350,-1,4695092
68.061435,67.973140,126.690300,81,43,124,0.24183,4.67018,8270,126407269,350019266,-1,4805804
68.193016,68.090090,131.580800,81,43,124,0.24183,4.08546,4746,131694923,350048719,-1,4842706
68.324718,68.223750,131.702300,81,43,124,0.24183,3.41714,7096,131644077,350084403,-1,4843472
68.447142,68.357370,122.424000,81,43,124,0.24183,2.74907,3408,122383384,349704904,-1,4805836
68.624697,68.474290,177.554400,81,43,124,0.24183,2.16449,3368,177289769,349681003,-1,4842704
68.749395,68.658060,124.698700,81,43,124,0.24183,1.24565,3528,124908269,350481055,-1,4805802
68.871836,68.775010,122.441100,81,43,124,0.24183,0.66089,7096,121913615,350512602,-1,4843432
68.995127,68.908710,123.291100,81,43,124,0.24183,-0.00759,3408,123637384,350483002,-1,4879600
69.125534,69.025660,130.407100,81,43,124,0.24183,-0.59234,4586,130009384,350457832,-1,4842664
69.249736,69.159300,124.201700,81,43,124,0.24183,-0.59234,3528,125247154,350488342,-1,4805762
69.372963,69.276280,123.226600,81,44,125,0.24183,-0.59234,8968,122899115,350610401,-1,4917236
69.498961,69.409950,125.998500,81,44,125,0.24183,-0.59234,4970,126020500,350490448,-1,4879600
69.622212,69.526900,123.250300,81,44,125,0.24183,-0.59234,3328,123278616,349662184,-1,4842684
69.745970,69.660580,123.758300,81,44,125,0.24183,-0.59234,3488,123749423,349681198,-1,4879566
69.868799,69.777530,122.829000,81,44,125,0.24183,-0.59234,7096,122526885,349718922,-1,4917236
69.997258,69.894490,128.458900,81,44,125,0.24183,-0.59234,3408,128441807,350505034,-1,4916502
70.124053,70.028180,126.795300,81,44,125,0.24183,-0.59234,4586,126716153,350472553,-1,5064096
70.298345,70.161840,174.291600,81,44,125,0.24183,-0.59234,3528,174072423,350495905,-1,5100978
70.431605,70.328900,133.259800,80,45,125,0.24183,-0.59234,7448,133207769,350528493,-1,5101746
70.653969,70.462550,222.364500,80,45,125,0.24183,-0.59234,4586,222355461,350501014,-1,5064096
70.780827,70.679700,126.858300,80,45,125,0.24183,-0.59234,3488,126993346,350499087,-1,5137880
70.968797,70.813320,187.970200,80,45,125,0.24183,-0.59234,7056,187678923,350531100,-1,5175550
71.099463,70.997050,130.666000,80,45,125,0.24183,-0.59234,3752,130525000,350407895,-1,5137914
71.228562,71.130630,129.098100,80,45,125,0.24183,-0.59234,4546,129296692,349588077,-1,5100978
71.355445,71.264250,126.883100,80,45,125,0.24183,-0.59234,7168,126463346,349626454,-1,5100978
71.484183,71.381160,128.738100,80,46,126,0.24183,-0.59234,8928,128775000,349756791,-1,5175570
71.615173,71.514780,130.990500,80,46,126,0.24183,-0.59234,12002,130980923,349753123,-1,5137934
71.747992,71.648410,132.818600,80,46,126,0.24183,-0.59234,3288,132828962,349730171,-1,5211744
71.880132,71.782030,132.139700,80,46,126,0.24183,-0.59234,3448,132079462,349755061,-1,5211744
72.015902,71.915660,135.770500,80,46,126,0.24183,-0.59234,7056,135504884,350585229,-1,5212512
72.144984,72.049310,129.082400,80,46,126,0.24183,-0.59234,4970,129062115,350475402,-1,5248680
72.277265,72.182940,132.280500,80,46,126,0.90997,-0.59234,10688,131538384,349679421,-1,5248646
72.410977,72.316590,133.712200,80,46,126,1.57823,-0.59234,7168,133795846,349718355,-1,5322430
72.562562,72.450250,151.585300,79,47,126,2.24654,-0.59234,7408,151873346,349752242,-1,5360120
72.771617,72.600610,209.055100,79,47,126,2.99835,-0.59234,8226,209056192,349734242,-1,5322484
72.954103,72.801100,182.485700,79,47,126,4.00079,-0.59234,3328,181796769,349711291,-1,5285568
73.093288,72.984920,139.184700,79,47,126,4.91992,-0.59234,3408,139880230,349705198,-1,5211764
73.325658,73.118600,232.370400,79,47,126,5.58828,-0.59234,8658,231377153,349619467,-1,5064864
73.452621,73.352490,126.963100,79,47,126,6.75775,-0.59234,3328,126806962,348761767,-1,4731992
73.575738,73.486210,123.116700,80,47,127,7.42631,-0.59234,4928,123025423,348862756,-1,4326036
73.693651,73.603160,117.912800,80,47,127,8.01110,-0.59234,7056,117433154,348825459,-1,4031588
73.806072,73.720130,112.421100,80,47,127,8.59592,-0.59234,3288,112724039,348861331,-1,3772540
73.914926,73.837080,108.854200,80,47,127,9.18069,-0.59234,3328,108663423,348816763,-1,3588016
74.020735,73.954080,105.809000,80,47,127,9.76567,-0.59234,3328,105460193,348810435,-1,3071368
74.122399,74.054340,101.664100,80,47,127,10.26698,-0.59234,4706,102217384,348790377,-1,2702348
74.218075,74.154580,95.675610,80,47,127,10.76816,-0.59234,3736,95416615,348700852,-1,2481704
74.311655,74.254840,93.579690,80,47,127,11.26946,-0.59234,7072,93431000,347914610,-1,2186498
74.403323,74.338390,91.668580,80,47,127,11.68724,-0.59234,3328,92041192,347898680,-1,1853636
74.490005,74.438630,86.682190,80,47,127,12.18842,-0.59234,3328,86245731,347880001,-1,1816700
74.575003,74.522170,84.997340,80,47,127,12.60613,-0.59234,3368,85230269,347879229,-1,1595288
74.657073,74.605710,82.070580,80,47,127,13.02379,-0.59234,3328,81679462,347876733,-1,1373876
74.736752,74.689220,79.678770,80,47,127,13.44138,-0.59234,3328,79921770,347880189,-1,1078660
74.815033,74.772760,78.280430,80,47,127,13.85907,-0.59234,3368,78312654,347873393,-1,857248
74.888959,74.839560,73.926000,80,47,127,14.19310,-0.59234,3328,73537846,347873481,-1,783444
74.962156,74.923080,73.197500,80,47,127,14.61069,-0.59234,3328,73349192,347873221,-1,783444
75.035032,74.989890,72.875690,80,47,127,14.94474,-0.59234,3368,73076884,347870101,-1,414424
75.105596,75.073410,70.564500,80,47,127,15.36235,-0.59234,4546,69581962,347861885,-1,340600
75.173065,75.140230,67.468310,80,47,127,15.36235,-0.59234,3328,68992499,347867493,-1,340600
75.242143,75.207010,69.078690,80,47,127,15.36235,-0.59234,3368,69024808,347866494,-1,340600
75.310512,75.273800,68.368310,80,47,127,15.36235,-0.59234,3328,68296808,347866866,-1,340600
75.380063,75.340600,69.551610,80,47,127,15.36235,-0.59234,3328,69432962,347861830,-1,340600
75.448472,75.407390,68.409190,80,47,127,15.36235,-0.59234,3368,68390116,347861594,-1,414404
75.518137,75.474190,69.664230,80,47,127,15.36235,-0.59234,3328,69368731,347861526,-1,414404
75.589016,75.557700,70.879580,81,47,128,15.36235,-0.59234,4848,71049423,348749846,-1,414404
75.660084,75.624500,71.067700,81,47,128,15.36235,-0.59234,3368,70970577,348750438,-1,525110
75.731296,75.691300,71.211850,81,47,128,15.36235,-0.59234,3328,71145308,348748698,-1,598914
75.803215,75.758130,71.919190,81,47,128,15.36235,-0.59234,3328,71817500,348748246,-1,746522
75.875653,75.841670,72.438500,81,47,128,15.36235,-0.59234,3368,72257077,348749814,-1,746522
75.948485,75.908490,72.831340,81,47,128,15.36235,-0.59234,3328,72729308,348750262,-1,746522
76.022746,75.975300,74.261420,81,47,128,15.36235,-0.59234,3368,74314269,348750494,-1,746522
76.096161,76.058820,73.414460,81,47,128,15.36235,-0.59234,4626,73189269,348749621,-1,820326
76.170427,76.125690,74.266850,81,47,128,15.36235,-0.59234,3368,74167000,348750245,-1,820326
76.244866,76.209240,74.438460,81,47,128,15.36235,-0.59234,3368,74307730,348750006,-1,894130
76.319930,76.276080,75.064230,81,47,128,15.36235,-0.59234,3528,74805038,348771694,-1,894130
76.396098,76.359630,76.167470,81,47,128,15.36235,-0.59234,3392,76127500,348778885,-1,1042506
76.471864,76.426460,75.765920,81,47,128,15.36235,-0.59234,3368,75587384,348762532,-1,1190124
76.548899,76.509990,77.035540,81,47,128,15.36235,-0.59234,3408,77003384,348757712,-1,1190126
76.627595,76.576850,78.696040,81,47,128,15.36235,-0.59234,7444,78557615,348786519,-1,1190126
76.707180,76.660410,79.585000,81,47,128,15.36235,-0.59234,3368,79603423,348786374,-1,1226282
76.785364,76.743930,78.183690,81,47,128,15.36235,-0.59234,3408,78156808,348786056,-1,1336988
76.865063,76.810780,79.699390,81,47,128,15.36235,-0.59234,3488,79779308,348789777,-1,1336974
76.945998,76.894320,80.934840,81,47,128,15.36235,-0.59234,3392,80500615,348829739,-1,1411546
77.027550,76.977830,81.552150,80,48,128,15.36235,-0.59234,7464,81548077,348811346,-1,1411556
77.108456,77.061350,80.905850,80,48,128,15.36235,-0.59234,4546,81025038,348800539,-1,1521518
77.191066,77.144860,82.610190,80,48,128,15.36235,-0.59234,3328,82561731,348799972,-1,1632210
77.273698,77.228440,82.631810,80,48,128,15.36235,-0.59234,3368,82337000,348782157,-1,1632210
77.359265,77.311980,85.567380,80,48,128,15.36235,-0.59234,3448,85868846,348794628,-1,1632210
77.444931,77.395580,85.665960,80,48,128,15.36235,-0.59234,3352,85293500,348801275,-1,1780566
77.530510,77.479100,85.578960,80,48,128,15.36235,-0.59234,7072,85796385,348817218,-1,1854380
77.618259,77.562600,87.748660,81,48,129,15.36235,-0.59234,4848,87352153,349700012,-1,1816734
77.706001,77.646100,87.741960,81,48,129,15.36235,-0.59234,3328,87889577,349700829,-1,2148838
77.795492,77.746350,89.491000,81,48,129,15.36235,-0.59234,3368,89420346,349674377,-1,2296446
77.886755,77.829870,91.263040,81,48,129,15.36235,-0.59234,3448,90905884,349725176,-1,2370230
77.979453,77.913380,92.698070,81,48,129,15.36235,-0.59234,3352,92331961,349732943,-1,2370998
78.072643,78.013620,93.190190,80,49,129,15.36235,-0.59234,8682,93355231,349743992,-1,2518616
78.169487,78.097120,96.843460,80,49,129,15.36235,-0.17481,4546,95325923,349710562,-1,2407166
78.262304,78.197330,92.816810,80,49,129,15.36235,0.32623,3328,93765808,349711818,-1,2591662
78.357658,78.297590,95.354350,80,49,129,15.36235,0.82751,3368,94521270,349686224,-1,2739250
78.454973,78.381130,97.315540,80,49,129,15.36235,1.24523,3448,97095692,349733953,-1,2665446
78.552148,78.481350,97.174270,80,49,129,15.36235,1.74628,7056,97408077,349803879,-1,2740018
78.650446,78.581590,98.298230,80,49,129,15.36235,2.24749,3368,97967846,349793640,-1,2702382
78.747123,78.681850,96.677380,80,49,129,15.36235,2.74877,7392,96866346,349704235,-1,2813074
78.844880,78.782070,97.757000,80,49,129,15.36235,3.24988,3368,97653730,348899322,-1,2813094
78.942748,78.882320,97.867840,80,49,129,15.36235,3.75112,3448,97804462,348866602,-1,2886878
79.041364,78.982590,98.616310,80,49,129,15.36235,4.25247,7096,98470693,348906796,-1,2887646
79.139984,79.066170,98.619190,80,49,129,15.36235,4.67035,8486,98737769,348965344,-1,2850010
79.239218,79.166390,99.233890,80,49,129,15.36235,5.17147,3328,99384846,348883438,-1,2886918
79.338946,79.266660,99.728000,80,49,129,15.36235,5.67283,3368,99578192,348940715,-1,2960722
79.440357,79.366890,101.411400,80,49,129,15.36235,6.17398,3328,100742923,348884428,-1,2886898
79.541431,79.467130,101.073800,80,49,129,15.36235,6.67519,3488,100525500,348966825,-1,3034506
79.641955,79.567350,100.523900,81,49,130,15.36235,7.17628,8576,100705846,349028316,-1,2961450
79.746126,79.667610,104.171500,81,49,130,15.36235,7.67755,3752,103391847,348984032,-1,2923814
79.848214,79.784550,102.087900,81,49,130,15.36235,8.26222,3328,102711269,348152973,-1,2960702
79.950378,79.884770,102.164000,81,49,130,15.36235,8.76331,3368,102192000,348154045,-1,2886858
80.050425,79.985020,100.047000,81,49,130,15.36235,9.26457,3448,100127808,348175875,-1,3034466
80.152783,80.085260,102.357700,81,49,130,15.36235,9.76577,8354,102292731,348207589,-1,2924528
80.255163,80.185480,102.380500,81,49,130,15.36235,10.26688,3368,102122885,348192234,-1,2849990
80.354220,80.285700,99.056380,81,49,130,15.36235,10.76797,3408,99407577,348163078,-1,2776172
80.455154,80.385960,100.934300,81,49,130,15.36235,11.26928,3368,100678269,348163958,-1,2776152
80.555909,80.486180,100.755200,81,49,130,15.36235,11.77041,3528,100547961,348191052,-1,2739250
80.654211,80.586380,98.301770,81,49,130,15.36235,12.27140,7096,98005616,348223087,-1,2813822
80.751894,80.686630,97.682580,81,49,130,15.36235,12.77265,3408,97774654,348209676,-1,2702382
80.849089,80.786830,97.195770,81,49,130,15.36235,13.27365,3368,97482692,348179230,-1,2702368
80.946762,80.887050,97.672810,81,49,130,15.36235,13.77477,3408,97917423,348178638,-1,2628544
81.043471,80.970570,96.709080,81,49,130,15.36235,14.19237,3368,96485769,348181166,-1,2480936
81.138735,81.070830,95.263460,81,49,130,15.36235,14.69367,4706,95322500,348211003,-1,2444034
81.233727,81.171050,94.991880,81,49,130,15.36235,14.69367,3432,95495654,348182860,-1,2370998
81.327093,81.271240,93.365880,80,50,130,15.36235,14.69367,7424,93483769,348208804,-1,2407910
81.421390,81.354740,94.297000,80,50,130,15.36235,14.69367,4546,94085576,348194455,-1,2370264
81.517180,81.454930,95.790770,80,50,130,15.36235,14.69367,3368,95382269,348216709,-1,2480936
81.611870,81.555130,94.689840,80,50,130,15.36235,14.69367,3328,94930653,348220686,-1,2628544
81.708893,81.638610,97.023310,81,50,131,15.36235,14.69367,4848,96824577,349119182,-1,2591642
81.807229,81.738820,98.335810,81,50,131,15.36235,14.69367,3368,97795346,349128982,-1,2886858
81.905072,81.839000,97.843190,81,50,131,15.36235,14.69367,3328,98498500,349132494,-1,2923760
82.004382,81.939220,99.309620,81,50,131,15.36235,14.69367,3368,98897116,349130758,-1,2960662
82.106582,82.039430,102.199900,81,50,131,15.36235,14.69367,4546,102455346,349130665,-1,2997564
82.208253,82.139640,101.671500,81,50,131,15.36235,14.69367,3528,101588770,349156240,-1,3108250
82.310672,82.239820,102.418600,81,50,131,15.36235,14.69367,3392,102045423,349168784,-1,3109018
82.415533,82.340030,104.860900,81,50,131,15.36235,14.69367,3408,104908154,349160643,-1,3145930
82.518637,82.440280,103.103700,81,50,131,15.36235,14.69367,7444,103130730,349181086,-1,3330440
82.624596,82.557150,105.959400,81,50,131,15.36235,14.69367,3408,105749346,349193271,-1,3218990
82.729919,82.657360,105.322700,81,50,131,15.36235,14.69367,3488,105396308,349200708,-1,3477290
82.837777,82.757550,107.858300,81,50,131,15.36235,14.69367,3432,107322769,349210667,-1,3478058
82.943702,82.874480,105.924700,80,51,131,15.36235,14.69367,7424,106081308,349228540,-1,3478068
83.054345,82.974670,110.643500,80,51,131,15.36235,14.69367,4970,110616692,349130685,-1,3477324
83.162728,83.091640,108.382500,80,51,131,15.36235,14.69367,4546,108150154,348321757,-1,3588016
83.273431,83.191880,110.702800,80,51,131,15.36235,14.69367,3488,110918385,348341311,-1,3551114
83.383270,83.308860,109.839200,80,51,131,15.36235,14.69367,3352,109657384,348353367,-1,3662568
83.494587,83.409070,111.317400,79,52,131,15.36235,14.69367,7424,111394077,348381980,-1,3773284
83.606964,83.525990,112.377200,79,52,131,15.36235,14.69367,4506,112143538,348378029,-1,3846344
83.721070,83.642940,114.105400,80,52,132,15.36235,14.69367,4848,114101692,349249653,-1,3920134
83.834762,83.759840,113.691900,80,52,132,15.36235,14.69367,3408,113612038,349278232,-1,4215330
83.952252,83.860110,117.489900,80,52,132,15.36235,14.69367,7056,116671192,349314584,-1,4289902
84.070438,83.977010,118.186600,80,52,132,15.36235,14.69367,3288,118463500,349303737,-1,4326070
84.189128,84.110660,118.690300,80,52,132,15.36235,14.69367,4546,119064923,349276264,-1,4399860
84.308873,84.227600,119.744400,80,52,132,14.77765,14.69367,3328,119000615,349290560,-1,4473644
84.429920,84.344540,121.046800,80,52,132,14.19292,14.69367,3488,120868654,349330055,-1,4731958
84.555315,84.461460,125.395200,80,52,132,13.60833,14.69367,10736,124888885,350179190,-1,5101746
84.683942,84.595090,128.626800,80,52,132,12.94024,14.69367,3752,128879038,350864331,-1,5285542
84.818049,84.712040,134.107800,80,52,132,12.35547,14.69367,7008,134001577,352466907,-1,5396214
84.954895,84.845640,136.845500,80,52,132,11.68743,14.69367,7428,136490730,352504411,-1,5506940
85.099781,84.979250,144.885900,80,52,132,11.01941,14.69367,7152,144868154,353347800,-1,5470826
85.239042,85.129580,139.261100,80,52,132,10.26777,14.69367,12734,139169654,354034161,-1,5433190
85.373445,85.263210,134.403500,80,52,132,9.59962,14.69367,3328,134551038,353196186,-1,5285608
85.506309,85.413520,132.863800,80,52,132,8.84804,14.69367,3488,133220192,354016658,-1,5211764
85.641188,85.530430,134.879200,79,53,132,8.26350,14.69367,7408,133840769,354054061,-1,4991100
85.822470,85.680760,181.282000,80,53,133,7.51187,14.69367,6066,181572846,354115581,-1,4842738
85.948952,85.847810,126.481900,80,53,133,6.67659,14.69367,3288,125925731,354065857,-1,4658194
86.071256,85.981410,122.303800,80,53,133,6.00856,14.69367,3448,122624539,354084507,-1,4399840
86.191880,86.098320,120.623800,80,53,133,5.42405,14.69367,8234,120460923,354112826,-1,4253000
86.309105,86.215260,117.225400,80,53,133,4.83935,14.69367,3368,116972962,354085299,-1,3993952
86.423971,86.332190,114.865900,80,53,133,4.25469,14.69367,3328,115217077,354059261,-1,3883212
86.537679,86.449150,113.707700,80,53,133,3.66989,14.69367,3368,113926154,354911676,-1,3735604
86.648666,86.566070,110.987000,80,53,133,3.08529,14.69367,3448,110758884,354890038,-1,3661800
86.759576,86.683040,110.909800,80,53,133,2.50043,14.69367,3392,110587154,354888465,-1,3514960
86.867256,86.783280,107.680100,79,54,133,1.99927,14.69367,7384,107848807,354892020,-1,3367362
86.973753,86.900210,106.497600,79,54,133,1.41463,14.69367,4546,106263769,354883742,-1,3255892
87.079058,87.000430,105.305200,79,54,133,0.91351,14.69367,4506,105022423,354863944,-1,3182074
87.182169,87.117340,103.110900,79,54,133,0.91351,14.69367,3328,104207846,354872705,-1,3145172
87.285677,87.217560,103.507200,79,54,133,0.91351,14.69367,3672,103444116,354783598,-1,3145172
87.389878,87.317780,104.201700,79,54,133,0.91351,14.69367,3328,104148461,353993154,-1,3108270
87.493050,87.418000,103.171900,79,54,133,0.91351,14.69367,3288,103049731,353994330,-1,3145172
87.597547,87.518240,104.496600,79,54,133,0.91351,14.69367,3448,104421461,354011663,-1,3218976
87.701996,87.635180,104.449000,79,54,133,0.91351,14.69367,3312,104239962,354023439,-1,3256626
87.807582,87.735410,105.585800,80,54,134,0.91351,14.69367,4848,105617538,354899594,-1,3293538
87.912625,87.835630,105.043900,80,54,134,0.91351,14.69367,7364,104989884,354925514,-1,3367342
88.018729,87.952590,106.103200,80,54,134,0.91351,14.69367,3328,105909423,354937260,-1,3329696
88.125084,88.052830,106.355300,80,54,134,0.91351,14.69367,4626,106184308,354945401,-1,3514192
88.232603,88.153030,107.518900,80,54,134,0.91351,14.69367,3352,107504884,354961732,-1,3514960
88.340179,88.269950,107.575700,79,55,134,0.91351,14.69367,7384,107628077,354983558,-1,3588774
88.448071,88.370200,107.892700,79,55,134,0.91351,14.69367,4546,107630462,354979424,-1,3588030
88.556231,88.487150,108.159500,79,55,134,0.91351,14.69367,3672,108269269,354871477,-1,3661820
88.666098,88.587390,109.867200,79,55,134,0.91351,14.69367,3448,109835923,354091183,-1,3698722
88.776508,88.704330,110.410300,79,55,134,0.91351,14.69367,3312,110117076,354102350,-1,3699470
88.887296,88.804590,110.787900,79,55,134,0.91351,14.69367,7032,110883230,354122238,-1,3736382
88.998266,88.921530,110.970000,79,55,134,0.91351,14.69367,3288,110729115,354126209,-1,3735638
89.110206,89.038450,111.940100,79,55,134,0.91351,14.69367,4546,112047923,354105876,-1,3883232
89.222399,89.138670,112.192600,79,55,134,0.91351,14.69367,3408,111861961,354132873,-1,3957016
89.336194,89.255600,113.795000,78,56,134,0.91351,14.69367,7408,113710192,354178506,-1,3994686
89.450055,89.372500,113.861500,78,56,134,0.91351,14.69367,4466,113859038,354166127,-1,3993952
89.566841,89.489410,116.786000,78,56,134,0.91351,14.69367,3288,113693192,354146152,-1,4141546
89.680999,89.589630,114.157800,78,56,134,0.91351,14.69367,3248,117057654,354143897,-1,4141546
89.797513,89.706570,116.513200,78,56,134,0.91351,14.69367,3408,116676847,354170277,-1,4215330
89.916270,89.823510,118.757200,79,56,135,0.91351,14.69367,8496,118382692,354300046,-1,4253000
90.034298,89.940420,118.028600,79,56,135,0.91351,14.69367,3672,118073693,354185547,-1,4289168
90.156821,90.074040,122.522700,80,56,136,0.91351,14.69367,5986,122496384,354269004,-1,4362938
90.271546,90.190990,114.725500,80,56,136,0.91351,14.10893,6968,113613962,353893875,-1,4547448
90.391863,90.307960,120.316500,80,56,136,0.91351,13.52411,3408,120561346,353921025,-1,4584370
90.513257,90.424890,121.394300,80,56,136,0.91351,12.93946,7056,121074538,353944212,-1,4622040
90.635417,90.541800,122.159400,80,56,136,0.91351,12.35490,11044,122161730,353943674,-1,4584404
90.758780,90.658780,123.362900,81,56,137,0.91351,11.77005,8568,123454270,354033851,-1,4732018
90.882915,90.792420,124.135900,81,56,137,0.91351,11.10183,7008,124081808,354047343,-1,4805842
91.008606,90.909340,125.690400,81,56,137,0.91351,10.51722,3872,125546154,354771928,-1,4990372
91.135534,91.042990,126.928100,81,56,137,0.91351,9.84898,11954,126579539,354022744,-1,4917316
91.261957,91.159930,126.423000,82,56,138,0.91351,9.26431,9148,126733923,354900965,-1,4953504
91.388265,91.293590,126.307700,82,56,138,0.91351,8.59597,3368,125912577,354864672,-1,5064196
91.522077,91.427230,133.812300,82,56,138,0.91351,7.92780,3528,133442116,354877171,-1,5211764
91.650623,91.560900,128.546300,82,56,138,0.91351,7.25948,7096,128728269,354896752,-1,5286316
91.789015,91.677860,138.392000,83,56,139,0.91351,6.67465,4968,138600653,355773099,-1,5248660
91.917736,91.828250,128.720400,84,56,140,0.91351,5.92275,4928,128576885,355881714,-1,5433156
92.054460,91.945210,136.723800,84,56,140,0.91351,5.33791,3568,136760307,355895072,-1,5506920
92.185522,92.078870,131.062000,83,57,140,0.91351,4.66967,8706,130733462,355932731,-1,5544570
92.322801,92.212550,137.279400,84,57,141,0.91351,4.00126,6186,137275038,356014971,-1,5506934
92.454044,92.346220,131.242600,84,57,141,0.91351,3.33287,3448,131025730,355983068,-1,5580724
92.589648,92.479890,135.604500,84,57,141,0.91351,2.66455,3608,135840576,356001500,-1,5617606
92.722564,92.613550,132.916200,84,57,141,0.91351,1.99625,3472,132787346,356006393,-1,5692178
92.875781,92.747220,153.216900,85,57,142,0.91351,1.32790,8752,153160692,356898812,-1,5655286
93.012523,92.914320,136.742000,85,57,142,0.91351,0.49236,3488,136510846,356898508,-1,5654522
93.146276,93.048000,133.752400,85,57,142,0.91351,-0.17606,4746,134034654,357677694,-1,5728312
93.282715,93.181660,136.439200,85,57,142,0.91351,-0.17606,3488,137070500,357690164,-1,5802116
93.423113,93.315340,140.398100,86,57,143,0.91351,-0.17606,5088,140294769,358576773,-1,5802116
93.560958,93.449010,137.845500,86,57,143,0.91351,-0.17606,3528,137518000,358563826,-1,5802116
93.697836,93.599380,136.877700,86,57,143,0.91351,-0.17606,3688,137039577,358583777,-1,5838998
93.834714,93.733060,136.877400,86,57,143,0.91351,-0.17606,3936,136721384,359300152,-1,5839766
93.969121,93.866710,134.407600,87,58,145,0.91351,-0.17606,11076,134454654,360291146,-1,5839776
94.105901,94.000380,136.780200,87,58,145,0.91351,-0.17606,4746,136548077,360287242,-1,5949738
94.247626,94.134020,141.724300,87,58,145,0.91351,-0.17606,3688,141742269,360292756,-1,6023528
94.398593,94.284360,150.967600,87,58,145,0.91351,-0.17606,3552,150768884,360300970,-1,6098100
94.545566,94.434720,146.972300,88,58,146,0.91351,-0.17606,8872,147152923,361202364,-1,6098110
94.695977,94.585080,150.411100,88,58,146,0.91351,-0.17606,3608,149869269,361186564,-1,6134268
94.835297,94.735430,139.320700,88,58,146,0.91351,-0.17606,3768,139849385,361193396,-1,6208038
95.031964,94.869070,196.666900,87,59,146,0.91351,-0.17606,7688,196432308,361226656,-1,6245708
95.179595,95.069540,147.630800,88,59,147,0.91351,-0.17606,6386,147486808,361298302,-1,6208072
95.410458,95.219880,230.862500,88,59,147,0.91351,-0.17606,3608,230979500,362067475,-1,6208058
95.550265,95.437090,139.807500,88,59,147,0.91351,-0.17606,3768,139874577,362091780,-1,6244940
95.729481,95.587430,179.215700,89,59,148,0.91351,-0.17606,9280,178423615,362957924,-1,6208806
95.871823,95.754510,142.342400,89,59,148,0.91351,-0.17606,3688,142584923,362142711,-1,6171150
96.013580,95.904890,141.756800,90,59,149,0.91351,-0.17606,5168,141892770,363811916,-1,6208038
96.155210,96.038540,141.630200,90,59,149,0.91351,-0.17606,5026,141571923,363833405,-1,6392548
96.310596,96.188900,155.385500,90,60,150,1.66526,-0.17606,9288,154563346,364777512,-1,6430218
96.460423,96.339240,149.827100,90,60,150,2.41698,-0.17606,4906,149735346,364746958,-1,6429484
96.643183,96.489590,182.760200,90,60,150,3.16874,-0.17606,7368,182491731,364728266,-1,6466352
96.797649,96.673340,154.466000,90,60,150,4.08746,-0.17606,4232,154077807,364657643,-1,6466372
96.948028,96.823720,150.379400,91,60,151,4.83933,-0.17606,16692,150629615,363999822,-1,6356434
97.092412,96.974040,144.383100,91,60,151,5.59097,-0.17606,7448,144505807,363982589,-1,6134328
97.266926,97.124400,174.514800,91,60,151,6.34279,-0.17606,4946,174428115,363957630,-1,5912902
97.405045,97.291440,138.118500,91,60,151,7.17795,-0.17606,3888,137855961,363952946,-1,5691490
97.538997,97.441750,133.951900,92,60,152,7.92954,-0.17606,9016,133802307,364861541,-1,5249414
97.666611,97.575380,127.614200,92,60,152,8.59767,-0.17606,3808,127732884,364810223,-1,4658248
97.789524,97.692300,122.913200,92,60,152,9.18225,-0.17606,3768,122389615,364740862,-1,4473664
97.907980,97.825900,118.455500,92,60,152,9.85026,-0.17606,3928,117713077,364755862,-1,3957016
98.021155,97.942850,113.175100,94,60,154,10.43503,-0.17606,10960,112858577,366331491,-1,3736372
98.128625,98.059760,107.470300,94,60,154,11.01958,-0.17606,5066,107918769,365511715,-1,3403520
98.232356,98.159970,103.731200,94,60,154,11.52061,-0.17606,3808,103855961,365473616,-1,2886878
98.331796,98.260180,99.439190,94,60,154,12.02167,-0.17606,3848,99400346,365431338,-1,2665446
98.426711,98.360400,94.915500,94,60,154,12.52278,-0.17606,3928,94981884,365450984,-1,2222622
98.517339,98.460620,90.628310,94,61,155,13.02388,-0.17606,9528,90873154,365576725,-1,1928174
98.603873,98.544150,86.533730,94,61,155,13.44154,-0.17606,5066,85874538,365553545,-1,1890538
98.690104,98.627690,86.230850,94,61,155,13.85919,-0.17606,3848,85941846,365519270,-1,1410798
98.770437,98.727910,80.332730,94,61,155,14.36034,-0.17606,3888,80551500,365517939,-1,1189366
98.846909,98.794740,76.472420,94,61,155,14.69446,-0.17606,3848,76901000,365516207,-1,967954
98.922003,98.878260,75.093460,94,61,155,15.11206,-0.17606,3888,74507846,365514183,-1,783444
98.995692,98.945060,73.688960,94,61,155,15.44607,-0.17606,4048,74160000,365539181,-1,562032
99.066710,99.028590,71.018810,95,61,156,15.86376,-0.17606,6650,70900038,366428119,-1,341388
99.134408,99.095410,67.697390,95,61,156,15.86376,-0.17606,3888,68662846,366415958,-1,415202
99.204348,99.162240,69.939890,95,61,156,15.86376,-0.17606,7632,69865846,366435537,-1,415204
99.274444,99.229060,70.096530,95,61,156,15.86376,-0.17606,3888,70064923,366425337,-1,377536
99.344504,99.312600,70.059460,95,61,156,15.86376,-0.17606,3888,69847654,366420811,-1,414438
99.415175,99.379440,70.671150,95,61,156,15.86376,-0.17606,3928,70731308,366403028,-1,414424
99.485240,99.446270,70.065500,95,61,156,15.86376,-0.17606,4048,70036269,366424758,-1,488228
99.556845,99.513080,71.604960,95,61,156,15.86376,-0.17606,3952,71523538,366430371,-1,488996
99.628967,99.596660,72.121650,95,62,157,15.86376,-0.17606,9544,71908462,367356820,-1,710420
99.700632,99.663480,71.665460,95,62,157,15.86376,-0.17606,5106,71684615,367328444,-1,746576
99.774735,99.730350,74.102420,95,62,157,15.86376,-0.17606,3888,73940615,367329110,-1,783478
99.848973,99.813890,74.238540,95,62,157,15.86376,-0.17606,3928,74077576,367310696,-1,931072
99.924174,99.880720,75.201120,95,62,157,15.86376,-0.17606,3888,74694423,367311352,-1,857268
99.999265,99.964250,75.090770,96,62,158,15.86376,-0.17606,5408,75443539,367442671,-1,931072
100.074259,100.031100,74.994310,96,62,158,15.86376,-0.17606,5306,74860577,367474144,-1,931052
100.151636,100.114600,77.376270,97,62,159,15.86376,-0.17606,5856,77256308,367480279,-1,1005624
100.228146,100.181500,76.510380,97,62,159,15.86376,-0.17606,3928,76442808,366667495,-1,1079438
100.305504,100.265000,77.357800,97,62,159,15.86376,-0.17606,7672,77438116,366688021,-1,1153244
100.383474,100.331800,77.969960,97,62,159,15.86376,-0.17606,3928,77624808,366678689,-1,1337008
100.464657,100.415300,81.182730,97,62,159,15.86376,-0.17606,3968,80839462,366678543,-1,1373890
100.541934,100.498900,77.277500,97,62,159,15.86376,-0.17606,4008,77540769,366661252,-1,1595288
100.625481,100.582400,83.547310,97,62,159,15.86376,-0.17606,4128,83597461,366687966,-1,1669092
100.709762,100.666000,84.280080,98,62,160,15.86376,-0.17606,5552,84127346,366779029,-1,1743664
100.794622,100.749500,84.860770,97,63,160,15.86376,-0.17606,8104,84751154,366797841,-1,1891282
100.880671,100.833100,86.048540,97,63,160,15.86376,-0.17606,5186,86085154,366793686,-1,1927440
100.966742,100.916600,86.070850,97,63,160,15.86376,-0.17606,3968,85419961,366788023,-1,2038132
101.052491,101.000100,85.748850,97,63,160,15.86376,-0.17606,5226,86094385,366760806,-1,2038132
101.141944,101.083700,89.453500,97,63,160,15.86376,-0.17606,4088,89199615,366782308,-1,2038112
101.233311,101.167200,91.366580,98,63,161,15.86376,-0.17606,5552,91129885,367707011,-1,2112684
101.321751,101.267400,88.440850,98,63,161,15.86376,-0.17606,8136,88847692,367592413,-1,2297204
101.413189,101.351000,91.437540,98,63,161,15.86376,-0.17606,4008,91241616,366822558,-1,2333362
101.516265,101.451300,103.075700,98,63,161,15.86376,-0.17606,4008,103135461,366773192,-1,2444054
101.608954,101.551500,92.689310,98,63,161,15.86376,-0.17606,4048,92384538,366792979,-1,2665466
101.705133,101.635100,96.179230,98,63,161,15.86376,-0.17606,4168,95999231,366820993,-1,2591642
101.803264,101.735400,98.130770,98,64,162,15.86376,-0.17606,9648,98238769,367748137,-1,2740018
101.899119,101.835600,95.854970,98,64,162,15.86376,-0.17606,5266,95337653,367734013,-1,2886892
101.998532,101.935900,99.412540,98,64,162,15.86376,-0.17606,4008,99384462,367718294,-1,2997584
102.098469,102.036100,99.937310,99,64,163,15.86376,-0.17606,6786,99852577,368630155,-1,3071388
102.200425,102.136400,101.955800,99,64,163,15.86376,0.32532,4128,100827231,368619415,-1,3182074
102.304957,102.236700,104.532600,100,64,164,15.86376,0.82692,13016,103869923,369602117,-1,3256646
102.407171,102.337000,102.213500,100,64,164,15.86376,1.32808,4048,103020077,369586581,-1,3329736
102.510392,102.437200,103.221000,100,64,164,15.86376,1.82927,4472,103122077,369464077,-1,3440428
102.616955,102.537400,106.563500,100,64,164,15.86376,2.33044,4088,105267154,368673693,-1,3366604
102.723848,102.654400,106.893000,100,64,164,15.86376,2.91513,7928,108003962,368712131,-1,3440408
102.829944,102.754600,106.096300,99,65,164,15.86376,3.41621,8208,106032385,368760702,-1,3588804
102.938522,102.854800,108.577400,99,65,164,15.86376,3.91721,5346,108702885,368748355,-1,3551168
103.046170,102.971700,107.647900,99,65,164,15.86376,4.50185,4088,107135846,368708258,-1,3735664
103.154407,103.071900,108.237700,99,65,164,15.86376,5.00296,5346,108619269,368715762,-1,3661820
103.266380,103.188800,111.973000,99,65,164,15.86376,5.58746,4208,111351270,368747841,-1,3661820
103.377504,103.305700,111.123200,99,66,165,15.86376,6.17210,9728,110866270,368885335,-1,3957804
103.489967,103.406000,112.462900,99,66,165,15.86376,6.67337,5650,112584615,368765780,-1,3920168
103.603218,103.523000,113.251700,99,66,165,15.86376,7.25816,4088,112905769,367941804,-1,3957036
103.716194,103.639900,112.976000,99,66,165,15.86376,7.84285,4048,113089000,367950261,-1,4030820
103.829827,103.740100,113.632400,99,66,165,15.86376,8.34397,4208,113629539,368771423,-1,4067722
103.942883,103.857100,113.056800,100,66,166,15.86376,8.92888,9336,112884692,369696931,-1,4068490
104.056579,103.974100,113.695500,100,66,166,15.86376,9.51372,4128,113599269,369682468,-1,4067756
104.172666,104.091000,116.087400,100,66,166,15.86376,10.09829,5306,116097500,370448524,-1,3993938
104.283441,104.207900,110.774700,100,66,166,15.86376,10.68297,4128,111002615,370450036,-1,3957016
104.399187,104.308200,115.745700,100,66,166,15.86376,11.18424,4248,115285538,370470951,-1,3846310
104.510338,104.425200,111.151500,99,67,166,15.86376,11.76926,8632,111245884,370426281,-1,3662568
104.621881,104.542100,111.543100,99,67,166,15.86376,12.35402,5306,111329654,369608361,-1,3551128
104.728058,104.659100,106.177100,99,67,166,15.86376,12.93879,4128,106198884,369579022,-1,3661800
104.835230,104.759300,107.172100,99,67,166,15.86376,13.44009,4088,107139846,369579903,-1,3366584
104.940856,104.859600,105.625500,99,67,166,15.86376,13.94127,4248,105643961,369601197,-1,3292780
105.045587,104.976500,104.730800,100,67,167,15.86376,14.52616,6016,104392731,369606679,-1,3219744
105.150379,105.076800,104.792500,100,67,167,15.86376,15.02736,9050,104606846,368833837,-1,3035244
105.252896,105.177000,102.517000,100,67,167,15.86376,15.02736,4088,103758192,368830627,-1,2886892
105.351337,105.294000,98.440460,100,67,167,15.86376,15.02736,4128,98299346,368821195,-1,3034466
105.452909,105.377500,101.572000,100,67,167,15.86376,15.02736,4088,101597346,368824251,-1,3145172
105.557134,105.477700,104.225500,100,67,167,15.86376,15.02736,4128,104263692,368838387,-1,3218976
105.660989,105.594700,103.855100,100,67,167,15.86376,15.02736,4288,103681730,368868733,-1,3403486
105.765436,105.695000,104.446700,100,67,167,15.86376,15.02736,4152,104127154,368872284,-1,3478058
105.870831,105.795200,105.395300,100,67,167,15.86376,15.02736,4168,105521153,368858939,-1,3478068
105.978889,105.895500,108.058000,99,68,167,15.86376,15.02736,8556,108001692,368879791,-1,3514950
106.089458,106.012500,110.568600,100,68,168,15.86376,15.02736,6866,110437884,368971144,-1,3514206
106.197588,106.129400,108.130100,100,68,168,15.86376,15.02736,4592,107675961,368890949,-1,3698702
106.307017,106.229700,109.428700,100,68,168,15.86376,15.02736,4152,109575961,368104373,-1,3699470
106.415965,106.346700,108.948600,100,68,168,15.86376,15.02736,7792,109070269,368119912,-1,3699480
106.527469,106.446900,111.503700,100,68,168,15.86376,15.02736,4128,111233231,368124290,-1,3698736
106.638360,106.563900,110.891300,100,68,168,15.86376,15.02736,4128,111061346,368116341,-1,3883232
106.750920,106.664100,112.559500,100,68,168,15.86376,15.02736,4288,112521230,368139162,-1,3920134
106.865027,106.781100,114.107100,100,68,168,15.86376,15.02736,4152,113860500,368152785,-1,4068490
106.980016,106.898000,114.989400,99,69,168,15.86376,15.02736,8224,114995346,368175984,-1,4142304
107.097662,107.015000,117.645400,99,69,168,15.86376,15.02736,5306,117501038,368179753,-1,4141560
107.214243,107.131900,116.581300,100,69,169,15.86376,15.02736,5648,116060731,368248799,-1,4436762
107.333377,107.248800,119.134200,100,69,169,15.86376,15.02736,4208,119624961,368287478,-1,4510546
107.453503,107.365800,120.125300,100,69,169,15.86376,15.02736,7856,119885346,368323218,-1,4695824
107.575642,107.482700,122.139000,100,69,169,15.86376,15.02736,4088,121965462,368311571,-1,4731992
107.698297,107.616300,122.655500,100,69,169,15.86376,15.02736,4552,122836307,368193191,-1,4805782
107.822738,107.733300,124.441100,100,69,169,15.86376,15.02736,4128,124413731,367400967,-1,4731958
107.947515,107.850200,124.776400,100,69,169,15.86376,15.02736,4288,124541538,367433145,-1,4916468
108.074550,107.983900,127.035600,99,70,169,15.86376,15.02736,8208,126909577,367485530,-1,4991040
108.201904,108.100800,127.353700,99,70,169,15.86376,15.02736,5346,127289346,367456574,-1,5285522
108.333855,108.234500,131.951400,100,70,170,15.19545,15.02736,5608,130593384,368343678,-1,5174782
108.465449,108.368100,131.594100,100,70,170,14.52714,15.02736,11608,132047808,369199043,-1,5543802
108.602194,108.501800,136.744300,100,70,170,13.85874,15.02736,8076,136562192,370846837,-1,5987434
108.745824,108.635500,143.630600,100,70,170,13.19017,15.02736,4512,143751808,372403916,-1,6355720
108.891108,108.786000,145.283800,100,70,170,12.43800,15.02736,7904,145426539,372327017,-1,6429510
109.046411,108.919700,155.303300,100,70,170,11.76950,15.02736,4288,155190730,373149883,-1,6614020
109.200117,109.070100,153.705400,100,70,170,11.01736,15.02736,12754,153924539,373972710,-1,6540984
109.398205,109.237200,198.087900,100,70,170,10.18180,15.02736,4168,197147692,374742415,-1,6318818
109.546194,109.421000,147.989200,100,70,170,9.26275,15.02736,4248,148232923,374738101,-1,6208078
109.692407,109.571500,146.213500,100,70,170,8.51054,15.02736,7896,145916884,374756419,-1,6061238
109.836428,109.721800,144.021000,100,70,170,7.75862,15.02736,4512,143837230,374621906,-1,5802170
109.980142,109.872300,143.713800,100,70,170,7.00652,15.02736,4168,143453076,373799719,-1,5580704
110.107986,110.005900,127.843500,100,70,170,6.33832,15.02736,5466,128106500,373492295,-1,5433096
110.240993,110.139500,133.007300,100,70,170,5.67027,15.02736,7896,132553307,373514591,-1,5175550
110.368395,110.273100,127.402500,100,70,170,5.00213,15.02736,4128,127363846,373478925,-1,4879600
110.493738,110.406700,125.342200,100,70,170,4.33414,15.02736,4168,125608269,373448870,-1,4695056
110.615818,110.523700,122.080100,100,70,170,3.74959,15.02736,4248,121855193,373460867,-1,4547448
110.736478,110.640600,120.660600,100,70,170,3.16495,15.02736,4192,120702539,373462190,-1,4326804
110.855316,110.774200,118.837400,99,71,170,2.49686,15.02736,8184,118704308,373474051,-1,4216108
110.970117,110.891100,114.801300,99,71,170,1.91229,15.02736,5346,114850269,373447905,-1,4067756
111.084549,111.008000,114.431800,99,71,170,1.32782,15.02736,5306,114568692,373425585,-1,3957016
111.196283,111.108200,111.734600,100,71,171,1.32782,15.02736,5768,112481462,373548265,-1,3846310
111.309756,111.225200,113.472400,100,71,171,1.32782,15.02736,4112,113319115,373551513,-1,3847078
111.422533,111.342100,112.777000,100,71,171,1.32782,15.02736,7832,112883461,373554251,-1,3920892
111.536046,111.459100,113.513700,100,71,171,1.32782,15.02736,4088,112906692,373545449,-1,3920148
111.648622,111.576000,112.575900,100,71,171,1.32782,15.02736,4128,113044115,373527234,-1,3957016
111.762571,111.676200,113.948500,100,71,171,1.32782,15.02736,4248,113845154,373550135,-1,4067722
111.877620,111.793200,115.049100,100,71,171,1.32782,15.02736,4192,114849808,374354134,-1,4105392
111.992181,111.910100,114.561400,99,72,171,1.32782,15.02736,8184,114549654,374369754,-1,4142304
112.107046,112.027100,114.864400,99,72,171,1.32782,15.02736,5346,114706000,374349940,-1,4178462
112.224256,112.144100,117.210400,99,72,171,1.32782,15.02736,4088,116739192,374336829,-1,4215330
112.339763,112.261000,115.506800,100,72,172,1.32782,15.02736,5768,115858192,374456757,-1,4326036
112.457082,112.377900,117.319100,100,72,172,1.32782,15.02736,4112,117199308,374458524,-1,4400608
112.575521,112.494900,118.439300,100,72,172,1.32782,15.02736,8216,118164385,374379706,-1,4437520
112.694161,112.611800,118.640200,100,72,172,1.32782,15.02736,4088,118781770,373577853,-1,4473678
112.812295,112.728700,118.133400,100,72,172,1.32782,15.02736,4168,118140115,373555374,-1,4584350
112.932705,112.845600,120.410300,100,72,172,1.32782,15.02736,4248,120332846,373579421,-1,4621252
113.054959,112.962600,122.253300,99,73,172,1.32782,15.02736,8248,121941193,373618639,-1,4658922
113.176091,113.079600,121.132700,99,73,172,1.32782,15.02736,5306,121011616,373602060,-1,4695090
113.297301,113.213200,121.209600,99,73,172,1.32782,15.02736,4128,121400577,373571765,-1,4842684
113.421140,113.330100,123.839400,99,73,172,1.32782,15.02736,4088,123750154,373573254,-1,4916468
113.546196,113.447000,125.056200,99,73,172,1.32782,15.02736,4248,124962731,373603033,-1,4953370
113.672632,113.580600,126.435300,99,73,172,1.32782,15.02736,8200,125859346,373539779,-1,5027942
113.799500,113.697500,126.867900,99,73,172,1.32782,15.02736,4128,127081692,372717325,-1,5101012
113.926523,113.831100,127.023700,99,73,172,1.32782,15.02736,4088,127151577,372705694,-1,5137880
114.054409,113.964700,127.885300,99,73,172,1.32782,15.02736,4248,127857577,372728083,-1,5285488
114.184093,114.081600,129.684000,98,74,172,1.32782,15.02736,9386,129410192,372768255,-1,5433864
114.316619,114.215300,132.527000,98,74,172,1.32782,14.35910,5306,131551423,372755004,-1,5396228
114.448586,114.348900,131.966800,98,74,172,1.32782,13.69078,7728,131982692,372739945,-1,5506920
114.581710,114.482600,133.123500,99,74,173,1.32782,13.02234,9408,133246616,372864768,-1,5691430
114.718345,114.616300,136.635700,99,74,173,1.32782,12.35413,11840,135622923,372827818,-1,5766022
114.852831,114.749900,134.485600,99,74,173,1.32782,11.68587,7768,134826539,372027360,-1,5802210
114.990002,114.883600,137.170700,99,74,173,1.32782,11.01755,7728,137624731,372011372,-1,5912922
115.128654,115.017300,138.652200,99,74,173,1.32782,10.34917,5466,138187115,372026727,-1,5986726
115.269542,115.167700,140.888100,99,74,173,1.32782,9.59713,11496,141027076,372063345,-1,6061278
115.410131,115.301400,140.588600,99,74,173,1.32782,8.92866,4128,140412923,372028907,-1,6171250
115.552393,115.435100,142.262000,99,74,173,1.32782,8.26017,7768,141529423,372013012,-1,6245000
115.694689,115.585400,142.296000,99,74,173,1.32782,7.50824,4248,143076308,372026465,-1,6318804
115.838841,115.719100,144.152200,99,74,173,1.32782,6.83972,11496,143607192,372069645,-1,6356454
115.982283,115.869500,143.442200,99,74,173,1.32782,6.08781,4512,143526961,371943703,-1,6392642
116.126131,116.019900,143.847900,99,74,173,1.32782,5.33579,5306,144126461,371128536,-1,6466392
116.269702,116.153600,143.570700,99,74,173,1.32782,4.66728,4248,143416116,371140201,-1,6577098
116.413972,116.304000,144.270100,99,74,173,1.32782,3.91538,7816,144036653,371175594,-1,6577846
116.559122,116.437700,145.150600,99,74,173,1.32782,3.24709,4128,144794000,371139577,-1,6577112
116.703067,116.588000,143.945000,100,74,174,1.32782,2.49539,5608,144445230,372004062,-1,6613960
116.847001,116.738300,143.934200,100,74,174,1.32782,1.74376,4248,143506923,372028281,-1,6650862
116.992180,116.872000,145.179000,100,74,174,1.32782,1.07559,4112,144952462,372038896,-1,6725434
117.138175,117.022300,145.994600,99,75,174,1.32782,0.32380,9402,146015615,372045440,-1,6873052
117.288322,117.172700,150.147400,99,75,174,1.32782,0.32380,5306,150929308,372041019,-1,6872288
117.442646,117.323100,154.324000,99,75,174,1.32782,0.32380,4248,154623077,372044276,-1,6909176
117.592105,117.473400,149.458600,99,75,174,1.32782,0.32380,4112,149162807,372044043,-1,6909944
117.743501,117.623800,151.395500,99,75,174,1.32782,0.32380,7832,151478000,372053201,-1,6873052
117.891657,117.774100,148.156900,99,75,174,1.32782,0.32380,4088,147584539,372035721,-1,6909210
118.039610,117.924400,147.952900,99,75,174,1.32782,0.32380,4248,148388654,372039978,-1,6872274
118.187083,118.074700,147.472700,99,75,174,1.32782,0.32380,5330,147267423,372049095,-1,6909944
118.335567,118.225100,148.484100,98,76,174,1.32782,0.32380,8184,148539884,372069034,-1,6909954
118.483949,118.375400,148.382300,98,76,174,1.32782,0.32380,5266,148046462,372052428,-1,6872308
118.633830,118.509000,149.880300,98,76,174,1.32782,0.32380,4208,150054346,372856428,-1,6909176
118.781950,118.659300,148.120600,99,76,175,1.32782,0.32380,9296,147984192,373772626,-1,7020650
118.939539,118.809600,157.588600,99,76,175,1.32782,0.32380,4472,157100269,373664117,-1,6983014
119.090593,118.976600,151.054700,99,76,175,1.32782,0.32380,4048,151477307,372835866,-1,6983000
119.240878,119.126900,150.284900,99,76,175,1.32782,0.32380,5426,150244193,372861858,-1,7019882
119.399314,119.277200,158.435300,98,77,175,1.32782,0.32380,8168,158244923,372893970,-1,7020650
119.551773,119.427500,152.459000,98,77,175,1.32782,0.32380,5306,151547384,372864224,-1,7019916
119.705400,119.577800,153.627500,98,77,175,1.32782,0.32380,4048,150909885,372849626,-1,7093686
119.892620,119.728100,187.219900,98,77,175,1.32782,0.32380,4208,190723077,372866811,-1,7056784
120.052225,119.928600,159.605300,97,78,175,1.32782,0.32380,8168,159148692,372898136,-1,7057552
120.298487,120.078900,246.262000,98,78,176,1.32782,0.32380,7130,246500115,372854438,-1,7019882
120.449269,120.329600,150.781500,98,78,176,2.58090,0.32380,7848,150133692,372093341,-1,6982980
120.601940,120.479900,152.671300,98,78,176,3.33265,0.32380,11416,152283769,372138676,-1,7094474
120.763063,120.630200,161.122800,99,78,177,4.08430,0.32380,9288,160389731,372212340,-1,7130662
120.950733,120.797300,187.669700,100,78,178,4.91962,0.32380,12928,188739500,373110439,-1,7204452
121.112943,120.981000,162.210300,100,78,178,5.83830,0.32380,12492,161491538,373053447,-1,7130688
121.412150,121.148100,299.207200,100,78,178,6.67356,0.32380,8994,299109615,372255509,-1,6688652
121.559759,121.448700,147.608900,100,78,178,8.17683,0.32380,7848,147302346,372200820,-1,6208138
121.700558,121.599000,140.798600,100,78,178,8.92819,0.32380,4632,141348538,372080528,-1,5359352
121.828153,121.732600,127.594900,100,78,178,9.59615,0.32380,7896,126956808,371258038,-1,4917256
121.951759,121.866300,123.606300,100,78,178,10.26439,0.32380,4128,123726269,371252184,-1,4289188
122.066964,121.983100,115.205000,100,78,178,10.84879,0.32380,4168,115169116,371179500,-1,3957036
122.178571,122.100000,111.606800,100,78,178,11.43319,0.32380,5466,110954462,371196874,-1,3440388
122.284206,122.216900,105.634800,99,79,178,12.01759,0.32380,8248,106058307,371228398,-1,3072136
122.383337,122.317100,99.131460,100,79,179,12.51857,0.32380,6826,99258000,371258892,-1,2517872
122.478186,122.417300,94.849040,100,79,179,13.01955,0.32380,4128,94660961,371224293,-1,2259544
122.569562,122.517500,91.375890,100,79,179,13.52069,0.32380,4088,91277346,371220470,-1,1964308
122.657219,122.601100,87.656850,100,79,179,13.93838,0.32380,4208,86740038,371240682,-1,1816700
122.741592,122.684600,84.373340,100,79,179,14.35600,0.32380,4152,85196462,371245801,-1,1448448
122.822080,122.768100,80.487190,100,79,179,14.77374,0.32380,4128,80441269,371226492,-1,1153242
122.898901,122.851700,76.821620,100,79,179,15.19146,0.32380,7832,76770115,371247491,-1,1005636
122.974197,122.935200,75.296110,100,79,179,15.60932,0.32380,4168,75036038,371235845,-1,598968
123.046074,123.002100,71.876300,100,79,179,15.94353,0.32380,5346,71656039,371234637,-1,562032
123.116583,123.085600,70.509000,100,79,179,15.94353,0.32380,4128,71768500,371221997,-1,414424
123.187257,123.152500,70.674270,100,79,179,15.94353,0.32380,4168,70397884,371226926,-1,414424
123.257380,123.219400,70.123000,100,79,179,15.94353,0.32380,4128,70296961,371227350,-1,414424
123.328253,123.286200,70.873270,100,79,179,15.94353,0.32380,4128,70787654,371216502,-1,562032
123.399257,123.353100,71.003810,100,79,179,15.94353,0.32380,4288,70943384,371237054,-1,635836
123.471208,123.436700,71.951230,100,79,179,15.94353,0.32380,4152,71777077,371244125,-1,636604
123.544347,123.503500,73.138620,100,79,179,15.94353,0.32380,4128,73216000,371227604,-1,784222
123.617886,123.570400,73.539120,100,79,179,15.94353,0.32380,4168,73269000,371214261,-1,931832
123.693417,123.653900,75.531540,99,80,179,15.94353,0.32380,8556,75632615,371249464,-1,931812
123.768440,123.720800,75.022420,99,80,179,15.94353,0.32380,5306,74936576,371243902,-1,967968
123.842951,123.804400,74.511570,99,80,179,15.94353,0.32380,4128,74178693,371244640,-1,1078674
123.919743,123.871200,76.791730,100,80,180,15.94353,0.32380,6112,76667423,371246646,-1,1078660
123.996911,123.954700,77.168230,100,80,180,15.94353,0.32380,4112,77073077,370460813,-1,1079428
124.073849,124.021600,76.938120,100,80,180,15.94353,0.32380,5346,76931462,370452039,-1,1227046
124.151002,124.105100,77.152110,99,81,180,15.94353,0.32380,8144,77076192,370484869,-1,1374656
124.230075,124.188600,79.073270,99,81,180,15.94353,0.32380,5266,78790384,370488559,-1,1337008
124.310228,124.255500,80.152960,99,81,180,15.94353,0.32380,4088,80349769,370492952,-1,1595308
124.391902,124.339000,81.674080,99,81,180,15.94353,0.32380,4088,81705654,370480287,-1,1595308
124.476216,124.422500,84.313800,100,81,181,15.94353,0.32380,5728,84016192,371389635,-1,1595308
124.559209,124.506000,82.993230,100,81,181,15.94353,0.32380,4152,82901961,371394298,-1,1780566
124.643720,124.589600,84.510850,99,82,181,15.94353,0.32380,8144,84689000,371412788,-1,1928184
124.729847,124.673100,86.127660,99,82,181,15.94353,0.32380,5266,86113423,371415613,-1,1964342
124.816435,124.756700,86.587110,99,82,181,15.94353,0.32380,4088,86333154,371414846,-1,1927426
124.906405,124.856900,89.970610,100,82,182,15.94353,0.32380,5568,89690192,372281070,-1,2075034
124.993674,124.940400,87.268580,100,82,182,15.94353,0.32380,4208,87532615,372307288,-1,2333328
125.084694,125.024000,91.019960,100,82,182,15.94353,0.32380,5370,90651269,372317470,-1,2334096
125.176430,125.124200,91.736230,100,82,182,15.94353,0.32380,7792,91634269,372332942,-1,2407910
125.270626,125.207800,94.196080,100,82,182,15.94353,0.32380,4088,93846962,372331393,-1,2444068
125.363584,125.308000,92.958270,100,82,182,15.94353,0.32380,4552,93091615,372247965,-1,2554760
125.458961,125.391600,95.377190,100,82,182,15.94353,0.32380,4128,95476846,371425062,-1,2628544
125.554167,125.491900,95.205810,100,82,182,15.94353,0.32380,4248,94795692,371490519,-1,2776152
125.651182,125.592100,97.014500,99,83,182,15.94353,0.32380,8248,96503308,371537279,-1,2924528
125.750711,125.675700,99.529040,99,83,182,15.94353,0.32380,5306,99597115,371526311,-1,2960696
125.848347,125.775900,97.635770,99,83,182,15.94353,0.32380,4472,98059154,371420930,-1,3218996
125.948143,125.876200,99.796690,99,83,182,15.94353,0.32380,4128,99177808,370612535,-1,3145192
126.051108,125.976400,102.964700,99,83,182,15.94353,0.32380,4088,103451923,370618679,-1,3145172
126.156160,126.076700,105.052500,100,83,183,15.94353,0.32380,6986,104349000,371531374,-1,3366584
126.260864,126.193600,104.703500,100,83,183,15.94353,0.90838,7816,103934346,371578349,-1,3625666
126.367819,126.293900,106.955300,100,83,183,15.94353,1.40975,4512,106861807,371508109,-1,3661834
126.475463,126.394100,107.644200,100,83,183,15.94353,1.91079,7768,107745308,370699109,-1,3698702
126.585266,126.511000,109.802900,100,83,183,15.94353,2.49561,4128,108736269,370703268,-1,3772526
126.693760,126.611300,108.494000,100,83,183,15.94353,2.99679,7928,109095538,370753122,-1,3772526
126.803333,126.728200,109.573000,100,83,183,15.94353,3.58164,15612,108914269,370825669,-1,3699510
126.913850,126.828500,110.516400,100,83,183,15.94353,4.08285,4128,110960462,370817426,-1,3735718
127.022750,126.945400,108.900100,100,83,183,15.94353,4.66763,4168,108630692,370792865,-1,3920214
127.134568,127.062400,111.817700,100,83,183,15.94353,5.25225,9026,112088000,370811433,-1,3920194
127.247140,127.162600,112.571900,100,83,183,15.94353,5.75347,4288,112410962,370826788,-1,4067822
127.361569,127.279500,114.429000,100,83,183,15.94353,6.33817,8240,113474538,370766595,-1,4068570
127.475585,127.396500,114.016900,100,83,183,15.94353,6.92274,4168,114379192,369952932,-1,4030934
127.588442,127.513400,112.856500,100,83,183,15.94353,7.50744,4128,112912000,369904471,-1,4067802
127.703170,127.613600,114.728300,100,83,183,15.94353,8.00858,4168,115005846,369909176,-1,4067742
127.818934,127.730600,115.763700,100,83,183,15.94353,8.59328,4248,115846423,369932478,-1,4141546
127.933117,127.847500,114.183500,99,84,183,15.94353,9.17800,8248,114033115,369963393,-1,4068510
128.048943,127.964400,115.825400,99,84,183,15.94353,9.76266,5306,115564885,369941620,-1,3920148
128.164067,128.081400,115.124000,99,84,183,15.94353,10.34758,5346,115293423,369927826,-1,3993918
128.277762,128.198400,113.694800,99,84,183,15.94353,10.93236,4088,113728961,369929155,-1,4141526
128.393164,128.315300,115.402600,100,84,184,15.94353,11.51721,5768,115148462,370046053,-1,4030820
128.507829,128.432300,114.665200,100,84,184,15.94353,12.10207,4112,114075499,370047708,-1,3920882
128.619776,128.532600,111.946400,100,84,184,15.94353,12.60338,7832,112317962,370051502,-1,3847088
128.731214,128.649500,111.438000,100,84,184,15.94353,13.18806,4088,111426576,370056152,-1,3698716
128.840923,128.766500,109.709500,100,84,184,15.94353,13.77304,4128,109063692,370028993,-1,3587996
128.947608,128.866800,106.684800,100,84,184,15.94353,14.27435,4128,107300500,370030009,-1,3403486
129.055874,128.983700,108.265500,100,84,184,15.94353,14.85908,4168,107863577,370025929,-1,3329682
129.160694,129.084000,104.820800,100,84,184,15.94353,15.36040,5346,104961846,370032240,-1,3071368
129.264171,129.184200,103.476800,100,84,184,15.94353,15.36040,4168,104154346,370041552,-1,2997564
129.366576,129.301100,102.405000,100,84,184,15.94353,15.36040,4128,102607808,370039117,-1,3071368
129.470126,129.401300,103.549500,100,84,184,15.94353,15.36040,4168,103536346,370043214,-1,3145152
129.571865,129.501500,101.739500,100,84,184,15.94353,15.36040,4512,101244000,369954238,-1,3403466
129.676364,129.601700,104.498800,100,84,184,15.94353,15.36040,4168,104767500,369164470,-1,3366564
129.786251,129.701900,109.886700,100,84,184,15.94353,15.36040,4128,109487346,369171862,-1,3403466
129.890920,129.818800,104.669300,100,84,184,15.94353,15.36040,4168,105017846,369183974,-1,3514172
129.997973,129.919000,107.052400,100,84,184,15.94353,15.36040,4128,106953385,369188230,-1,3624878
130.105655,130.035900,107.682200,100,84,184,15.94353,15.36040,5506,107380384,369215483,-1,3698682
130.219626,130.136100,113.971300,100,84,184,15.94353,15.36040,4152,113177923,369227258,-1,3736352
130.324814,130.253100,105.187700,100,84,184,15.94353,15.36040,4168,105942038,368876254,-1,3810166
130.435924,130.353300,111.109800,100,84,184,15.94353,15.36040,8204,110920346,368904439,-1,3883970
130.550276,130.470200,114.352200,100,84,184,15.94353,15.36040,4168,114059692,369710672,-1,3920128
130.662811,130.587100,112.535300,100,84,184,15.94353,15.36040,4248,112281500,369717075,-1,4215330
130.777540,130.687400,114.728900,100,84,184,15.94353,15.36040,4192,114934269,369722722,-1,4216098
130.893592,130.804300,116.052400,99,85,184,15.94353,15.36040,8184,116138847,369742362,-1,4216108
131.009979,130.921300,116.387100,99,85,184,15.94353,15.36040,5346,116142616,369734475,-1,4326070
131.127334,131.038300,117.355000,100,85,185,15.94353,15.36040,6826,117427961,370609866,-1,4399860
131.247514,131.155200,120.179300,100,85,185,15.94353,15.36040,4248,119953231,370629814,-1,4584370
131.370140,131.272300,122.626400,100,85,185,15.94353,15.36040,4112,122504038,370632918,-1,4658922
131.492985,131.406000,122.845100,99,86,185,15.94353,15.36040,8184,123013500,370649745,-1,4769638
131.616746,131.522900,123.760700,99,86,185,15.94353,15.36040,5306,123489153,370640186,-1,4916502
131.742320,131.656700,125.574500,100,86,186,15.94353,15.36040,5768,125416577,371531183,-1,5027174
131.870736,131.773700,128.415800,99,87,186,15.94353,15.36040,8168,128409808,371573842,-1,5138648
131.998213,131.907400,127.477100,99,87,186,15.94353,15.36040,5306,127460769,371553002,-1,5285522
132.127871,132.024400,129.657700,99,87,186,15.94353,15.36040,5266,129560077,371535794,-1,5322410
132.263918,132.158100,136.047500,100,87,187,15.27504,15.36040,5768,135144461,371653682,-1,5543822
132.397580,132.291700,133.661200,100,87,187,14.60662,15.36040,7816,133634769,371696902,-1,5987394
132.537684,132.425400,140.104200,100,87,187,13.93808,15.36040,4128,140078462,371683310,-1,6318778
132.680788,132.575800,143.104400,100,87,187,13.18613,15.36040,4472,142582077,372357699,-1,6613980
132.828936,132.709500,148.147800,100,87,187,12.51768,15.36040,7968,147129077,373187791,-1,6724666
132.978515,132.859900,149.578600,99,88,187,11.76582,15.36040,15924,150827308,374837373,-1,6762356
133.136630,133.010300,158.115100,99,88,187,11.01389,15.36040,5346,157805500,374800310,-1,6650956
133.288601,133.160600,151.971600,100,88,188,10.26205,15.36040,5992,151247885,376364254,-1,6503314
133.435088,133.327700,146.487000,100,88,188,9.42682,15.36040,4248,147358192,375585365,-1,6318804
133.581550,133.461300,146.461800,100,88,188,8.75859,15.36040,11880,146324538,375507879,-1,6098160
133.725014,133.611700,143.464100,100,88,188,8.00671,15.36040,4128,143284846,374660296,-1,5728406
133.862497,133.762000,137.482400,100,88,188,7.25506,15.36040,4128,137165692,374629917,-1,5617626
133.996073,133.895600,133.576900,100,88,188,6.58709,15.36040,4288,133795116,374639658,-1,5322410
134.126982,134.029200,130.908700,99,89,188,5.91907,15.36040,9426,130734154,374671981,-1,5175570
134.255219,134.162900,128.236300,99,89,188,5.25083,15.36040,5346,128224154,374622366,-1,4953424
134.381045,134.279800,125.826700,99,89,188,4.66621,15.36040,4088,124596115,374587442,-1,4768860
134.502386,134.413500,121.341300,100,89,189,3.99805,15.36040,5768,122364846,374692759,-1,4510546
134.621700,134.530400,119.314000,100,89,189,3.41335,15.36040,4496,119461231,374601014,-1,4363706
134.739861,134.647300,118.160100,100,89,189,2.82879,15.36040,7832,117987000,373802936,-1,4216108
134.854609,134.764200,114.748000,100,89,189,2.24416,15.36040,4088,114824038,373784934,-1,3993952
134.968025,134.881200,113.416800,100,89,189,1.65949,15.36040,4168,113037577,373762599,-1,3957016
135.080642,134.998100,112.617100,100,89,189,1.07482,15.36040,4128,112566000,373767279,-1,3846310
135.192957,135.115000,112.314500,100,89,189,0.49016,15.36040,5386,112036577,373764134,-1,3846310
135.302991,135.232000,110.034300,100,89,189,0.49016,15.36040,4128,111314884,373760334,-1,3772506
135.414974,135.332200,111.983000,100,89,189,0.49016,15.36040,4168,111881653,373752176,-1,3809408
135.526838,135.449100,111.863200,100,89,189,0.49016,15.36040,4128,111747038,373749889,-1,3846290
135.638691,135.566100,111.853300,100,89,189,0.49016,15.36040,4168,111855884,373819304,-1,3809388
135.750432,135.666400,111.741700,100,89,189,0.49016,15.36040,4512,111695384,373657348,-1,3846290
135.863217,135.783300,112.784300,100,89,189,0.49016,15.36040,4288,112644423,372884409,-1,3809388
135.975067,135.900200,111.850700,100,89,189,0.49016,15.36040,4152,111342577,372892104,-1,3847058
136.086432,136.000500,111.364400,100,89,189,0.49016,15.36040,5386,111735154,372876410,-1,3883970
136.198996,136.117400,112.564100,99,90,189,0.49016,15.36040,8556,112463692,372904997,-1,3920872
136.311564,136.234400,112.567800,99,90,189,0.49016,15.36040,5346,112277885,372902463,-1,3883226
136.423063,136.351400,111.499200,99,90,189,0.49016,15.36040,4208,111678000,372909547,-1,3957016
136.536733,136.451600,113.670300,99,90,189,0.49016,15.36040,4152,113424923,372919039,-1,4031588
136.650568,136.568600,113.834800,99,90,189,0.49016,15.36040,7792,113901769,372926566,-1,4105402
136.764829,136.685600,114.260900,100,90,190,0.49016,15.36040,5648,114022307,373814790,-1,4104658
136.877940,136.802500,113.111300,100,90,190,0.49016,15.36040,4088,113152192,373788460,-1,4289154
136.994320,136.902700,116.379300,100,90,190,0.49016,15.36040,4248,116097462,373812981,-1,4326036
137.111053,137.019700,116.732900,100,90,190,0.49016,15.36040,5330,116726923,373820951,-1,4400608
137.227279,137.136600,116.226500,99,91,190,0.49016,15.36040,8184,116367692,373836586,-1,4437520
137.346831,137.253600,119.552300,100,91,191,0.49016,15.36040,6826,119315346,374708184,-1,4473678
137.464162,137.387300,117.330500,100,91,191,0.49016,15.36040,4128,117355423,374693243,-1,4621252
137.585576,137.504200,121.414300,100,91,191,0.49016,15.36040,4208,121375615,374724369,-1,4695056
137.706914,137.621200,121.337700,100,91,191,0.49016,15.36040,7856,121110384,374755269,-1,4806530
137.829166,137.738100,122.252000,100,91,191,0.49016,15.36040,4128,122194769,374741739,-1,4842698
137.952708,137.855100,123.542400,100,91,191,0.49016,15.36040,4552,123590885,375423915,-1,4953390
138.076506,137.988800,123.797900,100,91,191,0.49016,15.36040,4128,123422346,374625139,-1,5064076
138.201352,138.105700,124.846200,100,91,191,0.49016,15.36040,5506,125097770,374648567,-1,5137880
138.330564,138.239300,129.212000,99,92,191,0.49016,14.69207,8208,128198808,374697444,-1,5175550
138.459259,138.356300,128.694900,100,92,192,0.49016,14.10729,6866,128194808,375559574,-1,5322424
138.588470,138.490000,129.210900,100,92,192,0.49016,13.43903,4088,129185731,375533659,-1,5506900
138.719784,138.623600,131.313400,100,92,192,0.49016,12.77064,7928,131581500,375571518,-1,5580704
138.854153,138.757300,134.369800,100,92,192,0.49016,12.10235,7816,133573038,375607231,-1,5729100
138.988550,138.891000,134.396500,100,92,192,0.49016,11.43404,4552,134670693,375497245,-1,5728366
139.125265,139.024600,136.715200,100,92,192,0.49016,10.76571,9286,135717231,374685653,-1,5728352
139.260197,139.158300,134.931700,100,92,192,0.49016,10.09716,4288,136232769,374713262,-1,5912862
139.396990,139.292000,136.793100,99,93,192,0.49016,9.42893,8208,136554807,374738027,-1,6061238
139.535661,139.425700,138.671100,100,93,193,0.49016,8.76029,6866,138559923,374802433,-1,5986680
139.674239,139.559400,138.578000,100,93,193,0.49016,8.09203,4088,138677000,374781311,-1,6134254
139.814390,139.709700,140.151500,100,93,193,0.49016,7.34025,4248,139962423,374795345,-1,6208058
139.955436,139.843300,141.045300,100,93,193,0.49016,6.67211,7816,140581461,374836385,-1,6245708
140.095199,139.993700,139.763700,100,93,193,0.49016,5.92027,4552,140153230,374721058,-1,6281876
140.236401,140.127400,141.201800,100,93,193,0.49016,5.25196,5346,140996538,373903514,-1,6392548
140.377874,140.261000,141.473000,100,93,193,0.49016,4.58361,4288,141163307,373927815,-1,6466352
140.520193,140.411400,142.319200,100,93,193,0.49016,3.83199,7856,142179116,373964555,-1,6540924
140.662059,140.545000,141.865300,100,93,193,0.49016,3.16381,4168,142251654,373941074,-1,6577092
140.804168,140.695300,142.108900,100,93,193,0.49016,2.41215,4128,142139423,373917411,-1,6687764
140.948794,140.829000,144.626200,100,93,193,0.49016,1.74396,4288,144151654,373939332,-1,6687764
141.092397,140.979300,143.602800,100,93,193,0.49016,0.99221,4536,143795231,373855297,-1,6688532
141.237196,141.129700,144.799000,99,94,193,0.49016,0.24047,9442,144680615,373061667,-1,6688542
141.379785,141.263300,142.589000,99,94,193,0.49016,0.24047,5306,143279654,373056690,-1,6650876
141.522577,141.413700,142.792600,100,94,194,0.49016,0.24047,5648,142948461,373129587,-1,6687764
141.665858,141.547300,143.280600,100,94,194,0.49016,0.24047,4088,143246577,373129456,-1,6724666
141.809979,141.697600,144.121100,100,94,194,0.49016,0.24047,4248,144063731,373146579,-1,6724666
141.953675,141.848000,143.695800,100,94,194,0.49016,0.24047,4112,143462653,373143410,-1,6762336
142.098583,141.981600,144.908100,100,94,194,0.49016,0.24047,8244,145038577,373157208,-1,6762326
142.244299,142.131900,145.715800,100,94,194,0.49016,0.24047,5346,145058384,373154566,-1,6724680
142.388675,142.282300,144.376400,100,94,194,0.49016,0.24047,4288,144853308,373159810,-1,6798470
142.534082,142.415900,145.406700,100,94,194,0.49016,0.24047,4152,145119000,373167790,-1,6836140
142.680177,142.566300,146.095600,99,95,194,0.49016,0.24047,8224,146204461,373178411,-1,6873052
142.827812,142.716600,147.634800,99,95,194,0.49016,0.24047,5306,147218769,373159141,-1,6798504
142.973847,142.867000,146.034800,100,95,195,0.49016,0.24047,6152,146379885,373160709,-1,6835372
143.120284,143.000600,146.436600,100,95,195,0.49016,0.24047,5330,146009692,372372317,-1,6836140
143.267962,143.150900,147.678200,100,95,195,0.49016,0.24047,7832,147469576,372378626,-1,6909954
143.415230,143.301300,147.267800,100,95,195,0.49016,0.24047,4088,147487847,372363698,-1,6872308
143.562865,143.451600,147.635600,100,95,195,0.49016,0.24047,4288,147656615,372374043,-1,6909176
143.711502,143.601900,148.637100,99,96,195,0.49016,0.24047,8208,148309808,372414984,-1,6983748
143.860384,143.735600,148.881800,99,96,195,0.49016,0.24047,5346,148844423,372397389,-1,6946112
144.008405,143.886000,148.020900,99,96,195,0.49016,0.24047,4088,148194577,372365458,-1,6983000
144.157606,144.036300,149.200800,100,96,196,0.49016,0.24047,6986,149212692,372481168,-1,7019882
144.308911,144.186700,151.305600,100,96,196,1.24209,0.24047,7816,150032808,372528927,-1,6983748
144.458572,144.337100,149.660200,100,96,196,1.99408,0.24047,4512,149815192,372414058,-1,7093720
144.611768,144.487500,153.196200,100,96,196,2.74596,0.24047,7768,153083270,371598574,-1,7204392
144.765949,144.637800,154.181300,100,96,196,3.49785,0.24047,7968,154118077,371633059,-1,7204412
144.924919,144.804900,158.970500,100,96,196,4.33331,0.24047,8116,158737307,371660168,-1,7131396
145.079280,144.955400,154.360900,100,96,196,5.08530,0.24047,11624,154462807,371663974,-1,6946138
145.231488,145.105700,152.208000,100,96,196,5.83703,0.24047,9026,151972346,371643118,-1,6909256
145.379988,145.256000,148.499500,100,96,196,6.58878,0.24047,4288,148374230,371646041,-1,6392648
145.525152,145.406400,145.164100,100,96,196,7.34053,0.24047,8240,145042039,371559211,-1,6098180
145.663647,145.556800,138.494900,100,96,196,8.09240,0.24047,4168,138425038,370727512,-1,5470092
145.794621,145.690400,130.973700,100,96,196,8.76074,0.24047,4128,131076730,370646103,-1,5137940
145.921881,145.824100,127.260500,100,96,196,9.42908,0.24047,4288,126209346,370650355,-1,4695076
146.039478,145.957700,117.597300,99,97,196,10.09725,0.24047,8208,117979384,370682171,-1,4326804
146.155095,146.074700,115.616800,99,97,196,10.68191,0.24047,5346,115099808,370645351,-1,3551128
146.260836,146.191600,105.740800,99,97,196,11.26648,0.24047,4088,106236192,370621080,-1,3292780
146.365265,146.291800,104.429300,99,97,196,11.76766,0.24047,4128,104522308,370620873,-1,2849956
146.462051,146.392000,96.786120,100,97,197,12.26881,0.24047,5728,95328077,370696454,-1,2628544
146.556410,146.492300,94.358380,100,97,197,12.76991,0.24047,4152,95418346,370706333,-1,2186488
146.645298,146.592500,88.887920,99,98,197,13.27119,0.24047,8144,89674846,370722711,-1,1817478
146.730912,146.676000,85.614620,99,98,197,13.68882,0.24047,5266,84817423,370712840,-1,1484616
146.810434,146.759600,79.521610,99,98,197,14.10639,0.24047,4088,80115154,370696841,-1,1373876
146.889406,146.843100,78.972000,99,98,197,14.52407,0.24047,4088,78836846,370699690,-1,1078660
146.967004,146.926600,77.597960,100,98,198,14.94168,0.24047,5608,77567154,371586410,-1,857248
147.039043,146.993400,72.039080,100,98,198,15.27581,0.24047,4128,71808884,371593774,-1,598934
147.109911,147.077000,70.867460,100,98,198,15.69345,0.24047,5306,70775615,371597005,-1,525130
147.179279,147.143800,69.368500,100,98,198,15.69345,0.24047,4088,70357885,371604605,-1,377522
147.248263,147.210600,68.984420,100,98,198,15.69345,0.24047,4128,68923000,371608654,-1,377522
147.318023,147.277500,69.759500,100,98,198,15.69345,0.24047,4088,69678500,371612910,-1,377522
147.387030,147.344300,69.007120,100,98,198,15.69345,0.24047,4128,68924923,371602903,-1,451326
147.456294,147.427800,69.264000,100,98,198,15.69345,0.24047,4168,69207884,371606524,-1,451306
147.536835,147.494700,80.540730,100,98,198,15.69345,0.24047,4128,80273385,371610336,-1,451306
147.607968,147.561500,71.133040,100,98,198,15.69345,0.24047,4512,71222231,371529848,-1,525110
147.678893,147.645100,70.925380,100,98,198,15.69345,0.24047,4168,70953654,370738548,-1,598914
147.750204,147.711900,71.310810,100,98,198,15.69345,0.24047,4128,71221769,370742404,-1,672718
147.822495,147.778700,72.290530,100,98,198,15.69345,0.24047,4128,72200231,370747200,-1,672718
147.894859,147.862300,72.364150,100,98,198,15.69345,0.24047,4168,72341731,370752184,-1,672718
147.967157,147.929100,72.298650,100,98,198,15.69345,0.24047,4128,72228307,370756572,-1,746522
148.040645,147.996000,73.487460,100,98,198,15.69345,0.24047,4128,73379769,370765064,-1,894130
148.115000,148.079500,74.355160,100,98,198,15.69345,0.24047,5386,74316731,370769255,-1,967934
148.190666,148.146400,75.665540,100,98,198,15.69345,0.24047,4128,75416115,370774339,-1,1189346
148.266656,148.229900,75.990070,100,98,198,15.69345,0.24047,4512,76011884,370686168,-1,1410758
148.346022,148.296800,79.365960,100,98,198,15.69345,0.24047,4288,79269577,369915756,-1,1410758
148.426020,148.380300,79.998230,100,98,198,15.69345,0.24047,4152,79698499,369930235,-1,1411526
148.505642,148.463900,79.622000,100,98,198,15.69345,0.24047,4128,79790539,369917374,-1,1411536
148.586622,148.530700,80.980080,100,98,198,15.69345,0.24047,4168,80541846,369916526,-1,1411538
148.668197,148.614300,81.574960,100,98,198,15.69345,0.24047,8204,81569462,369948436,-1,1485342
148.749066,148.697800,80.868960,100,98,198,15.69345,0.24047,4128,81112115,369952301,-1,1521498
148.831013,148.781400,81.947580,100,98,198,15.69345,0.24047,4168,81837384,369960698,-1,1558386
148.915507,148.864900,84.493920,100,98,198,15.69345,0.24047,4248,84226115,369973418,-1,1632190
149.000776,148.948500,85.268580,100,98,198,15.69345,0.24047,4152,85017769,369978121,-1,1706762
149.084915,149.032100,84.138770,99,99,198,15.69345,0.24047,9442,84367923,370009203,-1,1928184
149.171542,149.115600,86.627080,99,99,198,15.69345,0.24047,5306,86622731,370009148,-1,1964342
149.259626,149.199100,88.084150,99,99,198,15.69345,0.24047,4088,87824423,370011902,-1,2075034
149.349010,149.299400,89.383800,99,99,198,15.69345,0.24047,4128,89572539,370030954,-1,2222642
149.439269,149.382900,90.259190,99,99,198,15.69345,0.24047,4208,90126961,370013759,-1,2444054
149.532957,149.466400,93.688610,99,99,198,15.69345,0.24047,4112,93554384,370063829,-1,2444802
149.625812,149.566600,92.854390,99,100,199,15.69345,0.24047,9704,92511885,370174163,-1,2666224
149.723765,149.650200,97.953270,99,100,199,15.69345,0.24047,5270,94311693,370172940,-1,2702382
149.816661,149.750400,92.895770,99,100,199,15.69345,0.24047,4048,96446269,370151343,-1,2739272
149.912985,149.850600,96.324040,99,100,199,15.69345,0.24047,4088,95890962,370157792,-1,2886860
150.010777,149.950900,97.792470,99,100,199,15.69345,0.24047,4168,97922270,370185771,-1,2960664
150.110942,150.051100,100.164900,99,101,200,15.69345,0.24047,10950,99800539,371110874,-1,3035236
150.211689,150.134700,100.747000,99,101,200,15.69345,0.65815,5270,99851692,371101225,-1,3108306
150.312335,150.234900,100.645800,99,101,200,15.69345,1.15929,4048,100752962,371083708,-1,3292802
150.415812,150.335100,103.476600,99,101,200,15.69345,1.66035,4088,103539731,371063568,-1,3292802
150.521241,150.452000,105.429700,99,101,200,15.69345,2.24500,4168,104931884,371139693,-1,3366586
150.627082,150.552300,105.840600,100,101,201,15.69345,2.74617,9376,105676999,371273297,-1,3441158
150.731771,150.652500,104.689400,100,101,201,15.69345,3.24734,8152,104709154,371188499,-1,3477326
150.839596,150.769500,107.824400,100,101,201,15.69345,3.83233,8068,107692423,370379683,-1,3440430
150.947534,150.869800,107.938500,100,101,201,15.69345,4.33352,4088,107968077,370385431,-1,3514234
151.060825,150.986700,113.291100,100,101,201,15.69345,4.91828,4248,113231077,370417437,-1,3588038
151.161711,151.087000,100.885300,100,101,201,15.69345,5.41958,9078,100480846,370141468,-1,3884022
151.273213,151.187200,111.501800,100,101,201,15.69345,5.92078,8328,111486923,370046745,-1,3772582
151.383545,151.304100,110.332100,100,101,201,15.69345,6.50550,4128,110448269,369215729,-1,3957098
151.497425,151.421100,113.879800,100,101,201,15.69345,7.09000,7848,113939692,369218661,-1,3883274
151.610133,151.521200,112.708700,100,101,201,15.69345,7.59094,4248,112650385,369228651,-1,3957078
151.723998,151.638200,113.865000,100,101,201,15.69345,8.17565,7896,112977116,369262562,-1,3994728
151.835645,151.755100,111.646500,100,101,201,15.69345,8.76022,4512,112191500,369151975,-1,3957092
151.949483,151.871900,113.838500,100,101,201,15.69345,9.34452,4168,112122000,368319282,-1,3920176
152.060593,151.972200,111.109400,100,101,201,15.69345,9.84562,4128,112931615,368309903,-1,3846352
152.174580,152.089100,113.987100,100,101,201,15.69345,10.43014,5510,113245731,368328912,-1,3883234
152.284840,152.206000,110.260200,99,102,201,15.69345,11.01485,8208,110514769,368352715,-1,3884002
152.395571,152.323000,110.730600,99,102,201,15.69345,11.59951,5350,110704115,368319927,-1,3809444
152.505868,152.423200,110.297100,99,102,201,15.69345,12.10065,4088,110462962,368290618,-1,3735606
152.617000,152.540100,111.132700,99,102,201,15.69345,12.68547,4128,111200308,368290699,-1,3551096
152.725614,152.640400,108.613600,99,102,201,15.69345,13.18660,4208,107523308,368305885,-1,3587998
152.832886,152.757300,107.271800,100,102,202,15.69345,13.77125,5672,107644500,369193998,-1,3441158
152.938912,152.857500,106.026700,100,102,202,15.69345,14.27243,7792,106069346,369194997,-1,3293560
153.044552,152.974500,105.639800,100,102,202,15.69345,14.85734,4128,104923115,369180358,-1,3071404
153.147019,153.074800,102.466300,100,102,202,15.69345,15.35867,5310,103070076,369153028,-1,3145174
153.250044,153.175000,103.026000,100,102,202,15.69345,15.35867,4128,103955653,369163736,-1,2849958
153.349693,153.275300,99.648080,100,102,202,15.69345,15.35867,4128,99277923,369169673,-1,3071370
153.453203,153.375500,103.510300,100,102,202,15.69345,15.35867,4168,103771346,369165073,-1,3071370
153.556973,153.492500,103.770100,100,102,202,15.69345,15.35867,4128,103672615,369166529,-1,3255880
153.661221,153.592700,104.247800,100,102,202,15.69345,15.35867,4168,103951577,369159961,-1,3366586
153.767041,153.693000,105.820200,100,102,202,15.69345,15.35867,4128,105391423,369161650,-1,3477272
153.874327,153.793200,107.286000,100,102,202,15.69345,15.35867,4288,107507615,369185936,-1,3477272
153.981669,153.910200,107.341700,100,102,202,15.69345,15.35867,4536,107281384,369097647,-1,3588746
154.089662,154.010400,107.993600,100,102,202,15.69345,15.35867,5390,107909269,368289809,-1,3625658
154.197679,154.127300,108.017000,99,103,202,15.69345,15.35867,8556,108110577,368318772,-1,3810168
154.307502,154.227600,109.823100,99,103,202,15.69345,15.35867,5350,109495615,368318493,-1,3772522
154.418999,154.344500,111.496100,100,103,203,15.69345,15.35867,5728,111661076,369213832,-1,3883214
154.533057,154.444800,114.058500,100,103,203,15.69345,15.35867,4152,113628307,369223720,-1,4031590
154.646954,154.561700,113.896600,100,103,203,15.69345,15.35867,7792,113929270,369236842,-1,4179208
154.762430,154.678700,115.476900,100,103,203,15.69345,15.35867,4128,115447423,369229004,-1,4326072
154.879917,154.795700,117.486500,100,103,203,15.69345,15.35867,4088,117077000,369215693,-1,4289156
154.996467,154.912600,116.550000,100,103,203,15.69345,15.35867,4288,117041192,369232160,-1,4436764
155.115682,155.029500,119.215500,100,103,203,15.69345,15.35867,5374,118908500,369234566,-1,4474414
155.235521,155.146600,119.838800,99,104,203,15.69345,15.35867,8224,119938846,369247531,-1,4548228
155.356883,155.263500,121.362200,99,104,203,15.69345,15.35867,5310,121194423,369239273,-1,4473680
155.479735,155.397100,122.851200,99,104,203,15.69345,15.35867,4128,122830846,369223308,-1,4621254
155.604745,155.514100,125.010700,100,104,204,15.69345,15.35867,5728,125002961,369342341,-1,4879568
155.729427,155.631000,124.682000,100,104,204,15.69345,15.35867,7856,124468808,369383244,-1,5064846
155.856284,155.764700,126.856500,100,104,204,15.69345,15.35867,4088,126678192,369370013,-1,5101014
155.985557,155.881600,129.272900,100,104,204,15.69345,15.35867,4512,129269730,369245237,-1,5174804
156.115824,156.015200,130.267600,100,104,204,15.69345,15.35867,5470,130266346,368469786,-1,5248588
156.249051,156.148900,133.226300,99,105,204,15.02528,15.35867,8248,131566077,368523798,-1,5286258
156.379413,156.282500,130.362800,99,105,204,14.35707,15.35867,5310,131046231,369310075,-1,5802152
156.516145,156.416200,136.731500,99,105,204,13.68890,15.35867,4128,136807192,369279239,-1,6171158
156.656913,156.549800,140.768000,100,105,205,13.02084,15.35867,9408,140919038,370203051,-1,6503256
156.801763,156.683400,144.850100,100,105,205,12.35265,15.35867,11796,144419615,371842916,-1,6614750
156.953286,156.833700,151.522600,100,105,205,11.60097,15.35867,8248,150390769,372528989,-1,6577134
157.102353,156.984000,149.067400,100,105,205,10.84952,15.35867,4128,149929000,372497086,-1,6503316
157.251483,157.134300,149.129900,100,105,205,10.09801,15.35867,5470,149227385,373308517,-1,6318806
157.399477,157.284600,147.994400,99,106,205,9.34649,15.35867,8248,147953308,374132743,-1,6171966
157.544829,157.434900,145.351300,99,106,205,8.59505,15.35867,5310,145075346,374083445,-1,6060506
157.686786,157.568500,141.957000,99,106,205,7.92728,15.35867,4128,142293616,374838539,-1,5875942
157.825837,157.718700,139.051500,100,106,206,7.17598,15.35867,5728,138835846,375740447,-1,5691412
157.961713,157.852400,135.876200,100,106,206,6.50794,15.35867,8240,135418346,375668884,-1,5544572
158.095425,157.985900,133.712100,100,106,206,5.84000,15.35867,4088,133429538,374835622,-1,5285524
158.224951,158.119500,129.525700,100,106,206,5.17213,15.35867,5350,129511615,374802794,-1,5064078
158.351822,158.253100,126.871200,100,106,206,4.50405,15.35867,4248,127181230,374817687,-1,4842666
158.474980,158.386800,123.157300,100,106,206,3.83588,15.35867,7896,123156769,374836119,-1,4695826
158.598273,158.503700,123.293800,100,106,206,3.25119,15.35867,4128,122934807,374817913,-1,4399876
158.716998,158.637300,118.724200,100,106,206,2.58309,15.35867,4168,118960807,374774916,-1,4399862
158.835808,158.754200,118.810700,100,106,206,1.99851,15.35867,4248,118653384,374793117,-1,4178430
158.951327,158.871100,115.518600,99,107,206,1.41405,15.35867,8248,115525269,374826765,-1,4068492
159.067190,158.988000,115.862700,99,107,206,0.82951,15.35867,5694,115075077,374708985,-1,3883248
159.179902,159.104900,112.712100,99,107,206,0.24511,15.35867,5350,112739000,373877916,-1,3809430
159.290441,159.205100,110.539700,99,107,206,0.24511,15.35867,4088,111698192,373884261,-1,3772508
159.401539,159.322000,111.097900,100,107,207,0.24511,15.35867,5648,111267423,373974663,-1,3809410
159.513421,159.438900,111.881800,100,107,207,0.24511,15.35867,4088,111813461,373974503,-1,3809410
159.625288,159.539000,111.866400,100,107,207,0.24511,15.35867,4128,111818270,373969999,-1,3809410
159.736980,159.655900,111.692800,100,107,207,0.24511,15.35867,4088,111589808,373961696,-1,3846312
159.849438,159.772800,112.457400,100,107,207,0.24511,15.35867,4128,112366230,373963185,-1,3883194
159.962201,159.889700,112.763100,100,107,207,0.24511,15.35867,4128,112744423,373965913,-1,3920096
160.074688,159.989900,112.486900,100,107,207,0.24511,15.35867,4288,112446193,373989122,-1,3993900
160.188855,160.106800,114.167500,100,107,207,0.24511,15.35867,5374,113860615,373995560,-1,4031570
160.302293,160.223700,113.437700,100,107,207,0.24511,15.35867,8244,113256923,374004624,-1,4068482
160.415509,160.340600,113.216000,100,107,207,0.24511,15.35867,4128,113199038,374004891,-1,4104640
160.529574,160.440900,114.065300,100,107,207,0.24511,15.35867,4168,114214577,373988824,-1,4252234
160.645185,160.557800,115.611200,100,107,207,0.24511,15.35867,4632,115529500,373919053,-1,4289136
160.761319,160.674800,116.133800,100,107,207,0.24511,15.35867,4192,115908423,373128992,-1,4289904
160.877653,160.791800,116.333500,99,108,207,0.24511,15.35867,8184,116419539,373145765,-1,4289914
160.994061,160.908700,116.408500,99,108,207,0.24511,15.35867,5350,116193077,373127558,-1,4252268
161.109985,161.025700,115.924300,100,108,208,0.24511,15.35867,6830,115998500,373205182,-1,4326038
161.227525,161.142700,117.539900,100,108,208,0.24511,15.35867,4248,117397308,373236194,-1,4436744
161.346351,161.259600,118.826000,100,108,208,0.24511,15.35867,4112,118361230,373239294,-1,4548218
161.465653,161.376600,119.301500,99,109,208,0.24511,15.35867,8184,119665385,373259100,-1,4622032
161.586485,161.493500,120.831800,99,109,208,0.24511,15.35867,5310,120523154,373247077,-1,4658190
161.708820,161.627100,122.335000,100,109,209,0.24511,15.35867,5648,122474154,374117462,-1,4731960
161.830221,161.744000,121.401300,100,109,209,0.24511,15.35867,4208,121372923,374141766,-1,4879568
161.954312,161.860900,124.091300,99,110,209,0.24511,15.35867,8208,123813731,374182264,-1,4954140
162.079258,161.994500,124.946100,100,110,210,0.24511,15.35867,6790,124912693,374253101,-1,5027210
162.205412,162.111400,126.153800,100,110,210,0.24511,15.35867,5350,126231692,374224337,-1,5101000
162.336519,162.245100,131.106800,100,110,210,0.24511,14.69053,4208,130262115,374252089,-1,5211686
162.465945,162.362000,129.426300,100,110,210,0.24511,14.10584,7856,128800385,374292044,-1,5249356
162.597677,162.495600,131.731400,100,110,210,0.24511,13.43780,4512,131158885,374180362,-1,5359328
162.727510,162.629200,129.833200,100,110,210,0.24511,12.76966,4168,130453500,373353459,-1,5433118
162.858811,162.762900,131.301800,100,110,210,0.24511,12.10151,11608,131461731,373405299,-1,5506902
162.991178,162.896500,132.366500,100,110,210,0.24511,11.43324,8156,132377654,373436254,-1,5618416
163.125332,163.030200,134.153900,100,110,210,0.24511,10.76478,9510,133983884,373342396,-1,5617682
163.257587,163.163900,132.255500,100,110,210,0.24511,10.09640,7848,132380039,372530825,-1,5654590
163.394452,163.297500,136.864200,100,110,210,0.24511,9.42808,4248,136739616,372555814,-1,5876002
163.531962,163.431200,137.510000,100,110,210,0.24511,8.75971,7896,136864385,373368354,-1,5950574
163.667794,163.564900,135.832300,100,110,210,0.24511,8.09124,4512,136035116,373251476,-1,6060506
163.806458,163.698500,138.664500,100,110,210,0.24511,7.42315,4168,138771808,372425002,-1,6134276
163.946262,163.832100,139.803800,100,110,210,0.24511,6.75512,4248,139384923,372438112,-1,6208060
164.085173,163.982500,138.911000,100,110,210,0.24511,6.00348,7896,139166307,372474836,-1,6245710
164.226181,164.116100,141.007900,100,110,210,0.24511,5.33557,5350,140455885,372450545,-1,6281878
164.367003,164.249700,140.822000,100,110,210,0.24511,4.66742,4168,140891000,372426378,-1,6355648
164.508194,164.400000,141.191000,100,110,210,0.24511,3.91589,4248,141515038,372452072,-1,6355648
164.651001,164.533600,142.806600,99,111,210,0.24511,3.24772,8248,142197961,372493496,-1,6467122
164.792246,164.684000,141.245100,99,111,210,0.24511,2.49603,5310,141660846,372470545,-1,6503290
164.935131,164.817600,142.884700,99,111,210,0.24511,1.82788,4128,142885423,373246134,-1,6577060
165.077632,164.967900,142.501300,100,111,211,0.24511,1.07610,5608,142102923,373344051,-1,6650864
165.221397,165.101600,143.764900,100,111,211,0.24511,0.40794,5350,144140384,373350462,-1,6724668
165.364696,165.251900,143.299100,100,111,211,0.24511,0.40794,4088,143890154,373338083,-1,6724668
165.509290,165.402300,144.593800,100,111,211,0.24511,0.40794,4128,144592577,373337925,-1,6687746
165.653963,165.535900,144.673500,100,111,211,0.24511,0.40794,4128,144317654,373340169,-1,6687746
165.799313,165.686300,145.349800,100,111,211,0.24511,0.40794,4288,145548807,374160666,-1,6761550
165.943816,165.836800,144.502600,100,111,211,0.24511,0.40794,4152,144136807,374168217,-1,6836122
166.089571,165.970500,145.754900,100,111,211,0.24511,0.40794,8244,145912846,374178727,-1,6873034
166.236024,166.120900,146.453200,100,111,211,0.24511,0.40794,5350,146159807,374178949,-1,6835388
166.382392,166.271300,146.368100,100,111,211,0.24511,0.40794,4672,146502615,374087459,-1,6872276
166.529652,166.421700,147.259800,100,111,211,0.24511,0.40794,4152,147050000,373300275,-1,6799240
166.674685,166.555300,145.032800,99,112,211,0.24511,0.40794,8224,144951692,373312816,-1,6873054
166.821862,166.705700,147.177300,100,112,212,0.24511,0.40794,6830,147220923,374192745,-1,6798506
166.967917,166.856100,146.055600,100,112,212,0.24511,0.40794,4248,145866923,374201585,-1,6872276
167.115012,167.006500,147.094400,99,113,212,0.24511,0.40794,9390,147056692,374247419,-1,6909946
167.263716,167.140200,148.704600,99,113,212,0.24511,0.40794,5310,148531923,374237416,-1,6946114
167.412644,167.290500,148.927900,100,113,213,0.24511,0.40794,5608,149091346,375100746,-1,7019904
167.561718,167.440900,149.073700,100,113,213,0.24511,0.40794,4248,148997846,375124238,-1,7056786
167.712340,167.591300,150.621600,99,114,213,0.24511,0.40794,8168,150046039,375166195,-1,7020652
167.862429,167.741700,150.089800,99,114,213,0.24511,0.40794,5310,150404961,375144913,-1,7019918
168.013489,167.892000,151.059600,100,114,214,0.24511,0.40794,5608,151114153,376014002,-1,7093688
168.164427,168.042400,150.937500,100,114,214,0.24511,0.40794,5470,150723577,376043541,-1,7130590
168.316818,168.192700,152.391700,99,115,214,0.99681,0.40794,8168,151419039,376099911,-1,7131358
168.468764,168.343100,151.945400,99,115,214,1.74872,0.40794,9374,151970347,375994413,-1,7278232
168.623973,168.493500,155.209000,100,115,215,2.50066,0.40794,9288,154649615,375282933,-1,7278218
168.779894,168.660600,155.921800,100,115,215,3.33611,0.40794,4248,155903500,375310101,-1,7388944
168.940760,168.811000,160.865300,100,115,215,4.08791,0.40794,12236,160163230,375262754,-1,7205202
169.093646,168.978100,152.886700,100,115,215,4.92338,0.40794,7808,153802192,374448973,-1,6909272
169.244773,169.128400,151.126100,100,115,215,5.67535,0.40794,5350,150997308,374421895,-1,6798552
169.393466,169.278800,148.693600,100,115,215,6.42710,0.40794,4672,148276576,374326601,-1,6466414
169.535770,169.429100,142.303600,99,116,215,7.17880,0.40794,11888,142585885,373582501,-1,5950534
169.674377,169.562800,138.607400,99,116,215,7.84701,0.40794,5350,138462000,373538628,-1,5322486
169.803034,169.713100,128.656600,100,116,216,8.59870,0.40794,5608,128717692,374393009,-1,5064118
169.928018,169.830100,124.984200,100,116,216,9.18344,0.40794,4632,124926961,374284803,-1,4768882
170.051192,169.963800,123.173900,100,116,216,9.85186,0.40794,11496,122281039,373534196,-1,4105414
170.164300,170.080700,113.108600,100,116,216,10.43655,0.40794,5350,113245692,373490562,-1,3698778
170.271986,170.197600,107.685500,100,116,216,11.02125,0.40794,4128,108102115,373467039,-1,3218998
170.373357,170.297900,101.370600,100,116,216,11.52242,0.40794,4168,100781231,373466807,-1,2997586
170.473794,170.398100,100.437600,100,116,216,12.02367,0.40794,4248,100599115,373449297,-1,2628566
170.569429,170.498400,95.635270,99,117,216,12.52500,0.40794,8248,94508577,373497052,-1,2260314
170.659440,170.598600,90.010460,99,117,216,13.02624,0.40794,5310,91173076,373473380,-1,1927462
170.746066,170.698900,86.626620,99,117,216,13.52748,0.40794,4128,86863693,373433149,-1,1669134
170.829701,170.782400,83.634650,99,117,216,13.94503,0.40794,4088,83377192,373439754,-1,1521486
170.913252,170.866000,83.550810,100,117,217,14.36286,0.40794,5608,83079039,374332058,-1,1300074
170.991284,170.949500,78.032420,100,117,217,14.78057,0.40794,4128,78141847,374334498,-1,1078662
171.069136,171.016300,77.851730,100,117,217,15.11463,0.40794,5694,77698961,374257737,-1,1004858
171.143614,171.099800,74.477420,100,117,217,15.11463,0.40794,4088,75432038,373463633,-1,783446
171.218826,171.183300,75.212920,100,117,217,15.11463,0.40794,4128,75407385,373467858,-1,857250
171.292018,171.250200,73.191690,100,117,217,15.11463,0.40794,4088,72873500,373466443,-1,1004858
171.365924,171.317000,73.905580,100,117,217,15.11463,0.40794,4128,73947539,373466003,-1,1004838
171.441810,171.400500,75.886690,100,117,217,15.11463,0.40794,4168,75737500,373469884,-1,1004838
171.519019,171.467300,77.208270,100,117,217,15.11463,0.40794,4128,77117154,373474052,-1,1078642
171.596546,171.550800,77.526850,100,117,217,15.11463,0.40794,4128,77458961,373479084,-1,1078642
171.673769,171.634300,77.223880,100,117,217,15.11463,0.40794,4288,77085923,373779154,-1,1226250
171.752806,171.701200,79.037000,100,117,217,15.11463,0.40794,4152,78930576,373789519,-1,1300822
171.832287,171.784700,79.480380,100,117,217,15.11463,0.40794,4128,78825692,373793823,-1,1374638
171.910582,171.868200,78.295150,100,117,217,15.11463,0.40794,4168,78850500,373778872,-1,1374638
171.990001,171.935000,79.419270,99,118,217,15.11463,0.40794,8556,79578999,373814340,-1,1374638
172.072908,172.018500,82.906390,99,118,217,15.11463,0.40794,5310,82581192,373827362,-1,1410794
172.153152,172.102000,80.244380,99,118,217,15.11463,0.40794,4512,79969654,373733900,-1,1521500
172.236046,172.185500,82.894120,99,118,217,15.11463,0.40794,4208,82799154,372950348,-1,1521486
172.318675,172.269000,82.628690,100,118,218,15.11463,0.40794,5632,82462846,373045795,-1,1596058
172.404727,172.352600,86.052230,100,118,218,15.11463,0.40794,4128,86180269,373032798,-1,1743676
172.488389,172.436100,83.661540,100,118,218,15.11463,0.40794,7792,83490269,373070092,-1,1891286
172.578479,172.519700,90.090190,100,118,218,15.11463,0.40794,4088,90218077,373070182,-1,1853638
172.660881,172.603200,82.402620,100,118,218,15.11463,0.40794,4128,81980269,372822578,-1,1964330
172.748182,172.686700,87.301080,100,118,218,15.11463,0.40794,4208,87384231,372783017,-1,2185742
172.837749,172.787000,89.566080,100,118,218,15.11463,0.40794,4152,89370076,372787576,-1,2334098
172.927938,172.870500,90.189840,99,119,218,15.11463,0.40794,8224,90305039,372800848,-1,2407912
173.020408,172.954000,92.469570,100,119,219,15.11463,0.40794,6830,92584423,373678089,-1,2370266
173.112029,173.054300,91.620810,100,119,219,15.11463,0.40794,5310,90954538,373715936,-1,2370252
173.207586,173.137800,95.557300,100,119,219,15.11463,0.40794,4128,95780538,373702601,-1,2517860
173.299312,173.238100,91.725540,100,119,219,15.11463,0.40794,4208,91908192,373675334,-1,2960684
173.396638,173.338300,97.326230,99,120,219,15.11463,0.40794,8208,97123808,373712497,-1,2813824
173.493577,173.421900,96.938930,99,120,219,15.11463,0.40794,5310,96940923,373728308,-1,2776188
173.593263,173.522200,99.686500,100,120,220,15.11463,0.40794,5608,99657269,374595689,-1,2886880
173.691448,173.622400,98.184810,100,120,220,15.11463,0.40794,4512,97993154,374491069,-1,3182096
173.793027,173.722600,101.578900,100,120,220,15.11463,0.40794,4088,101523230,373698237,-1,3255880
173.895499,173.822900,102.471700,100,120,220,15.11463,0.40794,4248,102220731,373727515,-1,3329684
174.000714,173.923100,105.215600,100,120,220,15.11463,0.40794,7816,104758654,373760034,-1,3404256
174.104699,174.040000,103.985200,100,120,220,15.11463,0.40794,5390,104518807,373728817,-1,3661836
174.213171,174.140300,108.471300,100,120,220,15.11463,0.90905,4128,107418808,373714768,-1,3772508
174.321780,174.240500,108.608800,100,120,220,15.11463,1.41031,4168,107757577,373753823,-1,3846312
174.431043,174.357400,109.263700,100,120,220,15.11463,1.99495,7928,109583693,373782500,-1,3846312
174.542130,174.457700,111.086800,100,120,220,15.11463,2.49620,11836,111105692,373829850,-1,3920904
174.653493,174.574600,111.363200,100,120,220,15.11463,3.08086,4512,110804577,373727266,-1,3883288
174.765591,174.691600,112.097400,100,120,220,15.11463,3.66552,7944,111982423,372903976,-1,4067784
174.879668,174.791800,114.077300,100,120,220,15.11463,4.16653,7808,114663577,372919372,-1,3846372
174.991468,174.908600,111.800200,100,120,220,15.11463,4.75099,4288,111247077,372939490,-1,4067804
175.106510,175.025500,115.041800,100,120,220,15.11463,5.33537,13142,115305808,372896645,-1,4068572
175.221666,175.142400,115.155700,100,120,220,15.11463,5.91972,4168,115165500,372076354,-1,4104760
175.336173,175.259300,114.507500,100,120,220,15.11463,6.50412,7808,114442692,372045152,-1,4215432
175.453468,175.359500,117.294600,100,120,220,15.11463,7.00507,4168,117072077,372045176,-1,4289216
175.570848,175.493000,117.380600,100,120,220,15.11463,7.67287,4248,117375653,372053578,-1,4289216
175.687921,175.609900,117.072200,100,120,220,15.11463,8.25728,7896,116333192,372079257,-1,4363748
175.806471,175.726800,118.550400,100,120,220,15.11463,8.84170,4128,119163346,372047930,-1,4289210
175.923225,175.843700,116.753700,100,120,220,15.11463,9.42619,4168,116552846,372028787,-1,4436764
176.042308,175.960500,119.083700,100,120,220,15.11463,10.01039,4128,118886116,372014315,-1,4399862
176.160696,176.077400,118.387200,100,120,220,15.11463,10.59464,5510,118559692,372031052,-1,4436744
176.278016,176.194200,117.320100,99,121,220,15.11463,11.17897,8208,117353038,372061687,-1,4326806
176.396967,176.311100,118.950800,100,121,221,15.11463,11.76318,6870,118545923,372118908,-1,4141562
176.512369,176.427900,115.402300,100,121,221,15.11463,12.34741,4088,115587347,372088515,-1,4141528
176.628508,176.544800,116.139300,100,121,221,15.11463,12.93159,4128,115647500,372084068,-1,3957018
176.741955,176.661600,113.446700,100,121,221,15.11463,13.51595,4208,113782077,372105710,-1,3846312
176.854512,176.778500,112.556900,100,121,221,15.11463,14.10028,7896,112143231,372127277,-1,3736374
176.964861,176.878700,110.349000,100,121,221,15.11463,14.60127,4128,110276115,372093789,-1,3661836
177.073626,176.995600,108.765500,100,121,221,15.11463,15.18565,4168,108452500,372069140,-1,3477292
177.180474,177.112400,106.847500,100,121,221,15.11463,15.76992,5350,107090462,372061459,-1,3329684
177.286329,177.212600,105.855700,100,121,221,15.11463,15.76992,4288,107077654,372085961,-1,3218978
177.392754,177.312800,106.424400,100,121,221,15.11463,15.76992,4152,105979615,372095257,-1,3256648
177.499454,177.429700,106.700100,99,122,221,15.11463,15.76992,8224,106669039,372109936,-1,3367364
177.606475,177.529800,107.020800,99,122,221,15.11463,15.76992,5310,106843808,372100184,-1,3440424
177.713619,177.646700,107.144700,99,122,221,15.11463,15.76992,4128,107298307,372084267,-1,3735606
177.823853,177.746900,110.233100,99,122,221,15.11463,15.76992,4088,110125116,372083708,-1,3809410
177.933375,177.863700,109.522200,99,122,221,15.11463,15.76992,4632,109577538,372021240,-1,3809410
178.045754,177.963900,112.379200,100,122,222,15.11463,15.76992,5632,112107154,371315760,-1,3847080
178.156214,178.080800,110.460200,100,122,222,15.11463,15.76992,5350,110160923,371298470,-1,3920894
178.269712,178.180900,113.497800,100,122,222,15.11463,15.76992,7792,113816846,371314041,-1,3920894
178.385554,178.297800,115.842300,100,122,222,15.11463,15.76992,4128,115719538,371318428,-1,3957032
178.497218,178.414700,111.663800,100,122,222,15.11463,15.76992,4208,111636846,371322441,-1,4178430
178.613320,178.531500,116.102000,100,122,222,15.11463,15.76992,4192,115843962,371331544,-1,4179198
178.730731,178.648400,117.410800,99,123,222,15.11463,15.76992,8184,117535577,371344811,-1,4253012
178.849624,178.765200,118.893200,99,123,222,15.11463,15.76992,5350,118376153,371340324,-1,4289170
178.966243,178.882100,116.619500,99,123,222,15.11463,15.76992,4088,116969000,371318422,-1,4473666
179.088245,178.998900,122.001300,99,123,222,15.11463,15.76992,4248,121822885,371350485,-1,4584352
179.210236,179.115800,121.991000,100,123,223,15.11463,15.76992,7238,121564808,372144048,-1,4806532
179.333641,179.249400,123.405200,100,123,223,15.11463,15.76992,7832,123826692,371363719,-1,4769640
179.457886,179.366300,124.245300,100,123,223,15.11463,15.76992,4088,123361538,371354533,-1,4990308
179.584549,179.483200,126.663000,100,123,223,15.11463,15.76992,4128,126518962,371323289,-1,4953372
179.710919,179.616700,126.369600,100,123,223,15.11463,15.76992,4248,127123885,371350831,-1,5137882
179.841183,179.750400,130.263900,99,124,223,15.11463,15.76992,8248,127263154,371384719,-1,5249356
179.968404,179.867200,127.220800,99,124,223,15.11463,15.76992,5310,129842577,371371453,-1,5137916
